Date,Year,Month Number,Month,Month Year,Quarter,Year-Month,Day,Weekday,Weekday Number
2000-01-01,2000,1,Jan,Jan 2000,Q1,2000-01,1,Sat,6
2000-01-02,2000,1,Jan,Jan 2000,Q1,2000-01,2,Sun,7
2000-01-03,2000,1,Jan,Jan 2000,Q1,2000-01,3,Mon,1
2000-01-04,2000,1,Jan,Jan 2000,Q1,2000-01,4,Tue,2
2000-01-05,2000,1,Jan,Jan 2000,Q1,2000-01,5,Wed,3
2000-01-06,2000,1,Jan,Jan 2000,Q1,2000-01,6,Thu,4
2000-01-07,2000,1,Jan,Jan 2000,Q1,2000-01,7,Fri,5
2000-01-08,2000,1,Jan,Jan 2000,Q1,2000-01,8,Sat,6
2000-01-09,2000,1,Jan,Jan 2000,Q1,2000-01,9,Sun,7
2000-01-10,2000,1,Jan,Jan 2000,Q1,2000-01,10,Mon,1
2000-01-11,2000,1,Jan,Jan 2000,Q1,2000-01,11,Tue,2
2000-01-12,2000,1,Jan,Jan 2000,Q1,2000-01,12,Wed,3
2000-01-13,2000,1,Jan,Jan 2000,Q1,2000-01,13,Thu,4
2000-01-14,2000,1,Jan,Jan 2000,Q1,2000-01,14,Fri,5
2000-01-15,2000,1,Jan,Jan 2000,Q1,2000-01,15,Sat,6
2000-01-16,2000,1,Jan,Jan 2000,Q1,2000-01,16,Sun,7
2000-01-17,2000,1,Jan,Jan 2000,Q1,2000-01,17,Mon,1
2000-01-18,2000,1,Jan,Jan 2000,Q1,2000-01,18,Tue,2
2000-01-19,2000,1,Jan,Jan 2000,Q1,2000-01,19,Wed,3
2000-01-20,2000,1,Jan,Jan 2000,Q1,2000-01,20,Thu,4
2000-01-21,2000,1,Jan,Jan 2000,Q1,2000-01,21,Fri,5
2000-01-22,2000,1,Jan,Jan 2000,Q1,2000-01,22,Sat,6
2000-01-23,2000,1,Jan,Jan 2000,Q1,2000-01,23,Sun,7
2000-01-24,2000,1,Jan,Jan 2000,Q1,2000-01,24,Mon,1
2000-01-25,2000,1,Jan,Jan 2000,Q1,2000-01,25,Tue,2
2000-01-26,2000,1,Jan,Jan 2000,Q1,2000-01,26,Wed,3
2000-01-27,2000,1,Jan,Jan 2000,Q1,2000-01,27,Thu,4
2000-01-28,2000,1,Jan,Jan 2000,Q1,2000-01,28,Fri,5
2000-01-29,2000,1,Jan,Jan 2000,Q1,2000-01,29,Sat,6
2000-01-30,2000,1,Jan,Jan 2000,Q1,2000-01,30,Sun,7
2000-01-31,2000,1,Jan,Jan 2000,Q1,2000-01,31,Mon,1
2000-02-01,2000,2,Feb,Feb 2000,Q1,2000-02,1,Tue,2
2000-02-02,2000,2,Feb,Feb 2000,Q1,2000-02,2,Wed,3
2000-02-03,2000,2,Feb,Feb 2000,Q1,2000-02,3,Thu,4
2000-02-04,2000,2,Feb,Feb 2000,Q1,2000-02,4,Fri,5
2000-02-05,2000,2,Feb,Feb 2000,Q1,2000-02,5,Sat,6
2000-02-06,2000,2,Feb,Feb 2000,Q1,2000-02,6,Sun,7
2000-02-07,2000,2,Feb,Feb 2000,Q1,2000-02,7,Mon,1
2000-02-08,2000,2,Feb,Feb 2000,Q1,2000-02,8,Tue,2
2000-02-09,2000,2,Feb,Feb 2000,Q1,2000-02,9,Wed,3
2000-02-10,2000,2,Feb,Feb 2000,Q1,2000-02,10,Thu,4
2000-02-11,2000,2,Feb,Feb 2000,Q1,2000-02,11,Fri,5
2000-02-12,2000,2,Feb,Feb 2000,Q1,2000-02,12,Sat,6
2000-02-13,2000,2,Feb,Feb 2000,Q1,2000-02,13,Sun,7
2000-02-14,2000,2,Feb,Feb 2000,Q1,2000-02,14,Mon,1
2000-02-15,2000,2,Feb,Feb 2000,Q1,2000-02,15,Tue,2
2000-02-16,2000,2,Feb,Feb 2000,Q1,2000-02,16,Wed,3
2000-02-17,2000,2,Feb,Feb 2000,Q1,2000-02,17,Thu,4
2000-02-18,2000,2,Feb,Feb 2000,Q1,2000-02,18,Fri,5
2000-02-19,2000,2,Feb,Feb 2000,Q1,2000-02,19,Sat,6
2000-02-20,2000,2,Feb,Feb 2000,Q1,2000-02,20,Sun,7
2000-02-21,2000,2,Feb,Feb 2000,Q1,2000-02,21,Mon,1
2000-02-22,2000,2,Feb,Feb 2000,Q1,2000-02,22,Tue,2
2000-02-23,2000,2,Feb,Feb 2000,Q1,2000-02,23,Wed,3
2000-02-24,2000,2,Feb,Feb 2000,Q1,2000-02,24,Thu,4
2000-02-25,2000,2,Feb,Feb 2000,Q1,2000-02,25,Fri,5
2000-02-26,2000,2,Feb,Feb 2000,Q1,2000-02,26,Sat,6
2000-02-27,2000,2,Feb,Feb 2000,Q1,2000-02,27,Sun,7
2000-02-28,2000,2,Feb,Feb 2000,Q1,2000-02,28,Mon,1
2000-02-29,2000,2,Feb,Feb 2000,Q1,2000-02,29,Tue,2
2000-03-01,2000,3,Mar,Mar 2000,Q1,2000-03,1,Wed,3
2000-03-02,2000,3,Mar,Mar 2000,Q1,2000-03,2,Thu,4
2000-03-03,2000,3,Mar,Mar 2000,Q1,2000-03,3,Fri,5
2000-03-04,2000,3,Mar,Mar 2000,Q1,2000-03,4,Sat,6
2000-03-05,2000,3,Mar,Mar 2000,Q1,2000-03,5,Sun,7
2000-03-06,2000,3,Mar,Mar 2000,Q1,2000-03,6,Mon,1
2000-03-07,2000,3,Mar,Mar 2000,Q1,2000-03,7,Tue,2
2000-03-08,2000,3,Mar,Mar 2000,Q1,2000-03,8,Wed,3
2000-03-09,2000,3,Mar,Mar 2000,Q1,2000-03,9,Thu,4
2000-03-10,2000,3,Mar,Mar 2000,Q1,2000-03,10,Fri,5
2000-03-11,2000,3,Mar,Mar 2000,Q1,2000-03,11,Sat,6
2000-03-12,2000,3,Mar,Mar 2000,Q1,2000-03,12,Sun,7
2000-03-13,2000,3,Mar,Mar 2000,Q1,2000-03,13,Mon,1
2000-03-14,2000,3,Mar,Mar 2000,Q1,2000-03,14,Tue,2
2000-03-15,2000,3,Mar,Mar 2000,Q1,2000-03,15,Wed,3
2000-03-16,2000,3,Mar,Mar 2000,Q1,2000-03,16,Thu,4
2000-03-17,2000,3,Mar,Mar 2000,Q1,2000-03,17,Fri,5
2000-03-18,2000,3,Mar,Mar 2000,Q1,2000-03,18,Sat,6
2000-03-19,2000,3,Mar,Mar 2000,Q1,2000-03,19,Sun,7
2000-03-20,2000,3,Mar,Mar 2000,Q1,2000-03,20,Mon,1
2000-03-21,2000,3,Mar,Mar 2000,Q1,2000-03,21,Tue,2
2000-03-22,2000,3,Mar,Mar 2000,Q1,2000-03,22,Wed,3
2000-03-23,2000,3,Mar,Mar 2000,Q1,2000-03,23,Thu,4
2000-03-24,2000,3,Mar,Mar 2000,Q1,2000-03,24,Fri,5
2000-03-25,2000,3,Mar,Mar 2000,Q1,2000-03,25,Sat,6
2000-03-26,2000,3,Mar,Mar 2000,Q1,2000-03,26,Sun,7
2000-03-27,2000,3,Mar,Mar 2000,Q1,2000-03,27,Mon,1
2000-03-28,2000,3,Mar,Mar 2000,Q1,2000-03,28,Tue,2
2000-03-29,2000,3,Mar,Mar 2000,Q1,2000-03,29,Wed,3
2000-03-30,2000,3,Mar,Mar 2000,Q1,2000-03,30,Thu,4
2000-03-31,2000,3,Mar,Mar 2000,Q1,2000-03,31,Fri,5
2000-04-01,2000,4,Apr,Apr 2000,Q2,2000-04,1,Sat,6
2000-04-02,2000,4,Apr,Apr 2000,Q2,2000-04,2,Sun,7
2000-04-03,2000,4,Apr,Apr 2000,Q2,2000-04,3,Mon,1
2000-04-04,2000,4,Apr,Apr 2000,Q2,2000-04,4,Tue,2
2000-04-05,2000,4,Apr,Apr 2000,Q2,2000-04,5,Wed,3
2000-04-06,2000,4,Apr,Apr 2000,Q2,2000-04,6,Thu,4
2000-04-07,2000,4,Apr,Apr 2000,Q2,2000-04,7,Fri,5
2000-04-08,2000,4,Apr,Apr 2000,Q2,2000-04,8,Sat,6
2000-04-09,2000,4,Apr,Apr 2000,Q2,2000-04,9,Sun,7
2000-04-10,2000,4,Apr,Apr 2000,Q2,2000-04,10,Mon,1
2000-04-11,2000,4,Apr,Apr 2000,Q2,2000-04,11,Tue,2
2000-04-12,2000,4,Apr,Apr 2000,Q2,2000-04,12,Wed,3
2000-04-13,2000,4,Apr,Apr 2000,Q2,2000-04,13,Thu,4
2000-04-14,2000,4,Apr,Apr 2000,Q2,2000-04,14,Fri,5
2000-04-15,2000,4,Apr,Apr 2000,Q2,2000-04,15,Sat,6
2000-04-16,2000,4,Apr,Apr 2000,Q2,2000-04,16,Sun,7
2000-04-17,2000,4,Apr,Apr 2000,Q2,2000-04,17,Mon,1
2000-04-18,2000,4,Apr,Apr 2000,Q2,2000-04,18,Tue,2
2000-04-19,2000,4,Apr,Apr 2000,Q2,2000-04,19,Wed,3
2000-04-20,2000,4,Apr,Apr 2000,Q2,2000-04,20,Thu,4
2000-04-21,2000,4,Apr,Apr 2000,Q2,2000-04,21,Fri,5
2000-04-22,2000,4,Apr,Apr 2000,Q2,2000-04,22,Sat,6
2000-04-23,2000,4,Apr,Apr 2000,Q2,2000-04,23,Sun,7
2000-04-24,2000,4,Apr,Apr 2000,Q2,2000-04,24,Mon,1
2000-04-25,2000,4,Apr,Apr 2000,Q2,2000-04,25,Tue,2
2000-04-26,2000,4,Apr,Apr 2000,Q2,2000-04,26,Wed,3
2000-04-27,2000,4,Apr,Apr 2000,Q2,2000-04,27,Thu,4
2000-04-28,2000,4,Apr,Apr 2000,Q2,2000-04,28,Fri,5
2000-04-29,2000,4,Apr,Apr 2000,Q2,2000-04,29,Sat,6
2000-04-30,2000,4,Apr,Apr 2000,Q2,2000-04,30,Sun,7
2000-05-01,2000,5,May,May 2000,Q2,2000-05,1,Mon,1
2000-05-02,2000,5,May,May 2000,Q2,2000-05,2,Tue,2
2000-05-03,2000,5,May,May 2000,Q2,2000-05,3,Wed,3
2000-05-04,2000,5,May,May 2000,Q2,2000-05,4,Thu,4
2000-05-05,2000,5,May,May 2000,Q2,2000-05,5,Fri,5
2000-05-06,2000,5,May,May 2000,Q2,2000-05,6,Sat,6
2000-05-07,2000,5,May,May 2000,Q2,2000-05,7,Sun,7
2000-05-08,2000,5,May,May 2000,Q2,2000-05,8,Mon,1
2000-05-09,2000,5,May,May 2000,Q2,2000-05,9,Tue,2
2000-05-10,2000,5,May,May 2000,Q2,2000-05,10,Wed,3
2000-05-11,2000,5,May,May 2000,Q2,2000-05,11,Thu,4
2000-05-12,2000,5,May,May 2000,Q2,2000-05,12,Fri,5
2000-05-13,2000,5,May,May 2000,Q2,2000-05,13,Sat,6
2000-05-14,2000,5,May,May 2000,Q2,2000-05,14,Sun,7
2000-05-15,2000,5,May,May 2000,Q2,2000-05,15,Mon,1
2000-05-16,2000,5,May,May 2000,Q2,2000-05,16,Tue,2
2000-05-17,2000,5,May,May 2000,Q2,2000-05,17,Wed,3
2000-05-18,2000,5,May,May 2000,Q2,2000-05,18,Thu,4
2000-05-19,2000,5,May,May 2000,Q2,2000-05,19,Fri,5
2000-05-20,2000,5,May,May 2000,Q2,2000-05,20,Sat,6
2000-05-21,2000,5,May,May 2000,Q2,2000-05,21,Sun,7
2000-05-22,2000,5,May,May 2000,Q2,2000-05,22,Mon,1
2000-05-23,2000,5,May,May 2000,Q2,2000-05,23,Tue,2
2000-05-24,2000,5,May,May 2000,Q2,2000-05,24,Wed,3
2000-05-25,2000,5,May,May 2000,Q2,2000-05,25,Thu,4
2000-05-26,2000,5,May,May 2000,Q2,2000-05,26,Fri,5
2000-05-27,2000,5,May,May 2000,Q2,2000-05,27,Sat,6
2000-05-28,2000,5,May,May 2000,Q2,2000-05,28,Sun,7
2000-05-29,2000,5,May,May 2000,Q2,2000-05,29,Mon,1
2000-05-30,2000,5,May,May 2000,Q2,2000-05,30,Tue,2
2000-05-31,2000,5,May,May 2000,Q2,2000-05,31,Wed,3
2000-06-01,2000,6,Jun,Jun 2000,Q2,2000-06,1,Thu,4
2000-06-02,2000,6,Jun,Jun 2000,Q2,2000-06,2,Fri,5
2000-06-03,2000,6,Jun,Jun 2000,Q2,2000-06,3,Sat,6
2000-06-04,2000,6,Jun,Jun 2000,Q2,2000-06,4,Sun,7
2000-06-05,2000,6,Jun,Jun 2000,Q2,2000-06,5,Mon,1
2000-06-06,2000,6,Jun,Jun 2000,Q2,2000-06,6,Tue,2
2000-06-07,2000,6,Jun,Jun 2000,Q2,2000-06,7,Wed,3
2000-06-08,2000,6,Jun,Jun 2000,Q2,2000-06,8,Thu,4
2000-06-09,2000,6,Jun,Jun 2000,Q2,2000-06,9,Fri,5
2000-06-10,2000,6,Jun,Jun 2000,Q2,2000-06,10,Sat,6
2000-06-11,2000,6,Jun,Jun 2000,Q2,2000-06,11,Sun,7
2000-06-12,2000,6,Jun,Jun 2000,Q2,2000-06,12,Mon,1
2000-06-13,2000,6,Jun,Jun 2000,Q2,2000-06,13,Tue,2
2000-06-14,2000,6,Jun,Jun 2000,Q2,2000-06,14,Wed,3
2000-06-15,2000,6,Jun,Jun 2000,Q2,2000-06,15,Thu,4
2000-06-16,2000,6,Jun,Jun 2000,Q2,2000-06,16,Fri,5
2000-06-17,2000,6,Jun,Jun 2000,Q2,2000-06,17,Sat,6
2000-06-18,2000,6,Jun,Jun 2000,Q2,2000-06,18,Sun,7
2000-06-19,2000,6,Jun,Jun 2000,Q2,2000-06,19,Mon,1
2000-06-20,2000,6,Jun,Jun 2000,Q2,2000-06,20,Tue,2
2000-06-21,2000,6,Jun,Jun 2000,Q2,2000-06,21,Wed,3
2000-06-22,2000,6,Jun,Jun 2000,Q2,2000-06,22,Thu,4
2000-06-23,2000,6,Jun,Jun 2000,Q2,2000-06,23,Fri,5
2000-06-24,2000,6,Jun,Jun 2000,Q2,2000-06,24,Sat,6
2000-06-25,2000,6,Jun,Jun 2000,Q2,2000-06,25,Sun,7
2000-06-26,2000,6,Jun,Jun 2000,Q2,2000-06,26,Mon,1
2000-06-27,2000,6,Jun,Jun 2000,Q2,2000-06,27,Tue,2
2000-06-28,2000,6,Jun,Jun 2000,Q2,2000-06,28,Wed,3
2000-06-29,2000,6,Jun,Jun 2000,Q2,2000-06,29,Thu,4
2000-06-30,2000,6,Jun,Jun 2000,Q2,2000-06,30,Fri,5
2000-07-01,2000,7,Jul,Jul 2000,Q3,2000-07,1,Sat,6
2000-07-02,2000,7,Jul,Jul 2000,Q3,2000-07,2,Sun,7
2000-07-03,2000,7,Jul,Jul 2000,Q3,2000-07,3,Mon,1
2000-07-04,2000,7,Jul,Jul 2000,Q3,2000-07,4,Tue,2
2000-07-05,2000,7,Jul,Jul 2000,Q3,2000-07,5,Wed,3
2000-07-06,2000,7,Jul,Jul 2000,Q3,2000-07,6,Thu,4
2000-07-07,2000,7,Jul,Jul 2000,Q3,2000-07,7,Fri,5
2000-07-08,2000,7,Jul,Jul 2000,Q3,2000-07,8,Sat,6
2000-07-09,2000,7,Jul,Jul 2000,Q3,2000-07,9,Sun,7
2000-07-10,2000,7,Jul,Jul 2000,Q3,2000-07,10,Mon,1
2000-07-11,2000,7,Jul,Jul 2000,Q3,2000-07,11,Tue,2
2000-07-12,2000,7,Jul,Jul 2000,Q3,2000-07,12,Wed,3
2000-07-13,2000,7,Jul,Jul 2000,Q3,2000-07,13,Thu,4
2000-07-14,2000,7,Jul,Jul 2000,Q3,2000-07,14,Fri,5
2000-07-15,2000,7,Jul,Jul 2000,Q3,2000-07,15,Sat,6
2000-07-16,2000,7,Jul,Jul 2000,Q3,2000-07,16,Sun,7
2000-07-17,2000,7,Jul,Jul 2000,Q3,2000-07,17,Mon,1
2000-07-18,2000,7,Jul,Jul 2000,Q3,2000-07,18,Tue,2
2000-07-19,2000,7,Jul,Jul 2000,Q3,2000-07,19,Wed,3
2000-07-20,2000,7,Jul,Jul 2000,Q3,2000-07,20,Thu,4
2000-07-21,2000,7,Jul,Jul 2000,Q3,2000-07,21,Fri,5
2000-07-22,2000,7,Jul,Jul 2000,Q3,2000-07,22,Sat,6
2000-07-23,2000,7,Jul,Jul 2000,Q3,2000-07,23,Sun,7
2000-07-24,2000,7,Jul,Jul 2000,Q3,2000-07,24,Mon,1
2000-07-25,2000,7,Jul,Jul 2000,Q3,2000-07,25,Tue,2
2000-07-26,2000,7,Jul,Jul 2000,Q3,2000-07,26,Wed,3
2000-07-27,2000,7,Jul,Jul 2000,Q3,2000-07,27,Thu,4
2000-07-28,2000,7,Jul,Jul 2000,Q3,2000-07,28,Fri,5
2000-07-29,2000,7,Jul,Jul 2000,Q3,2000-07,29,Sat,6
2000-07-30,2000,7,Jul,Jul 2000,Q3,2000-07,30,Sun,7
2000-07-31,2000,7,Jul,Jul 2000,Q3,2000-07,31,Mon,1
2000-08-01,2000,8,Aug,Aug 2000,Q3,2000-08,1,Tue,2
2000-08-02,2000,8,Aug,Aug 2000,Q3,2000-08,2,Wed,3
2000-08-03,2000,8,Aug,Aug 2000,Q3,2000-08,3,Thu,4
2000-08-04,2000,8,Aug,Aug 2000,Q3,2000-08,4,Fri,5
2000-08-05,2000,8,Aug,Aug 2000,Q3,2000-08,5,Sat,6
2000-08-06,2000,8,Aug,Aug 2000,Q3,2000-08,6,Sun,7
2000-08-07,2000,8,Aug,Aug 2000,Q3,2000-08,7,Mon,1
2000-08-08,2000,8,Aug,Aug 2000,Q3,2000-08,8,Tue,2
2000-08-09,2000,8,Aug,Aug 2000,Q3,2000-08,9,Wed,3
2000-08-10,2000,8,Aug,Aug 2000,Q3,2000-08,10,Thu,4
2000-08-11,2000,8,Aug,Aug 2000,Q3,2000-08,11,Fri,5
2000-08-12,2000,8,Aug,Aug 2000,Q3,2000-08,12,Sat,6
2000-08-13,2000,8,Aug,Aug 2000,Q3,2000-08,13,Sun,7
2000-08-14,2000,8,Aug,Aug 2000,Q3,2000-08,14,Mon,1
2000-08-15,2000,8,Aug,Aug 2000,Q3,2000-08,15,Tue,2
2000-08-16,2000,8,Aug,Aug 2000,Q3,2000-08,16,Wed,3
2000-08-17,2000,8,Aug,Aug 2000,Q3,2000-08,17,Thu,4
2000-08-18,2000,8,Aug,Aug 2000,Q3,2000-08,18,Fri,5
2000-08-19,2000,8,Aug,Aug 2000,Q3,2000-08,19,Sat,6
2000-08-20,2000,8,Aug,Aug 2000,Q3,2000-08,20,Sun,7
2000-08-21,2000,8,Aug,Aug 2000,Q3,2000-08,21,Mon,1
2000-08-22,2000,8,Aug,Aug 2000,Q3,2000-08,22,Tue,2
2000-08-23,2000,8,Aug,Aug 2000,Q3,2000-08,23,Wed,3
2000-08-24,2000,8,Aug,Aug 2000,Q3,2000-08,24,Thu,4
2000-08-25,2000,8,Aug,Aug 2000,Q3,2000-08,25,Fri,5
2000-08-26,2000,8,Aug,Aug 2000,Q3,2000-08,26,Sat,6
2000-08-27,2000,8,Aug,Aug 2000,Q3,2000-08,27,Sun,7
2000-08-28,2000,8,Aug,Aug 2000,Q3,2000-08,28,Mon,1
2000-08-29,2000,8,Aug,Aug 2000,Q3,2000-08,29,Tue,2
2000-08-30,2000,8,Aug,Aug 2000,Q3,2000-08,30,Wed,3
2000-08-31,2000,8,Aug,Aug 2000,Q3,2000-08,31,Thu,4
2000-09-01,2000,9,Sep,Sep 2000,Q3,2000-09,1,Fri,5
2000-09-02,2000,9,Sep,Sep 2000,Q3,2000-09,2,Sat,6
2000-09-03,2000,9,Sep,Sep 2000,Q3,2000-09,3,Sun,7
2000-09-04,2000,9,Sep,Sep 2000,Q3,2000-09,4,Mon,1
2000-09-05,2000,9,Sep,Sep 2000,Q3,2000-09,5,Tue,2
2000-09-06,2000,9,Sep,Sep 2000,Q3,2000-09,6,Wed,3
2000-09-07,2000,9,Sep,Sep 2000,Q3,2000-09,7,Thu,4
2000-09-08,2000,9,Sep,Sep 2000,Q3,2000-09,8,Fri,5
2000-09-09,2000,9,Sep,Sep 2000,Q3,2000-09,9,Sat,6
2000-09-10,2000,9,Sep,Sep 2000,Q3,2000-09,10,Sun,7
2000-09-11,2000,9,Sep,Sep 2000,Q3,2000-09,11,Mon,1
2000-09-12,2000,9,Sep,Sep 2000,Q3,2000-09,12,Tue,2
2000-09-13,2000,9,Sep,Sep 2000,Q3,2000-09,13,Wed,3
2000-09-14,2000,9,Sep,Sep 2000,Q3,2000-09,14,Thu,4
2000-09-15,2000,9,Sep,Sep 2000,Q3,2000-09,15,Fri,5
2000-09-16,2000,9,Sep,Sep 2000,Q3,2000-09,16,Sat,6
2000-09-17,2000,9,Sep,Sep 2000,Q3,2000-09,17,Sun,7
2000-09-18,2000,9,Sep,Sep 2000,Q3,2000-09,18,Mon,1
2000-09-19,2000,9,Sep,Sep 2000,Q3,2000-09,19,Tue,2
2000-09-20,2000,9,Sep,Sep 2000,Q3,2000-09,20,Wed,3
2000-09-21,2000,9,Sep,Sep 2000,Q3,2000-09,21,Thu,4
2000-09-22,2000,9,Sep,Sep 2000,Q3,2000-09,22,Fri,5
2000-09-23,2000,9,Sep,Sep 2000,Q3,2000-09,23,Sat,6
2000-09-24,2000,9,Sep,Sep 2000,Q3,2000-09,24,Sun,7
2000-09-25,2000,9,Sep,Sep 2000,Q3,2000-09,25,Mon,1
2000-09-26,2000,9,Sep,Sep 2000,Q3,2000-09,26,Tue,2
2000-09-27,2000,9,Sep,Sep 2000,Q3,2000-09,27,Wed,3
2000-09-28,2000,9,Sep,Sep 2000,Q3,2000-09,28,Thu,4
2000-09-29,2000,9,Sep,Sep 2000,Q3,2000-09,29,Fri,5
2000-09-30,2000,9,Sep,Sep 2000,Q3,2000-09,30,Sat,6
2000-10-01,2000,10,Oct,Oct 2000,Q4,2000-10,1,Sun,7
2000-10-02,2000,10,Oct,Oct 2000,Q4,2000-10,2,Mon,1
2000-10-03,2000,10,Oct,Oct 2000,Q4,2000-10,3,Tue,2
2000-10-04,2000,10,Oct,Oct 2000,Q4,2000-10,4,Wed,3
2000-10-05,2000,10,Oct,Oct 2000,Q4,2000-10,5,Thu,4
2000-10-06,2000,10,Oct,Oct 2000,Q4,2000-10,6,Fri,5
2000-10-07,2000,10,Oct,Oct 2000,Q4,2000-10,7,Sat,6
2000-10-08,2000,10,Oct,Oct 2000,Q4,2000-10,8,Sun,7
2000-10-09,2000,10,Oct,Oct 2000,Q4,2000-10,9,Mon,1
2000-10-10,2000,10,Oct,Oct 2000,Q4,2000-10,10,Tue,2
2000-10-11,2000,10,Oct,Oct 2000,Q4,2000-10,11,Wed,3
2000-10-12,2000,10,Oct,Oct 2000,Q4,2000-10,12,Thu,4
2000-10-13,2000,10,Oct,Oct 2000,Q4,2000-10,13,Fri,5
2000-10-14,2000,10,Oct,Oct 2000,Q4,2000-10,14,Sat,6
2000-10-15,2000,10,Oct,Oct 2000,Q4,2000-10,15,Sun,7
2000-10-16,2000,10,Oct,Oct 2000,Q4,2000-10,16,Mon,1
2000-10-17,2000,10,Oct,Oct 2000,Q4,2000-10,17,Tue,2
2000-10-18,2000,10,Oct,Oct 2000,Q4,2000-10,18,Wed,3
2000-10-19,2000,10,Oct,Oct 2000,Q4,2000-10,19,Thu,4
2000-10-20,2000,10,Oct,Oct 2000,Q4,2000-10,20,Fri,5
2000-10-21,2000,10,Oct,Oct 2000,Q4,2000-10,21,Sat,6
2000-10-22,2000,10,Oct,Oct 2000,Q4,2000-10,22,Sun,7
2000-10-23,2000,10,Oct,Oct 2000,Q4,2000-10,23,Mon,1
2000-10-24,2000,10,Oct,Oct 2000,Q4,2000-10,24,Tue,2
2000-10-25,2000,10,Oct,Oct 2000,Q4,2000-10,25,Wed,3
2000-10-26,2000,10,Oct,Oct 2000,Q4,2000-10,26,Thu,4
2000-10-27,2000,10,Oct,Oct 2000,Q4,2000-10,27,Fri,5
2000-10-28,2000,10,Oct,Oct 2000,Q4,2000-10,28,Sat,6
2000-10-29,2000,10,Oct,Oct 2000,Q4,2000-10,29,Sun,7
2000-10-30,2000,10,Oct,Oct 2000,Q4,2000-10,30,Mon,1
2000-10-31,2000,10,Oct,Oct 2000,Q4,2000-10,31,Tue,2
2000-11-01,2000,11,Nov,Nov 2000,Q4,2000-11,1,Wed,3
2000-11-02,2000,11,Nov,Nov 2000,Q4,2000-11,2,Thu,4
2000-11-03,2000,11,Nov,Nov 2000,Q4,2000-11,3,Fri,5
2000-11-04,2000,11,Nov,Nov 2000,Q4,2000-11,4,Sat,6
2000-11-05,2000,11,Nov,Nov 2000,Q4,2000-11,5,Sun,7
2000-11-06,2000,11,Nov,Nov 2000,Q4,2000-11,6,Mon,1
2000-11-07,2000,11,Nov,Nov 2000,Q4,2000-11,7,Tue,2
2000-11-08,2000,11,Nov,Nov 2000,Q4,2000-11,8,Wed,3
2000-11-09,2000,11,Nov,Nov 2000,Q4,2000-11,9,Thu,4
2000-11-10,2000,11,Nov,Nov 2000,Q4,2000-11,10,Fri,5
2000-11-11,2000,11,Nov,Nov 2000,Q4,2000-11,11,Sat,6
2000-11-12,2000,11,Nov,Nov 2000,Q4,2000-11,12,Sun,7
2000-11-13,2000,11,Nov,Nov 2000,Q4,2000-11,13,Mon,1
2000-11-14,2000,11,Nov,Nov 2000,Q4,2000-11,14,Tue,2
2000-11-15,2000,11,Nov,Nov 2000,Q4,2000-11,15,Wed,3
2000-11-16,2000,11,Nov,Nov 2000,Q4,2000-11,16,Thu,4
2000-11-17,2000,11,Nov,Nov 2000,Q4,2000-11,17,Fri,5
2000-11-18,2000,11,Nov,Nov 2000,Q4,2000-11,18,Sat,6
2000-11-19,2000,11,Nov,Nov 2000,Q4,2000-11,19,Sun,7
2000-11-20,2000,11,Nov,Nov 2000,Q4,2000-11,20,Mon,1
2000-11-21,2000,11,Nov,Nov 2000,Q4,2000-11,21,Tue,2
2000-11-22,2000,11,Nov,Nov 2000,Q4,2000-11,22,Wed,3
2000-11-23,2000,11,Nov,Nov 2000,Q4,2000-11,23,Thu,4
2000-11-24,2000,11,Nov,Nov 2000,Q4,2000-11,24,Fri,5
2000-11-25,2000,11,Nov,Nov 2000,Q4,2000-11,25,Sat,6
2000-11-26,2000,11,Nov,Nov 2000,Q4,2000-11,26,Sun,7
2000-11-27,2000,11,Nov,Nov 2000,Q4,2000-11,27,Mon,1
2000-11-28,2000,11,Nov,Nov 2000,Q4,2000-11,28,Tue,2
2000-11-29,2000,11,Nov,Nov 2000,Q4,2000-11,29,Wed,3
2000-11-30,2000,11,Nov,Nov 2000,Q4,2000-11,30,Thu,4
2000-12-01,2000,12,Dec,Dec 2000,Q4,2000-12,1,Fri,5
2000-12-02,2000,12,Dec,Dec 2000,Q4,2000-12,2,Sat,6
2000-12-03,2000,12,Dec,Dec 2000,Q4,2000-12,3,Sun,7
2000-12-04,2000,12,Dec,Dec 2000,Q4,2000-12,4,Mon,1
2000-12-05,2000,12,Dec,Dec 2000,Q4,2000-12,5,Tue,2
2000-12-06,2000,12,Dec,Dec 2000,Q4,2000-12,6,Wed,3
2000-12-07,2000,12,Dec,Dec 2000,Q4,2000-12,7,Thu,4
2000-12-08,2000,12,Dec,Dec 2000,Q4,2000-12,8,Fri,5
2000-12-09,2000,12,Dec,Dec 2000,Q4,2000-12,9,Sat,6
2000-12-10,2000,12,Dec,Dec 2000,Q4,2000-12,10,Sun,7
2000-12-11,2000,12,Dec,Dec 2000,Q4,2000-12,11,Mon,1
2000-12-12,2000,12,Dec,Dec 2000,Q4,2000-12,12,Tue,2
2000-12-13,2000,12,Dec,Dec 2000,Q4,2000-12,13,Wed,3
2000-12-14,2000,12,Dec,Dec 2000,Q4,2000-12,14,Thu,4
2000-12-15,2000,12,Dec,Dec 2000,Q4,2000-12,15,Fri,5
2000-12-16,2000,12,Dec,Dec 2000,Q4,2000-12,16,Sat,6
2000-12-17,2000,12,Dec,Dec 2000,Q4,2000-12,17,Sun,7
2000-12-18,2000,12,Dec,Dec 2000,Q4,2000-12,18,Mon,1
2000-12-19,2000,12,Dec,Dec 2000,Q4,2000-12,19,Tue,2
2000-12-20,2000,12,Dec,Dec 2000,Q4,2000-12,20,Wed,3
2000-12-21,2000,12,Dec,Dec 2000,Q4,2000-12,21,Thu,4
2000-12-22,2000,12,Dec,Dec 2000,Q4,2000-12,22,Fri,5
2000-12-23,2000,12,Dec,Dec 2000,Q4,2000-12,23,Sat,6
2000-12-24,2000,12,Dec,Dec 2000,Q4,2000-12,24,Sun,7
2000-12-25,2000,12,Dec,Dec 2000,Q4,2000-12,25,Mon,1
2000-12-26,2000,12,Dec,Dec 2000,Q4,2000-12,26,Tue,2
2000-12-27,2000,12,Dec,Dec 2000,Q4,2000-12,27,Wed,3
2000-12-28,2000,12,Dec,Dec 2000,Q4,2000-12,28,Thu,4
2000-12-29,2000,12,Dec,Dec 2000,Q4,2000-12,29,Fri,5
2000-12-30,2000,12,Dec,Dec 2000,Q4,2000-12,30,Sat,6
2000-12-31,2000,12,Dec,Dec 2000,Q4,2000-12,31,Sun,7
2001-01-01,2001,1,Jan,Jan 2001,Q1,2001-01,1,Mon,1
2001-01-02,2001,1,Jan,Jan 2001,Q1,2001-01,2,Tue,2
2001-01-03,2001,1,Jan,Jan 2001,Q1,2001-01,3,Wed,3
2001-01-04,2001,1,Jan,Jan 2001,Q1,2001-01,4,Thu,4
2001-01-05,2001,1,Jan,Jan 2001,Q1,2001-01,5,Fri,5
2001-01-06,2001,1,Jan,Jan 2001,Q1,2001-01,6,Sat,6
2001-01-07,2001,1,Jan,Jan 2001,Q1,2001-01,7,Sun,7
2001-01-08,2001,1,Jan,Jan 2001,Q1,2001-01,8,Mon,1
2001-01-09,2001,1,Jan,Jan 2001,Q1,2001-01,9,Tue,2
2001-01-10,2001,1,Jan,Jan 2001,Q1,2001-01,10,Wed,3
2001-01-11,2001,1,Jan,Jan 2001,Q1,2001-01,11,Thu,4
2001-01-12,2001,1,Jan,Jan 2001,Q1,2001-01,12,Fri,5
2001-01-13,2001,1,Jan,Jan 2001,Q1,2001-01,13,Sat,6
2001-01-14,2001,1,Jan,Jan 2001,Q1,2001-01,14,Sun,7
2001-01-15,2001,1,Jan,Jan 2001,Q1,2001-01,15,Mon,1
2001-01-16,2001,1,Jan,Jan 2001,Q1,2001-01,16,Tue,2
2001-01-17,2001,1,Jan,Jan 2001,Q1,2001-01,17,Wed,3
2001-01-18,2001,1,Jan,Jan 2001,Q1,2001-01,18,Thu,4
2001-01-19,2001,1,Jan,Jan 2001,Q1,2001-01,19,Fri,5
2001-01-20,2001,1,Jan,Jan 2001,Q1,2001-01,20,Sat,6
2001-01-21,2001,1,Jan,Jan 2001,Q1,2001-01,21,Sun,7
2001-01-22,2001,1,Jan,Jan 2001,Q1,2001-01,22,Mon,1
2001-01-23,2001,1,Jan,Jan 2001,Q1,2001-01,23,Tue,2
2001-01-24,2001,1,Jan,Jan 2001,Q1,2001-01,24,Wed,3
2001-01-25,2001,1,Jan,Jan 2001,Q1,2001-01,25,Thu,4
2001-01-26,2001,1,Jan,Jan 2001,Q1,2001-01,26,Fri,5
2001-01-27,2001,1,Jan,Jan 2001,Q1,2001-01,27,Sat,6
2001-01-28,2001,1,Jan,Jan 2001,Q1,2001-01,28,Sun,7
2001-01-29,2001,1,Jan,Jan 2001,Q1,2001-01,29,Mon,1
2001-01-30,2001,1,Jan,Jan 2001,Q1,2001-01,30,Tue,2
2001-01-31,2001,1,Jan,Jan 2001,Q1,2001-01,31,Wed,3
2001-02-01,2001,2,Feb,Feb 2001,Q1,2001-02,1,Thu,4
2001-02-02,2001,2,Feb,Feb 2001,Q1,2001-02,2,Fri,5
2001-02-03,2001,2,Feb,Feb 2001,Q1,2001-02,3,Sat,6
2001-02-04,2001,2,Feb,Feb 2001,Q1,2001-02,4,Sun,7
2001-02-05,2001,2,Feb,Feb 2001,Q1,2001-02,5,Mon,1
2001-02-06,2001,2,Feb,Feb 2001,Q1,2001-02,6,Tue,2
2001-02-07,2001,2,Feb,Feb 2001,Q1,2001-02,7,Wed,3
2001-02-08,2001,2,Feb,Feb 2001,Q1,2001-02,8,Thu,4
2001-02-09,2001,2,Feb,Feb 2001,Q1,2001-02,9,Fri,5
2001-02-10,2001,2,Feb,Feb 2001,Q1,2001-02,10,Sat,6
2001-02-11,2001,2,Feb,Feb 2001,Q1,2001-02,11,Sun,7
2001-02-12,2001,2,Feb,Feb 2001,Q1,2001-02,12,Mon,1
2001-02-13,2001,2,Feb,Feb 2001,Q1,2001-02,13,Tue,2
2001-02-14,2001,2,Feb,Feb 2001,Q1,2001-02,14,Wed,3
2001-02-15,2001,2,Feb,Feb 2001,Q1,2001-02,15,Thu,4
2001-02-16,2001,2,Feb,Feb 2001,Q1,2001-02,16,Fri,5
2001-02-17,2001,2,Feb,Feb 2001,Q1,2001-02,17,Sat,6
2001-02-18,2001,2,Feb,Feb 2001,Q1,2001-02,18,Sun,7
2001-02-19,2001,2,Feb,Feb 2001,Q1,2001-02,19,Mon,1
2001-02-20,2001,2,Feb,Feb 2001,Q1,2001-02,20,Tue,2
2001-02-21,2001,2,Feb,Feb 2001,Q1,2001-02,21,Wed,3
2001-02-22,2001,2,Feb,Feb 2001,Q1,2001-02,22,Thu,4
2001-02-23,2001,2,Feb,Feb 2001,Q1,2001-02,23,Fri,5
2001-02-24,2001,2,Feb,Feb 2001,Q1,2001-02,24,Sat,6
2001-02-25,2001,2,Feb,Feb 2001,Q1,2001-02,25,Sun,7
2001-02-26,2001,2,Feb,Feb 2001,Q1,2001-02,26,Mon,1
2001-02-27,2001,2,Feb,Feb 2001,Q1,2001-02,27,Tue,2
2001-02-28,2001,2,Feb,Feb 2001,Q1,2001-02,28,Wed,3
2001-03-01,2001,3,Mar,Mar 2001,Q1,2001-03,1,Thu,4
2001-03-02,2001,3,Mar,Mar 2001,Q1,2001-03,2,Fri,5
2001-03-03,2001,3,Mar,Mar 2001,Q1,2001-03,3,Sat,6
2001-03-04,2001,3,Mar,Mar 2001,Q1,2001-03,4,Sun,7
2001-03-05,2001,3,Mar,Mar 2001,Q1,2001-03,5,Mon,1
2001-03-06,2001,3,Mar,Mar 2001,Q1,2001-03,6,Tue,2
2001-03-07,2001,3,Mar,Mar 2001,Q1,2001-03,7,Wed,3
2001-03-08,2001,3,Mar,Mar 2001,Q1,2001-03,8,Thu,4
2001-03-09,2001,3,Mar,Mar 2001,Q1,2001-03,9,Fri,5
2001-03-10,2001,3,Mar,Mar 2001,Q1,2001-03,10,Sat,6
2001-03-11,2001,3,Mar,Mar 2001,Q1,2001-03,11,Sun,7
2001-03-12,2001,3,Mar,Mar 2001,Q1,2001-03,12,Mon,1
2001-03-13,2001,3,Mar,Mar 2001,Q1,2001-03,13,Tue,2
2001-03-14,2001,3,Mar,Mar 2001,Q1,2001-03,14,Wed,3
2001-03-15,2001,3,Mar,Mar 2001,Q1,2001-03,15,Thu,4
2001-03-16,2001,3,Mar,Mar 2001,Q1,2001-03,16,Fri,5
2001-03-17,2001,3,Mar,Mar 2001,Q1,2001-03,17,Sat,6
2001-03-18,2001,3,Mar,Mar 2001,Q1,2001-03,18,Sun,7
2001-03-19,2001,3,Mar,Mar 2001,Q1,2001-03,19,Mon,1
2001-03-20,2001,3,Mar,Mar 2001,Q1,2001-03,20,Tue,2
2001-03-21,2001,3,Mar,Mar 2001,Q1,2001-03,21,Wed,3
2001-03-22,2001,3,Mar,Mar 2001,Q1,2001-03,22,Thu,4
2001-03-23,2001,3,Mar,Mar 2001,Q1,2001-03,23,Fri,5
2001-03-24,2001,3,Mar,Mar 2001,Q1,2001-03,24,Sat,6
2001-03-25,2001,3,Mar,Mar 2001,Q1,2001-03,25,Sun,7
2001-03-26,2001,3,Mar,Mar 2001,Q1,2001-03,26,Mon,1
2001-03-27,2001,3,Mar,Mar 2001,Q1,2001-03,27,Tue,2
2001-03-28,2001,3,Mar,Mar 2001,Q1,2001-03,28,Wed,3
2001-03-29,2001,3,Mar,Mar 2001,Q1,2001-03,29,Thu,4
2001-03-30,2001,3,Mar,Mar 2001,Q1,2001-03,30,Fri,5
2001-03-31,2001,3,Mar,Mar 2001,Q1,2001-03,31,Sat,6
2001-04-01,2001,4,Apr,Apr 2001,Q2,2001-04,1,Sun,7
2001-04-02,2001,4,Apr,Apr 2001,Q2,2001-04,2,Mon,1
2001-04-03,2001,4,Apr,Apr 2001,Q2,2001-04,3,Tue,2
2001-04-04,2001,4,Apr,Apr 2001,Q2,2001-04,4,Wed,3
2001-04-05,2001,4,Apr,Apr 2001,Q2,2001-04,5,Thu,4
2001-04-06,2001,4,Apr,Apr 2001,Q2,2001-04,6,Fri,5
2001-04-07,2001,4,Apr,Apr 2001,Q2,2001-04,7,Sat,6
2001-04-08,2001,4,Apr,Apr 2001,Q2,2001-04,8,Sun,7
2001-04-09,2001,4,Apr,Apr 2001,Q2,2001-04,9,Mon,1
2001-04-10,2001,4,Apr,Apr 2001,Q2,2001-04,10,Tue,2
2001-04-11,2001,4,Apr,Apr 2001,Q2,2001-04,11,Wed,3
2001-04-12,2001,4,Apr,Apr 2001,Q2,2001-04,12,Thu,4
2001-04-13,2001,4,Apr,Apr 2001,Q2,2001-04,13,Fri,5
2001-04-14,2001,4,Apr,Apr 2001,Q2,2001-04,14,Sat,6
2001-04-15,2001,4,Apr,Apr 2001,Q2,2001-04,15,Sun,7
2001-04-16,2001,4,Apr,Apr 2001,Q2,2001-04,16,Mon,1
2001-04-17,2001,4,Apr,Apr 2001,Q2,2001-04,17,Tue,2
2001-04-18,2001,4,Apr,Apr 2001,Q2,2001-04,18,Wed,3
2001-04-19,2001,4,Apr,Apr 2001,Q2,2001-04,19,Thu,4
2001-04-20,2001,4,Apr,Apr 2001,Q2,2001-04,20,Fri,5
2001-04-21,2001,4,Apr,Apr 2001,Q2,2001-04,21,Sat,6
2001-04-22,2001,4,Apr,Apr 2001,Q2,2001-04,22,Sun,7
2001-04-23,2001,4,Apr,Apr 2001,Q2,2001-04,23,Mon,1
2001-04-24,2001,4,Apr,Apr 2001,Q2,2001-04,24,Tue,2
2001-04-25,2001,4,Apr,Apr 2001,Q2,2001-04,25,Wed,3
2001-04-26,2001,4,Apr,Apr 2001,Q2,2001-04,26,Thu,4
2001-04-27,2001,4,Apr,Apr 2001,Q2,2001-04,27,Fri,5
2001-04-28,2001,4,Apr,Apr 2001,Q2,2001-04,28,Sat,6
2001-04-29,2001,4,Apr,Apr 2001,Q2,2001-04,29,Sun,7
2001-04-30,2001,4,Apr,Apr 2001,Q2,2001-04,30,Mon,1
2001-05-01,2001,5,May,May 2001,Q2,2001-05,1,Tue,2
2001-05-02,2001,5,May,May 2001,Q2,2001-05,2,Wed,3
2001-05-03,2001,5,May,May 2001,Q2,2001-05,3,Thu,4
2001-05-04,2001,5,May,May 2001,Q2,2001-05,4,Fri,5
2001-05-05,2001,5,May,May 2001,Q2,2001-05,5,Sat,6
2001-05-06,2001,5,May,May 2001,Q2,2001-05,6,Sun,7
2001-05-07,2001,5,May,May 2001,Q2,2001-05,7,Mon,1
2001-05-08,2001,5,May,May 2001,Q2,2001-05,8,Tue,2
2001-05-09,2001,5,May,May 2001,Q2,2001-05,9,Wed,3
2001-05-10,2001,5,May,May 2001,Q2,2001-05,10,Thu,4
2001-05-11,2001,5,May,May 2001,Q2,2001-05,11,Fri,5
2001-05-12,2001,5,May,May 2001,Q2,2001-05,12,Sat,6
2001-05-13,2001,5,May,May 2001,Q2,2001-05,13,Sun,7
2001-05-14,2001,5,May,May 2001,Q2,2001-05,14,Mon,1
2001-05-15,2001,5,May,May 2001,Q2,2001-05,15,Tue,2
2001-05-16,2001,5,May,May 2001,Q2,2001-05,16,Wed,3
2001-05-17,2001,5,May,May 2001,Q2,2001-05,17,Thu,4
2001-05-18,2001,5,May,May 2001,Q2,2001-05,18,Fri,5
2001-05-19,2001,5,May,May 2001,Q2,2001-05,19,Sat,6
2001-05-20,2001,5,May,May 2001,Q2,2001-05,20,Sun,7
2001-05-21,2001,5,May,May 2001,Q2,2001-05,21,Mon,1
2001-05-22,2001,5,May,May 2001,Q2,2001-05,22,Tue,2
2001-05-23,2001,5,May,May 2001,Q2,2001-05,23,Wed,3
2001-05-24,2001,5,May,May 2001,Q2,2001-05,24,Thu,4
2001-05-25,2001,5,May,May 2001,Q2,2001-05,25,Fri,5
2001-05-26,2001,5,May,May 2001,Q2,2001-05,26,Sat,6
2001-05-27,2001,5,May,May 2001,Q2,2001-05,27,Sun,7
2001-05-28,2001,5,May,May 2001,Q2,2001-05,28,Mon,1
2001-05-29,2001,5,May,May 2001,Q2,2001-05,29,Tue,2
2001-05-30,2001,5,May,May 2001,Q2,2001-05,30,Wed,3
2001-05-31,2001,5,May,May 2001,Q2,2001-05,31,Thu,4
2001-06-01,2001,6,Jun,Jun 2001,Q2,2001-06,1,Fri,5
2001-06-02,2001,6,Jun,Jun 2001,Q2,2001-06,2,Sat,6
2001-06-03,2001,6,Jun,Jun 2001,Q2,2001-06,3,Sun,7
2001-06-04,2001,6,Jun,Jun 2001,Q2,2001-06,4,Mon,1
2001-06-05,2001,6,Jun,Jun 2001,Q2,2001-06,5,Tue,2
2001-06-06,2001,6,Jun,Jun 2001,Q2,2001-06,6,Wed,3
2001-06-07,2001,6,Jun,Jun 2001,Q2,2001-06,7,Thu,4
2001-06-08,2001,6,Jun,Jun 2001,Q2,2001-06,8,Fri,5
2001-06-09,2001,6,Jun,Jun 2001,Q2,2001-06,9,Sat,6
2001-06-10,2001,6,Jun,Jun 2001,Q2,2001-06,10,Sun,7
2001-06-11,2001,6,Jun,Jun 2001,Q2,2001-06,11,Mon,1
2001-06-12,2001,6,Jun,Jun 2001,Q2,2001-06,12,Tue,2
2001-06-13,2001,6,Jun,Jun 2001,Q2,2001-06,13,Wed,3
2001-06-14,2001,6,Jun,Jun 2001,Q2,2001-06,14,Thu,4
2001-06-15,2001,6,Jun,Jun 2001,Q2,2001-06,15,Fri,5
2001-06-16,2001,6,Jun,Jun 2001,Q2,2001-06,16,Sat,6
2001-06-17,2001,6,Jun,Jun 2001,Q2,2001-06,17,Sun,7
2001-06-18,2001,6,Jun,Jun 2001,Q2,2001-06,18,Mon,1
2001-06-19,2001,6,Jun,Jun 2001,Q2,2001-06,19,Tue,2
2001-06-20,2001,6,Jun,Jun 2001,Q2,2001-06,20,Wed,3
2001-06-21,2001,6,Jun,Jun 2001,Q2,2001-06,21,Thu,4
2001-06-22,2001,6,Jun,Jun 2001,Q2,2001-06,22,Fri,5
2001-06-23,2001,6,Jun,Jun 2001,Q2,2001-06,23,Sat,6
2001-06-24,2001,6,Jun,Jun 2001,Q2,2001-06,24,Sun,7
2001-06-25,2001,6,Jun,Jun 2001,Q2,2001-06,25,Mon,1
2001-06-26,2001,6,Jun,Jun 2001,Q2,2001-06,26,Tue,2
2001-06-27,2001,6,Jun,Jun 2001,Q2,2001-06,27,Wed,3
2001-06-28,2001,6,Jun,Jun 2001,Q2,2001-06,28,Thu,4
2001-06-29,2001,6,Jun,Jun 2001,Q2,2001-06,29,Fri,5
2001-06-30,2001,6,Jun,Jun 2001,Q2,2001-06,30,Sat,6
2001-07-01,2001,7,Jul,Jul 2001,Q3,2001-07,1,Sun,7
2001-07-02,2001,7,Jul,Jul 2001,Q3,2001-07,2,Mon,1
2001-07-03,2001,7,Jul,Jul 2001,Q3,2001-07,3,Tue,2
2001-07-04,2001,7,Jul,Jul 2001,Q3,2001-07,4,Wed,3
2001-07-05,2001,7,Jul,Jul 2001,Q3,2001-07,5,Thu,4
2001-07-06,2001,7,Jul,Jul 2001,Q3,2001-07,6,Fri,5
2001-07-07,2001,7,Jul,Jul 2001,Q3,2001-07,7,Sat,6
2001-07-08,2001,7,Jul,Jul 2001,Q3,2001-07,8,Sun,7
2001-07-09,2001,7,Jul,Jul 2001,Q3,2001-07,9,Mon,1
2001-07-10,2001,7,Jul,Jul 2001,Q3,2001-07,10,Tue,2
2001-07-11,2001,7,Jul,Jul 2001,Q3,2001-07,11,Wed,3
2001-07-12,2001,7,Jul,Jul 2001,Q3,2001-07,12,Thu,4
2001-07-13,2001,7,Jul,Jul 2001,Q3,2001-07,13,Fri,5
2001-07-14,2001,7,Jul,Jul 2001,Q3,2001-07,14,Sat,6
2001-07-15,2001,7,Jul,Jul 2001,Q3,2001-07,15,Sun,7
2001-07-16,2001,7,Jul,Jul 2001,Q3,2001-07,16,Mon,1
2001-07-17,2001,7,Jul,Jul 2001,Q3,2001-07,17,Tue,2
2001-07-18,2001,7,Jul,Jul 2001,Q3,2001-07,18,Wed,3
2001-07-19,2001,7,Jul,Jul 2001,Q3,2001-07,19,Thu,4
2001-07-20,2001,7,Jul,Jul 2001,Q3,2001-07,20,Fri,5
2001-07-21,2001,7,Jul,Jul 2001,Q3,2001-07,21,Sat,6
2001-07-22,2001,7,Jul,Jul 2001,Q3,2001-07,22,Sun,7
2001-07-23,2001,7,Jul,Jul 2001,Q3,2001-07,23,Mon,1
2001-07-24,2001,7,Jul,Jul 2001,Q3,2001-07,24,Tue,2
2001-07-25,2001,7,Jul,Jul 2001,Q3,2001-07,25,Wed,3
2001-07-26,2001,7,Jul,Jul 2001,Q3,2001-07,26,Thu,4
2001-07-27,2001,7,Jul,Jul 2001,Q3,2001-07,27,Fri,5
2001-07-28,2001,7,Jul,Jul 2001,Q3,2001-07,28,Sat,6
2001-07-29,2001,7,Jul,Jul 2001,Q3,2001-07,29,Sun,7
2001-07-30,2001,7,Jul,Jul 2001,Q3,2001-07,30,Mon,1
2001-07-31,2001,7,Jul,Jul 2001,Q3,2001-07,31,Tue,2
2001-08-01,2001,8,Aug,Aug 2001,Q3,2001-08,1,Wed,3
2001-08-02,2001,8,Aug,Aug 2001,Q3,2001-08,2,Thu,4
2001-08-03,2001,8,Aug,Aug 2001,Q3,2001-08,3,Fri,5
2001-08-04,2001,8,Aug,Aug 2001,Q3,2001-08,4,Sat,6
2001-08-05,2001,8,Aug,Aug 2001,Q3,2001-08,5,Sun,7
2001-08-06,2001,8,Aug,Aug 2001,Q3,2001-08,6,Mon,1
2001-08-07,2001,8,Aug,Aug 2001,Q3,2001-08,7,Tue,2
2001-08-08,2001,8,Aug,Aug 2001,Q3,2001-08,8,Wed,3
2001-08-09,2001,8,Aug,Aug 2001,Q3,2001-08,9,Thu,4
2001-08-10,2001,8,Aug,Aug 2001,Q3,2001-08,10,Fri,5
2001-08-11,2001,8,Aug,Aug 2001,Q3,2001-08,11,Sat,6
2001-08-12,2001,8,Aug,Aug 2001,Q3,2001-08,12,Sun,7
2001-08-13,2001,8,Aug,Aug 2001,Q3,2001-08,13,Mon,1
2001-08-14,2001,8,Aug,Aug 2001,Q3,2001-08,14,Tue,2
2001-08-15,2001,8,Aug,Aug 2001,Q3,2001-08,15,Wed,3
2001-08-16,2001,8,Aug,Aug 2001,Q3,2001-08,16,Thu,4
2001-08-17,2001,8,Aug,Aug 2001,Q3,2001-08,17,Fri,5
2001-08-18,2001,8,Aug,Aug 2001,Q3,2001-08,18,Sat,6
2001-08-19,2001,8,Aug,Aug 2001,Q3,2001-08,19,Sun,7
2001-08-20,2001,8,Aug,Aug 2001,Q3,2001-08,20,Mon,1
2001-08-21,2001,8,Aug,Aug 2001,Q3,2001-08,21,Tue,2
2001-08-22,2001,8,Aug,Aug 2001,Q3,2001-08,22,Wed,3
2001-08-23,2001,8,Aug,Aug 2001,Q3,2001-08,23,Thu,4
2001-08-24,2001,8,Aug,Aug 2001,Q3,2001-08,24,Fri,5
2001-08-25,2001,8,Aug,Aug 2001,Q3,2001-08,25,Sat,6
2001-08-26,2001,8,Aug,Aug 2001,Q3,2001-08,26,Sun,7
2001-08-27,2001,8,Aug,Aug 2001,Q3,2001-08,27,Mon,1
2001-08-28,2001,8,Aug,Aug 2001,Q3,2001-08,28,Tue,2
2001-08-29,2001,8,Aug,Aug 2001,Q3,2001-08,29,Wed,3
2001-08-30,2001,8,Aug,Aug 2001,Q3,2001-08,30,Thu,4
2001-08-31,2001,8,Aug,Aug 2001,Q3,2001-08,31,Fri,5
2001-09-01,2001,9,Sep,Sep 2001,Q3,2001-09,1,Sat,6
2001-09-02,2001,9,Sep,Sep 2001,Q3,2001-09,2,Sun,7
2001-09-03,2001,9,Sep,Sep 2001,Q3,2001-09,3,Mon,1
2001-09-04,2001,9,Sep,Sep 2001,Q3,2001-09,4,Tue,2
2001-09-05,2001,9,Sep,Sep 2001,Q3,2001-09,5,Wed,3
2001-09-06,2001,9,Sep,Sep 2001,Q3,2001-09,6,Thu,4
2001-09-07,2001,9,Sep,Sep 2001,Q3,2001-09,7,Fri,5
2001-09-08,2001,9,Sep,Sep 2001,Q3,2001-09,8,Sat,6
2001-09-09,2001,9,Sep,Sep 2001,Q3,2001-09,9,Sun,7
2001-09-10,2001,9,Sep,Sep 2001,Q3,2001-09,10,Mon,1
2001-09-11,2001,9,Sep,Sep 2001,Q3,2001-09,11,Tue,2
2001-09-12,2001,9,Sep,Sep 2001,Q3,2001-09,12,Wed,3
2001-09-13,2001,9,Sep,Sep 2001,Q3,2001-09,13,Thu,4
2001-09-14,2001,9,Sep,Sep 2001,Q3,2001-09,14,Fri,5
2001-09-15,2001,9,Sep,Sep 2001,Q3,2001-09,15,Sat,6
2001-09-16,2001,9,Sep,Sep 2001,Q3,2001-09,16,Sun,7
2001-09-17,2001,9,Sep,Sep 2001,Q3,2001-09,17,Mon,1
2001-09-18,2001,9,Sep,Sep 2001,Q3,2001-09,18,Tue,2
2001-09-19,2001,9,Sep,Sep 2001,Q3,2001-09,19,Wed,3
2001-09-20,2001,9,Sep,Sep 2001,Q3,2001-09,20,Thu,4
2001-09-21,2001,9,Sep,Sep 2001,Q3,2001-09,21,Fri,5
2001-09-22,2001,9,Sep,Sep 2001,Q3,2001-09,22,Sat,6
2001-09-23,2001,9,Sep,Sep 2001,Q3,2001-09,23,Sun,7
2001-09-24,2001,9,Sep,Sep 2001,Q3,2001-09,24,Mon,1
2001-09-25,2001,9,Sep,Sep 2001,Q3,2001-09,25,Tue,2
2001-09-26,2001,9,Sep,Sep 2001,Q3,2001-09,26,Wed,3
2001-09-27,2001,9,Sep,Sep 2001,Q3,2001-09,27,Thu,4
2001-09-28,2001,9,Sep,Sep 2001,Q3,2001-09,28,Fri,5
2001-09-29,2001,9,Sep,Sep 2001,Q3,2001-09,29,Sat,6
2001-09-30,2001,9,Sep,Sep 2001,Q3,2001-09,30,Sun,7
2001-10-01,2001,10,Oct,Oct 2001,Q4,2001-10,1,Mon,1
2001-10-02,2001,10,Oct,Oct 2001,Q4,2001-10,2,Tue,2
2001-10-03,2001,10,Oct,Oct 2001,Q4,2001-10,3,Wed,3
2001-10-04,2001,10,Oct,Oct 2001,Q4,2001-10,4,Thu,4
2001-10-05,2001,10,Oct,Oct 2001,Q4,2001-10,5,Fri,5
2001-10-06,2001,10,Oct,Oct 2001,Q4,2001-10,6,Sat,6
2001-10-07,2001,10,Oct,Oct 2001,Q4,2001-10,7,Sun,7
2001-10-08,2001,10,Oct,Oct 2001,Q4,2001-10,8,Mon,1
2001-10-09,2001,10,Oct,Oct 2001,Q4,2001-10,9,Tue,2
2001-10-10,2001,10,Oct,Oct 2001,Q4,2001-10,10,Wed,3
2001-10-11,2001,10,Oct,Oct 2001,Q4,2001-10,11,Thu,4
2001-10-12,2001,10,Oct,Oct 2001,Q4,2001-10,12,Fri,5
2001-10-13,2001,10,Oct,Oct 2001,Q4,2001-10,13,Sat,6
2001-10-14,2001,10,Oct,Oct 2001,Q4,2001-10,14,Sun,7
2001-10-15,2001,10,Oct,Oct 2001,Q4,2001-10,15,Mon,1
2001-10-16,2001,10,Oct,Oct 2001,Q4,2001-10,16,Tue,2
2001-10-17,2001,10,Oct,Oct 2001,Q4,2001-10,17,Wed,3
2001-10-18,2001,10,Oct,Oct 2001,Q4,2001-10,18,Thu,4
2001-10-19,2001,10,Oct,Oct 2001,Q4,2001-10,19,Fri,5
2001-10-20,2001,10,Oct,Oct 2001,Q4,2001-10,20,Sat,6
2001-10-21,2001,10,Oct,Oct 2001,Q4,2001-10,21,Sun,7
2001-10-22,2001,10,Oct,Oct 2001,Q4,2001-10,22,Mon,1
2001-10-23,2001,10,Oct,Oct 2001,Q4,2001-10,23,Tue,2
2001-10-24,2001,10,Oct,Oct 2001,Q4,2001-10,24,Wed,3
2001-10-25,2001,10,Oct,Oct 2001,Q4,2001-10,25,Thu,4
2001-10-26,2001,10,Oct,Oct 2001,Q4,2001-10,26,Fri,5
2001-10-27,2001,10,Oct,Oct 2001,Q4,2001-10,27,Sat,6
2001-10-28,2001,10,Oct,Oct 2001,Q4,2001-10,28,Sun,7
2001-10-29,2001,10,Oct,Oct 2001,Q4,2001-10,29,Mon,1
2001-10-30,2001,10,Oct,Oct 2001,Q4,2001-10,30,Tue,2
2001-10-31,2001,10,Oct,Oct 2001,Q4,2001-10,31,Wed,3
2001-11-01,2001,11,Nov,Nov 2001,Q4,2001-11,1,Thu,4
2001-11-02,2001,11,Nov,Nov 2001,Q4,2001-11,2,Fri,5
2001-11-03,2001,11,Nov,Nov 2001,Q4,2001-11,3,Sat,6
2001-11-04,2001,11,Nov,Nov 2001,Q4,2001-11,4,Sun,7
2001-11-05,2001,11,Nov,Nov 2001,Q4,2001-11,5,Mon,1
2001-11-06,2001,11,Nov,Nov 2001,Q4,2001-11,6,Tue,2
2001-11-07,2001,11,Nov,Nov 2001,Q4,2001-11,7,Wed,3
2001-11-08,2001,11,Nov,Nov 2001,Q4,2001-11,8,Thu,4
2001-11-09,2001,11,Nov,Nov 2001,Q4,2001-11,9,Fri,5
2001-11-10,2001,11,Nov,Nov 2001,Q4,2001-11,10,Sat,6
2001-11-11,2001,11,Nov,Nov 2001,Q4,2001-11,11,Sun,7
2001-11-12,2001,11,Nov,Nov 2001,Q4,2001-11,12,Mon,1
2001-11-13,2001,11,Nov,Nov 2001,Q4,2001-11,13,Tue,2
2001-11-14,2001,11,Nov,Nov 2001,Q4,2001-11,14,Wed,3
2001-11-15,2001,11,Nov,Nov 2001,Q4,2001-11,15,Thu,4
2001-11-16,2001,11,Nov,Nov 2001,Q4,2001-11,16,Fri,5
2001-11-17,2001,11,Nov,Nov 2001,Q4,2001-11,17,Sat,6
2001-11-18,2001,11,Nov,Nov 2001,Q4,2001-11,18,Sun,7
2001-11-19,2001,11,Nov,Nov 2001,Q4,2001-11,19,Mon,1
2001-11-20,2001,11,Nov,Nov 2001,Q4,2001-11,20,Tue,2
2001-11-21,2001,11,Nov,Nov 2001,Q4,2001-11,21,Wed,3
2001-11-22,2001,11,Nov,Nov 2001,Q4,2001-11,22,Thu,4
2001-11-23,2001,11,Nov,Nov 2001,Q4,2001-11,23,Fri,5
2001-11-24,2001,11,Nov,Nov 2001,Q4,2001-11,24,Sat,6
2001-11-25,2001,11,Nov,Nov 2001,Q4,2001-11,25,Sun,7
2001-11-26,2001,11,Nov,Nov 2001,Q4,2001-11,26,Mon,1
2001-11-27,2001,11,Nov,Nov 2001,Q4,2001-11,27,Tue,2
2001-11-28,2001,11,Nov,Nov 2001,Q4,2001-11,28,Wed,3
2001-11-29,2001,11,Nov,Nov 2001,Q4,2001-11,29,Thu,4
2001-11-30,2001,11,Nov,Nov 2001,Q4,2001-11,30,Fri,5
2001-12-01,2001,12,Dec,Dec 2001,Q4,2001-12,1,Sat,6
2001-12-02,2001,12,Dec,Dec 2001,Q4,2001-12,2,Sun,7
2001-12-03,2001,12,Dec,Dec 2001,Q4,2001-12,3,Mon,1
2001-12-04,2001,12,Dec,Dec 2001,Q4,2001-12,4,Tue,2
2001-12-05,2001,12,Dec,Dec 2001,Q4,2001-12,5,Wed,3
2001-12-06,2001,12,Dec,Dec 2001,Q4,2001-12,6,Thu,4
2001-12-07,2001,12,Dec,Dec 2001,Q4,2001-12,7,Fri,5
2001-12-08,2001,12,Dec,Dec 2001,Q4,2001-12,8,Sat,6
2001-12-09,2001,12,Dec,Dec 2001,Q4,2001-12,9,Sun,7
2001-12-10,2001,12,Dec,Dec 2001,Q4,2001-12,10,Mon,1
2001-12-11,2001,12,Dec,Dec 2001,Q4,2001-12,11,Tue,2
2001-12-12,2001,12,Dec,Dec 2001,Q4,2001-12,12,Wed,3
2001-12-13,2001,12,Dec,Dec 2001,Q4,2001-12,13,Thu,4
2001-12-14,2001,12,Dec,Dec 2001,Q4,2001-12,14,Fri,5
2001-12-15,2001,12,Dec,Dec 2001,Q4,2001-12,15,Sat,6
2001-12-16,2001,12,Dec,Dec 2001,Q4,2001-12,16,Sun,7
2001-12-17,2001,12,Dec,Dec 2001,Q4,2001-12,17,Mon,1
2001-12-18,2001,12,Dec,Dec 2001,Q4,2001-12,18,Tue,2
2001-12-19,2001,12,Dec,Dec 2001,Q4,2001-12,19,Wed,3
2001-12-20,2001,12,Dec,Dec 2001,Q4,2001-12,20,Thu,4
2001-12-21,2001,12,Dec,Dec 2001,Q4,2001-12,21,Fri,5
2001-12-22,2001,12,Dec,Dec 2001,Q4,2001-12,22,Sat,6
2001-12-23,2001,12,Dec,Dec 2001,Q4,2001-12,23,Sun,7
2001-12-24,2001,12,Dec,Dec 2001,Q4,2001-12,24,Mon,1
2001-12-25,2001,12,Dec,Dec 2001,Q4,2001-12,25,Tue,2
2001-12-26,2001,12,Dec,Dec 2001,Q4,2001-12,26,Wed,3
2001-12-27,2001,12,Dec,Dec 2001,Q4,2001-12,27,Thu,4
2001-12-28,2001,12,Dec,Dec 2001,Q4,2001-12,28,Fri,5
2001-12-29,2001,12,Dec,Dec 2001,Q4,2001-12,29,Sat,6
2001-12-30,2001,12,Dec,Dec 2001,Q4,2001-12,30,Sun,7
2001-12-31,2001,12,Dec,Dec 2001,Q4,2001-12,31,Mon,1
2002-01-01,2002,1,Jan,Jan 2002,Q1,2002-01,1,Tue,2
2002-01-02,2002,1,Jan,Jan 2002,Q1,2002-01,2,Wed,3
2002-01-03,2002,1,Jan,Jan 2002,Q1,2002-01,3,Thu,4
2002-01-04,2002,1,Jan,Jan 2002,Q1,2002-01,4,Fri,5
2002-01-05,2002,1,Jan,Jan 2002,Q1,2002-01,5,Sat,6
2002-01-06,2002,1,Jan,Jan 2002,Q1,2002-01,6,Sun,7
2002-01-07,2002,1,Jan,Jan 2002,Q1,2002-01,7,Mon,1
2002-01-08,2002,1,Jan,Jan 2002,Q1,2002-01,8,Tue,2
2002-01-09,2002,1,Jan,Jan 2002,Q1,2002-01,9,Wed,3
2002-01-10,2002,1,Jan,Jan 2002,Q1,2002-01,10,Thu,4
2002-01-11,2002,1,Jan,Jan 2002,Q1,2002-01,11,Fri,5
2002-01-12,2002,1,Jan,Jan 2002,Q1,2002-01,12,Sat,6
2002-01-13,2002,1,Jan,Jan 2002,Q1,2002-01,13,Sun,7
2002-01-14,2002,1,Jan,Jan 2002,Q1,2002-01,14,Mon,1
2002-01-15,2002,1,Jan,Jan 2002,Q1,2002-01,15,Tue,2
2002-01-16,2002,1,Jan,Jan 2002,Q1,2002-01,16,Wed,3
2002-01-17,2002,1,Jan,Jan 2002,Q1,2002-01,17,Thu,4
2002-01-18,2002,1,Jan,Jan 2002,Q1,2002-01,18,Fri,5
2002-01-19,2002,1,Jan,Jan 2002,Q1,2002-01,19,Sat,6
2002-01-20,2002,1,Jan,Jan 2002,Q1,2002-01,20,Sun,7
2002-01-21,2002,1,Jan,Jan 2002,Q1,2002-01,21,Mon,1
2002-01-22,2002,1,Jan,Jan 2002,Q1,2002-01,22,Tue,2
2002-01-23,2002,1,Jan,Jan 2002,Q1,2002-01,23,Wed,3
2002-01-24,2002,1,Jan,Jan 2002,Q1,2002-01,24,Thu,4
2002-01-25,2002,1,Jan,Jan 2002,Q1,2002-01,25,Fri,5
2002-01-26,2002,1,Jan,Jan 2002,Q1,2002-01,26,Sat,6
2002-01-27,2002,1,Jan,Jan 2002,Q1,2002-01,27,Sun,7
2002-01-28,2002,1,Jan,Jan 2002,Q1,2002-01,28,Mon,1
2002-01-29,2002,1,Jan,Jan 2002,Q1,2002-01,29,Tue,2
2002-01-30,2002,1,Jan,Jan 2002,Q1,2002-01,30,Wed,3
2002-01-31,2002,1,Jan,Jan 2002,Q1,2002-01,31,Thu,4
2002-02-01,2002,2,Feb,Feb 2002,Q1,2002-02,1,Fri,5
2002-02-02,2002,2,Feb,Feb 2002,Q1,2002-02,2,Sat,6
2002-02-03,2002,2,Feb,Feb 2002,Q1,2002-02,3,Sun,7
2002-02-04,2002,2,Feb,Feb 2002,Q1,2002-02,4,Mon,1
2002-02-05,2002,2,Feb,Feb 2002,Q1,2002-02,5,Tue,2
2002-02-06,2002,2,Feb,Feb 2002,Q1,2002-02,6,Wed,3
2002-02-07,2002,2,Feb,Feb 2002,Q1,2002-02,7,Thu,4
2002-02-08,2002,2,Feb,Feb 2002,Q1,2002-02,8,Fri,5
2002-02-09,2002,2,Feb,Feb 2002,Q1,2002-02,9,Sat,6
2002-02-10,2002,2,Feb,Feb 2002,Q1,2002-02,10,Sun,7
2002-02-11,2002,2,Feb,Feb 2002,Q1,2002-02,11,Mon,1
2002-02-12,2002,2,Feb,Feb 2002,Q1,2002-02,12,Tue,2
2002-02-13,2002,2,Feb,Feb 2002,Q1,2002-02,13,Wed,3
2002-02-14,2002,2,Feb,Feb 2002,Q1,2002-02,14,Thu,4
2002-02-15,2002,2,Feb,Feb 2002,Q1,2002-02,15,Fri,5
2002-02-16,2002,2,Feb,Feb 2002,Q1,2002-02,16,Sat,6
2002-02-17,2002,2,Feb,Feb 2002,Q1,2002-02,17,Sun,7
2002-02-18,2002,2,Feb,Feb 2002,Q1,2002-02,18,Mon,1
2002-02-19,2002,2,Feb,Feb 2002,Q1,2002-02,19,Tue,2
2002-02-20,2002,2,Feb,Feb 2002,Q1,2002-02,20,Wed,3
2002-02-21,2002,2,Feb,Feb 2002,Q1,2002-02,21,Thu,4
2002-02-22,2002,2,Feb,Feb 2002,Q1,2002-02,22,Fri,5
2002-02-23,2002,2,Feb,Feb 2002,Q1,2002-02,23,Sat,6
2002-02-24,2002,2,Feb,Feb 2002,Q1,2002-02,24,Sun,7
2002-02-25,2002,2,Feb,Feb 2002,Q1,2002-02,25,Mon,1
2002-02-26,2002,2,Feb,Feb 2002,Q1,2002-02,26,Tue,2
2002-02-27,2002,2,Feb,Feb 2002,Q1,2002-02,27,Wed,3
2002-02-28,2002,2,Feb,Feb 2002,Q1,2002-02,28,Thu,4
2002-03-01,2002,3,Mar,Mar 2002,Q1,2002-03,1,Fri,5
2002-03-02,2002,3,Mar,Mar 2002,Q1,2002-03,2,Sat,6
2002-03-03,2002,3,Mar,Mar 2002,Q1,2002-03,3,Sun,7
2002-03-04,2002,3,Mar,Mar 2002,Q1,2002-03,4,Mon,1
2002-03-05,2002,3,Mar,Mar 2002,Q1,2002-03,5,Tue,2
2002-03-06,2002,3,Mar,Mar 2002,Q1,2002-03,6,Wed,3
2002-03-07,2002,3,Mar,Mar 2002,Q1,2002-03,7,Thu,4
2002-03-08,2002,3,Mar,Mar 2002,Q1,2002-03,8,Fri,5
2002-03-09,2002,3,Mar,Mar 2002,Q1,2002-03,9,Sat,6
2002-03-10,2002,3,Mar,Mar 2002,Q1,2002-03,10,Sun,7
2002-03-11,2002,3,Mar,Mar 2002,Q1,2002-03,11,Mon,1
2002-03-12,2002,3,Mar,Mar 2002,Q1,2002-03,12,Tue,2
2002-03-13,2002,3,Mar,Mar 2002,Q1,2002-03,13,Wed,3
2002-03-14,2002,3,Mar,Mar 2002,Q1,2002-03,14,Thu,4
2002-03-15,2002,3,Mar,Mar 2002,Q1,2002-03,15,Fri,5
2002-03-16,2002,3,Mar,Mar 2002,Q1,2002-03,16,Sat,6
2002-03-17,2002,3,Mar,Mar 2002,Q1,2002-03,17,Sun,7
2002-03-18,2002,3,Mar,Mar 2002,Q1,2002-03,18,Mon,1
2002-03-19,2002,3,Mar,Mar 2002,Q1,2002-03,19,Tue,2
2002-03-20,2002,3,Mar,Mar 2002,Q1,2002-03,20,Wed,3
2002-03-21,2002,3,Mar,Mar 2002,Q1,2002-03,21,Thu,4
2002-03-22,2002,3,Mar,Mar 2002,Q1,2002-03,22,Fri,5
2002-03-23,2002,3,Mar,Mar 2002,Q1,2002-03,23,Sat,6
2002-03-24,2002,3,Mar,Mar 2002,Q1,2002-03,24,Sun,7
2002-03-25,2002,3,Mar,Mar 2002,Q1,2002-03,25,Mon,1
2002-03-26,2002,3,Mar,Mar 2002,Q1,2002-03,26,Tue,2
2002-03-27,2002,3,Mar,Mar 2002,Q1,2002-03,27,Wed,3
2002-03-28,2002,3,Mar,Mar 2002,Q1,2002-03,28,Thu,4
2002-03-29,2002,3,Mar,Mar 2002,Q1,2002-03,29,Fri,5
2002-03-30,2002,3,Mar,Mar 2002,Q1,2002-03,30,Sat,6
2002-03-31,2002,3,Mar,Mar 2002,Q1,2002-03,31,Sun,7
2002-04-01,2002,4,Apr,Apr 2002,Q2,2002-04,1,Mon,1
2002-04-02,2002,4,Apr,Apr 2002,Q2,2002-04,2,Tue,2
2002-04-03,2002,4,Apr,Apr 2002,Q2,2002-04,3,Wed,3
2002-04-04,2002,4,Apr,Apr 2002,Q2,2002-04,4,Thu,4
2002-04-05,2002,4,Apr,Apr 2002,Q2,2002-04,5,Fri,5
2002-04-06,2002,4,Apr,Apr 2002,Q2,2002-04,6,Sat,6
2002-04-07,2002,4,Apr,Apr 2002,Q2,2002-04,7,Sun,7
2002-04-08,2002,4,Apr,Apr 2002,Q2,2002-04,8,Mon,1
2002-04-09,2002,4,Apr,Apr 2002,Q2,2002-04,9,Tue,2
2002-04-10,2002,4,Apr,Apr 2002,Q2,2002-04,10,Wed,3
2002-04-11,2002,4,Apr,Apr 2002,Q2,2002-04,11,Thu,4
2002-04-12,2002,4,Apr,Apr 2002,Q2,2002-04,12,Fri,5
2002-04-13,2002,4,Apr,Apr 2002,Q2,2002-04,13,Sat,6
2002-04-14,2002,4,Apr,Apr 2002,Q2,2002-04,14,Sun,7
2002-04-15,2002,4,Apr,Apr 2002,Q2,2002-04,15,Mon,1
2002-04-16,2002,4,Apr,Apr 2002,Q2,2002-04,16,Tue,2
2002-04-17,2002,4,Apr,Apr 2002,Q2,2002-04,17,Wed,3
2002-04-18,2002,4,Apr,Apr 2002,Q2,2002-04,18,Thu,4
2002-04-19,2002,4,Apr,Apr 2002,Q2,2002-04,19,Fri,5
2002-04-20,2002,4,Apr,Apr 2002,Q2,2002-04,20,Sat,6
2002-04-21,2002,4,Apr,Apr 2002,Q2,2002-04,21,Sun,7
2002-04-22,2002,4,Apr,Apr 2002,Q2,2002-04,22,Mon,1
2002-04-23,2002,4,Apr,Apr 2002,Q2,2002-04,23,Tue,2
2002-04-24,2002,4,Apr,Apr 2002,Q2,2002-04,24,Wed,3
2002-04-25,2002,4,Apr,Apr 2002,Q2,2002-04,25,Thu,4
2002-04-26,2002,4,Apr,Apr 2002,Q2,2002-04,26,Fri,5
2002-04-27,2002,4,Apr,Apr 2002,Q2,2002-04,27,Sat,6
2002-04-28,2002,4,Apr,Apr 2002,Q2,2002-04,28,Sun,7
2002-04-29,2002,4,Apr,Apr 2002,Q2,2002-04,29,Mon,1
2002-04-30,2002,4,Apr,Apr 2002,Q2,2002-04,30,Tue,2
2002-05-01,2002,5,May,May 2002,Q2,2002-05,1,Wed,3
2002-05-02,2002,5,May,May 2002,Q2,2002-05,2,Thu,4
2002-05-03,2002,5,May,May 2002,Q2,2002-05,3,Fri,5
2002-05-04,2002,5,May,May 2002,Q2,2002-05,4,Sat,6
2002-05-05,2002,5,May,May 2002,Q2,2002-05,5,Sun,7
2002-05-06,2002,5,May,May 2002,Q2,2002-05,6,Mon,1
2002-05-07,2002,5,May,May 2002,Q2,2002-05,7,Tue,2
2002-05-08,2002,5,May,May 2002,Q2,2002-05,8,Wed,3
2002-05-09,2002,5,May,May 2002,Q2,2002-05,9,Thu,4
2002-05-10,2002,5,May,May 2002,Q2,2002-05,10,Fri,5
2002-05-11,2002,5,May,May 2002,Q2,2002-05,11,Sat,6
2002-05-12,2002,5,May,May 2002,Q2,2002-05,12,Sun,7
2002-05-13,2002,5,May,May 2002,Q2,2002-05,13,Mon,1
2002-05-14,2002,5,May,May 2002,Q2,2002-05,14,Tue,2
2002-05-15,2002,5,May,May 2002,Q2,2002-05,15,Wed,3
2002-05-16,2002,5,May,May 2002,Q2,2002-05,16,Thu,4
2002-05-17,2002,5,May,May 2002,Q2,2002-05,17,Fri,5
2002-05-18,2002,5,May,May 2002,Q2,2002-05,18,Sat,6
2002-05-19,2002,5,May,May 2002,Q2,2002-05,19,Sun,7
2002-05-20,2002,5,May,May 2002,Q2,2002-05,20,Mon,1
2002-05-21,2002,5,May,May 2002,Q2,2002-05,21,Tue,2
2002-05-22,2002,5,May,May 2002,Q2,2002-05,22,Wed,3
2002-05-23,2002,5,May,May 2002,Q2,2002-05,23,Thu,4
2002-05-24,2002,5,May,May 2002,Q2,2002-05,24,Fri,5
2002-05-25,2002,5,May,May 2002,Q2,2002-05,25,Sat,6
2002-05-26,2002,5,May,May 2002,Q2,2002-05,26,Sun,7
2002-05-27,2002,5,May,May 2002,Q2,2002-05,27,Mon,1
2002-05-28,2002,5,May,May 2002,Q2,2002-05,28,Tue,2
2002-05-29,2002,5,May,May 2002,Q2,2002-05,29,Wed,3
2002-05-30,2002,5,May,May 2002,Q2,2002-05,30,Thu,4
2002-05-31,2002,5,May,May 2002,Q2,2002-05,31,Fri,5
2002-06-01,2002,6,Jun,Jun 2002,Q2,2002-06,1,Sat,6
2002-06-02,2002,6,Jun,Jun 2002,Q2,2002-06,2,Sun,7
2002-06-03,2002,6,Jun,Jun 2002,Q2,2002-06,3,Mon,1
2002-06-04,2002,6,Jun,Jun 2002,Q2,2002-06,4,Tue,2
2002-06-05,2002,6,Jun,Jun 2002,Q2,2002-06,5,Wed,3
2002-06-06,2002,6,Jun,Jun 2002,Q2,2002-06,6,Thu,4
2002-06-07,2002,6,Jun,Jun 2002,Q2,2002-06,7,Fri,5
2002-06-08,2002,6,Jun,Jun 2002,Q2,2002-06,8,Sat,6
2002-06-09,2002,6,Jun,Jun 2002,Q2,2002-06,9,Sun,7
2002-06-10,2002,6,Jun,Jun 2002,Q2,2002-06,10,Mon,1
2002-06-11,2002,6,Jun,Jun 2002,Q2,2002-06,11,Tue,2
2002-06-12,2002,6,Jun,Jun 2002,Q2,2002-06,12,Wed,3
2002-06-13,2002,6,Jun,Jun 2002,Q2,2002-06,13,Thu,4
2002-06-14,2002,6,Jun,Jun 2002,Q2,2002-06,14,Fri,5
2002-06-15,2002,6,Jun,Jun 2002,Q2,2002-06,15,Sat,6
2002-06-16,2002,6,Jun,Jun 2002,Q2,2002-06,16,Sun,7
2002-06-17,2002,6,Jun,Jun 2002,Q2,2002-06,17,Mon,1
2002-06-18,2002,6,Jun,Jun 2002,Q2,2002-06,18,Tue,2
2002-06-19,2002,6,Jun,Jun 2002,Q2,2002-06,19,Wed,3
2002-06-20,2002,6,Jun,Jun 2002,Q2,2002-06,20,Thu,4
2002-06-21,2002,6,Jun,Jun 2002,Q2,2002-06,21,Fri,5
2002-06-22,2002,6,Jun,Jun 2002,Q2,2002-06,22,Sat,6
2002-06-23,2002,6,Jun,Jun 2002,Q2,2002-06,23,Sun,7
2002-06-24,2002,6,Jun,Jun 2002,Q2,2002-06,24,Mon,1
2002-06-25,2002,6,Jun,Jun 2002,Q2,2002-06,25,Tue,2
2002-06-26,2002,6,Jun,Jun 2002,Q2,2002-06,26,Wed,3
2002-06-27,2002,6,Jun,Jun 2002,Q2,2002-06,27,Thu,4
2002-06-28,2002,6,Jun,Jun 2002,Q2,2002-06,28,Fri,5
2002-06-29,2002,6,Jun,Jun 2002,Q2,2002-06,29,Sat,6
2002-06-30,2002,6,Jun,Jun 2002,Q2,2002-06,30,Sun,7
2002-07-01,2002,7,Jul,Jul 2002,Q3,2002-07,1,Mon,1
2002-07-02,2002,7,Jul,Jul 2002,Q3,2002-07,2,Tue,2
2002-07-03,2002,7,Jul,Jul 2002,Q3,2002-07,3,Wed,3
2002-07-04,2002,7,Jul,Jul 2002,Q3,2002-07,4,Thu,4
2002-07-05,2002,7,Jul,Jul 2002,Q3,2002-07,5,Fri,5
2002-07-06,2002,7,Jul,Jul 2002,Q3,2002-07,6,Sat,6
2002-07-07,2002,7,Jul,Jul 2002,Q3,2002-07,7,Sun,7
2002-07-08,2002,7,Jul,Jul 2002,Q3,2002-07,8,Mon,1
2002-07-09,2002,7,Jul,Jul 2002,Q3,2002-07,9,Tue,2
2002-07-10,2002,7,Jul,Jul 2002,Q3,2002-07,10,Wed,3
2002-07-11,2002,7,Jul,Jul 2002,Q3,2002-07,11,Thu,4
2002-07-12,2002,7,Jul,Jul 2002,Q3,2002-07,12,Fri,5
2002-07-13,2002,7,Jul,Jul 2002,Q3,2002-07,13,Sat,6
2002-07-14,2002,7,Jul,Jul 2002,Q3,2002-07,14,Sun,7
2002-07-15,2002,7,Jul,Jul 2002,Q3,2002-07,15,Mon,1
2002-07-16,2002,7,Jul,Jul 2002,Q3,2002-07,16,Tue,2
2002-07-17,2002,7,Jul,Jul 2002,Q3,2002-07,17,Wed,3
2002-07-18,2002,7,Jul,Jul 2002,Q3,2002-07,18,Thu,4
2002-07-19,2002,7,Jul,Jul 2002,Q3,2002-07,19,Fri,5
2002-07-20,2002,7,Jul,Jul 2002,Q3,2002-07,20,Sat,6
2002-07-21,2002,7,Jul,Jul 2002,Q3,2002-07,21,Sun,7
2002-07-22,2002,7,Jul,Jul 2002,Q3,2002-07,22,Mon,1
2002-07-23,2002,7,Jul,Jul 2002,Q3,2002-07,23,Tue,2
2002-07-24,2002,7,Jul,Jul 2002,Q3,2002-07,24,Wed,3
2002-07-25,2002,7,Jul,Jul 2002,Q3,2002-07,25,Thu,4
2002-07-26,2002,7,Jul,Jul 2002,Q3,2002-07,26,Fri,5
2002-07-27,2002,7,Jul,Jul 2002,Q3,2002-07,27,Sat,6
2002-07-28,2002,7,Jul,Jul 2002,Q3,2002-07,28,Sun,7
2002-07-29,2002,7,Jul,Jul 2002,Q3,2002-07,29,Mon,1
2002-07-30,2002,7,Jul,Jul 2002,Q3,2002-07,30,Tue,2
2002-07-31,2002,7,Jul,Jul 2002,Q3,2002-07,31,Wed,3
2002-08-01,2002,8,Aug,Aug 2002,Q3,2002-08,1,Thu,4
2002-08-02,2002,8,Aug,Aug 2002,Q3,2002-08,2,Fri,5
2002-08-03,2002,8,Aug,Aug 2002,Q3,2002-08,3,Sat,6
2002-08-04,2002,8,Aug,Aug 2002,Q3,2002-08,4,Sun,7
2002-08-05,2002,8,Aug,Aug 2002,Q3,2002-08,5,Mon,1
2002-08-06,2002,8,Aug,Aug 2002,Q3,2002-08,6,Tue,2
2002-08-07,2002,8,Aug,Aug 2002,Q3,2002-08,7,Wed,3
2002-08-08,2002,8,Aug,Aug 2002,Q3,2002-08,8,Thu,4
2002-08-09,2002,8,Aug,Aug 2002,Q3,2002-08,9,Fri,5
2002-08-10,2002,8,Aug,Aug 2002,Q3,2002-08,10,Sat,6
2002-08-11,2002,8,Aug,Aug 2002,Q3,2002-08,11,Sun,7
2002-08-12,2002,8,Aug,Aug 2002,Q3,2002-08,12,Mon,1
2002-08-13,2002,8,Aug,Aug 2002,Q3,2002-08,13,Tue,2
2002-08-14,2002,8,Aug,Aug 2002,Q3,2002-08,14,Wed,3
2002-08-15,2002,8,Aug,Aug 2002,Q3,2002-08,15,Thu,4
2002-08-16,2002,8,Aug,Aug 2002,Q3,2002-08,16,Fri,5
2002-08-17,2002,8,Aug,Aug 2002,Q3,2002-08,17,Sat,6
2002-08-18,2002,8,Aug,Aug 2002,Q3,2002-08,18,Sun,7
2002-08-19,2002,8,Aug,Aug 2002,Q3,2002-08,19,Mon,1
2002-08-20,2002,8,Aug,Aug 2002,Q3,2002-08,20,Tue,2
2002-08-21,2002,8,Aug,Aug 2002,Q3,2002-08,21,Wed,3
2002-08-22,2002,8,Aug,Aug 2002,Q3,2002-08,22,Thu,4
2002-08-23,2002,8,Aug,Aug 2002,Q3,2002-08,23,Fri,5
2002-08-24,2002,8,Aug,Aug 2002,Q3,2002-08,24,Sat,6
2002-08-25,2002,8,Aug,Aug 2002,Q3,2002-08,25,Sun,7
2002-08-26,2002,8,Aug,Aug 2002,Q3,2002-08,26,Mon,1
2002-08-27,2002,8,Aug,Aug 2002,Q3,2002-08,27,Tue,2
2002-08-28,2002,8,Aug,Aug 2002,Q3,2002-08,28,Wed,3
2002-08-29,2002,8,Aug,Aug 2002,Q3,2002-08,29,Thu,4
2002-08-30,2002,8,Aug,Aug 2002,Q3,2002-08,30,Fri,5
2002-08-31,2002,8,Aug,Aug 2002,Q3,2002-08,31,Sat,6
2002-09-01,2002,9,Sep,Sep 2002,Q3,2002-09,1,Sun,7
2002-09-02,2002,9,Sep,Sep 2002,Q3,2002-09,2,Mon,1
2002-09-03,2002,9,Sep,Sep 2002,Q3,2002-09,3,Tue,2
2002-09-04,2002,9,Sep,Sep 2002,Q3,2002-09,4,Wed,3
2002-09-05,2002,9,Sep,Sep 2002,Q3,2002-09,5,Thu,4
2002-09-06,2002,9,Sep,Sep 2002,Q3,2002-09,6,Fri,5
2002-09-07,2002,9,Sep,Sep 2002,Q3,2002-09,7,Sat,6
2002-09-08,2002,9,Sep,Sep 2002,Q3,2002-09,8,Sun,7
2002-09-09,2002,9,Sep,Sep 2002,Q3,2002-09,9,Mon,1
2002-09-10,2002,9,Sep,Sep 2002,Q3,2002-09,10,Tue,2
2002-09-11,2002,9,Sep,Sep 2002,Q3,2002-09,11,Wed,3
2002-09-12,2002,9,Sep,Sep 2002,Q3,2002-09,12,Thu,4
2002-09-13,2002,9,Sep,Sep 2002,Q3,2002-09,13,Fri,5
2002-09-14,2002,9,Sep,Sep 2002,Q3,2002-09,14,Sat,6
2002-09-15,2002,9,Sep,Sep 2002,Q3,2002-09,15,Sun,7
2002-09-16,2002,9,Sep,Sep 2002,Q3,2002-09,16,Mon,1
2002-09-17,2002,9,Sep,Sep 2002,Q3,2002-09,17,Tue,2
2002-09-18,2002,9,Sep,Sep 2002,Q3,2002-09,18,Wed,3
2002-09-19,2002,9,Sep,Sep 2002,Q3,2002-09,19,Thu,4
2002-09-20,2002,9,Sep,Sep 2002,Q3,2002-09,20,Fri,5
2002-09-21,2002,9,Sep,Sep 2002,Q3,2002-09,21,Sat,6
2002-09-22,2002,9,Sep,Sep 2002,Q3,2002-09,22,Sun,7
2002-09-23,2002,9,Sep,Sep 2002,Q3,2002-09,23,Mon,1
2002-09-24,2002,9,Sep,Sep 2002,Q3,2002-09,24,Tue,2
2002-09-25,2002,9,Sep,Sep 2002,Q3,2002-09,25,Wed,3
2002-09-26,2002,9,Sep,Sep 2002,Q3,2002-09,26,Thu,4
2002-09-27,2002,9,Sep,Sep 2002,Q3,2002-09,27,Fri,5
2002-09-28,2002,9,Sep,Sep 2002,Q3,2002-09,28,Sat,6
2002-09-29,2002,9,Sep,Sep 2002,Q3,2002-09,29,Sun,7
2002-09-30,2002,9,Sep,Sep 2002,Q3,2002-09,30,Mon,1
2002-10-01,2002,10,Oct,Oct 2002,Q4,2002-10,1,Tue,2
2002-10-02,2002,10,Oct,Oct 2002,Q4,2002-10,2,Wed,3
2002-10-03,2002,10,Oct,Oct 2002,Q4,2002-10,3,Thu,4
2002-10-04,2002,10,Oct,Oct 2002,Q4,2002-10,4,Fri,5
2002-10-05,2002,10,Oct,Oct 2002,Q4,2002-10,5,Sat,6
2002-10-06,2002,10,Oct,Oct 2002,Q4,2002-10,6,Sun,7
2002-10-07,2002,10,Oct,Oct 2002,Q4,2002-10,7,Mon,1
2002-10-08,2002,10,Oct,Oct 2002,Q4,2002-10,8,Tue,2
2002-10-09,2002,10,Oct,Oct 2002,Q4,2002-10,9,Wed,3
2002-10-10,2002,10,Oct,Oct 2002,Q4,2002-10,10,Thu,4
2002-10-11,2002,10,Oct,Oct 2002,Q4,2002-10,11,Fri,5
2002-10-12,2002,10,Oct,Oct 2002,Q4,2002-10,12,Sat,6
2002-10-13,2002,10,Oct,Oct 2002,Q4,2002-10,13,Sun,7
2002-10-14,2002,10,Oct,Oct 2002,Q4,2002-10,14,Mon,1
2002-10-15,2002,10,Oct,Oct 2002,Q4,2002-10,15,Tue,2
2002-10-16,2002,10,Oct,Oct 2002,Q4,2002-10,16,Wed,3
2002-10-17,2002,10,Oct,Oct 2002,Q4,2002-10,17,Thu,4
2002-10-18,2002,10,Oct,Oct 2002,Q4,2002-10,18,Fri,5
2002-10-19,2002,10,Oct,Oct 2002,Q4,2002-10,19,Sat,6
2002-10-20,2002,10,Oct,Oct 2002,Q4,2002-10,20,Sun,7
2002-10-21,2002,10,Oct,Oct 2002,Q4,2002-10,21,Mon,1
2002-10-22,2002,10,Oct,Oct 2002,Q4,2002-10,22,Tue,2
2002-10-23,2002,10,Oct,Oct 2002,Q4,2002-10,23,Wed,3
2002-10-24,2002,10,Oct,Oct 2002,Q4,2002-10,24,Thu,4
2002-10-25,2002,10,Oct,Oct 2002,Q4,2002-10,25,Fri,5
2002-10-26,2002,10,Oct,Oct 2002,Q4,2002-10,26,Sat,6
2002-10-27,2002,10,Oct,Oct 2002,Q4,2002-10,27,Sun,7
2002-10-28,2002,10,Oct,Oct 2002,Q4,2002-10,28,Mon,1
2002-10-29,2002,10,Oct,Oct 2002,Q4,2002-10,29,Tue,2
2002-10-30,2002,10,Oct,Oct 2002,Q4,2002-10,30,Wed,3
2002-10-31,2002,10,Oct,Oct 2002,Q4,2002-10,31,Thu,4
2002-11-01,2002,11,Nov,Nov 2002,Q4,2002-11,1,Fri,5
2002-11-02,2002,11,Nov,Nov 2002,Q4,2002-11,2,Sat,6
2002-11-03,2002,11,Nov,Nov 2002,Q4,2002-11,3,Sun,7
2002-11-04,2002,11,Nov,Nov 2002,Q4,2002-11,4,Mon,1
2002-11-05,2002,11,Nov,Nov 2002,Q4,2002-11,5,Tue,2
2002-11-06,2002,11,Nov,Nov 2002,Q4,2002-11,6,Wed,3
2002-11-07,2002,11,Nov,Nov 2002,Q4,2002-11,7,Thu,4
2002-11-08,2002,11,Nov,Nov 2002,Q4,2002-11,8,Fri,5
2002-11-09,2002,11,Nov,Nov 2002,Q4,2002-11,9,Sat,6
2002-11-10,2002,11,Nov,Nov 2002,Q4,2002-11,10,Sun,7
2002-11-11,2002,11,Nov,Nov 2002,Q4,2002-11,11,Mon,1
2002-11-12,2002,11,Nov,Nov 2002,Q4,2002-11,12,Tue,2
2002-11-13,2002,11,Nov,Nov 2002,Q4,2002-11,13,Wed,3
2002-11-14,2002,11,Nov,Nov 2002,Q4,2002-11,14,Thu,4
2002-11-15,2002,11,Nov,Nov 2002,Q4,2002-11,15,Fri,5
2002-11-16,2002,11,Nov,Nov 2002,Q4,2002-11,16,Sat,6
2002-11-17,2002,11,Nov,Nov 2002,Q4,2002-11,17,Sun,7
2002-11-18,2002,11,Nov,Nov 2002,Q4,2002-11,18,Mon,1
2002-11-19,2002,11,Nov,Nov 2002,Q4,2002-11,19,Tue,2
2002-11-20,2002,11,Nov,Nov 2002,Q4,2002-11,20,Wed,3
2002-11-21,2002,11,Nov,Nov 2002,Q4,2002-11,21,Thu,4
2002-11-22,2002,11,Nov,Nov 2002,Q4,2002-11,22,Fri,5
2002-11-23,2002,11,Nov,Nov 2002,Q4,2002-11,23,Sat,6
2002-11-24,2002,11,Nov,Nov 2002,Q4,2002-11,24,Sun,7
2002-11-25,2002,11,Nov,Nov 2002,Q4,2002-11,25,Mon,1
2002-11-26,2002,11,Nov,Nov 2002,Q4,2002-11,26,Tue,2
2002-11-27,2002,11,Nov,Nov 2002,Q4,2002-11,27,Wed,3
2002-11-28,2002,11,Nov,Nov 2002,Q4,2002-11,28,Thu,4
2002-11-29,2002,11,Nov,Nov 2002,Q4,2002-11,29,Fri,5
2002-11-30,2002,11,Nov,Nov 2002,Q4,2002-11,30,Sat,6
2002-12-01,2002,12,Dec,Dec 2002,Q4,2002-12,1,Sun,7
2002-12-02,2002,12,Dec,Dec 2002,Q4,2002-12,2,Mon,1
2002-12-03,2002,12,Dec,Dec 2002,Q4,2002-12,3,Tue,2
2002-12-04,2002,12,Dec,Dec 2002,Q4,2002-12,4,Wed,3
2002-12-05,2002,12,Dec,Dec 2002,Q4,2002-12,5,Thu,4
2002-12-06,2002,12,Dec,Dec 2002,Q4,2002-12,6,Fri,5
2002-12-07,2002,12,Dec,Dec 2002,Q4,2002-12,7,Sat,6
2002-12-08,2002,12,Dec,Dec 2002,Q4,2002-12,8,Sun,7
2002-12-09,2002,12,Dec,Dec 2002,Q4,2002-12,9,Mon,1
2002-12-10,2002,12,Dec,Dec 2002,Q4,2002-12,10,Tue,2
2002-12-11,2002,12,Dec,Dec 2002,Q4,2002-12,11,Wed,3
2002-12-12,2002,12,Dec,Dec 2002,Q4,2002-12,12,Thu,4
2002-12-13,2002,12,Dec,Dec 2002,Q4,2002-12,13,Fri,5
2002-12-14,2002,12,Dec,Dec 2002,Q4,2002-12,14,Sat,6
2002-12-15,2002,12,Dec,Dec 2002,Q4,2002-12,15,Sun,7
2002-12-16,2002,12,Dec,Dec 2002,Q4,2002-12,16,Mon,1
2002-12-17,2002,12,Dec,Dec 2002,Q4,2002-12,17,Tue,2
2002-12-18,2002,12,Dec,Dec 2002,Q4,2002-12,18,Wed,3
2002-12-19,2002,12,Dec,Dec 2002,Q4,2002-12,19,Thu,4
2002-12-20,2002,12,Dec,Dec 2002,Q4,2002-12,20,Fri,5
2002-12-21,2002,12,Dec,Dec 2002,Q4,2002-12,21,Sat,6
2002-12-22,2002,12,Dec,Dec 2002,Q4,2002-12,22,Sun,7
2002-12-23,2002,12,Dec,Dec 2002,Q4,2002-12,23,Mon,1
2002-12-24,2002,12,Dec,Dec 2002,Q4,2002-12,24,Tue,2
2002-12-25,2002,12,Dec,Dec 2002,Q4,2002-12,25,Wed,3
2002-12-26,2002,12,Dec,Dec 2002,Q4,2002-12,26,Thu,4
2002-12-27,2002,12,Dec,Dec 2002,Q4,2002-12,27,Fri,5
2002-12-28,2002,12,Dec,Dec 2002,Q4,2002-12,28,Sat,6
2002-12-29,2002,12,Dec,Dec 2002,Q4,2002-12,29,Sun,7
2002-12-30,2002,12,Dec,Dec 2002,Q4,2002-12,30,Mon,1
2002-12-31,2002,12,Dec,Dec 2002,Q4,2002-12,31,Tue,2
2003-01-01,2003,1,Jan,Jan 2003,Q1,2003-01,1,Wed,3
2003-01-02,2003,1,Jan,Jan 2003,Q1,2003-01,2,Thu,4
2003-01-03,2003,1,Jan,Jan 2003,Q1,2003-01,3,Fri,5
2003-01-04,2003,1,Jan,Jan 2003,Q1,2003-01,4,Sat,6
2003-01-05,2003,1,Jan,Jan 2003,Q1,2003-01,5,Sun,7
2003-01-06,2003,1,Jan,Jan 2003,Q1,2003-01,6,Mon,1
2003-01-07,2003,1,Jan,Jan 2003,Q1,2003-01,7,Tue,2
2003-01-08,2003,1,Jan,Jan 2003,Q1,2003-01,8,Wed,3
2003-01-09,2003,1,Jan,Jan 2003,Q1,2003-01,9,Thu,4
2003-01-10,2003,1,Jan,Jan 2003,Q1,2003-01,10,Fri,5
2003-01-11,2003,1,Jan,Jan 2003,Q1,2003-01,11,Sat,6
2003-01-12,2003,1,Jan,Jan 2003,Q1,2003-01,12,Sun,7
2003-01-13,2003,1,Jan,Jan 2003,Q1,2003-01,13,Mon,1
2003-01-14,2003,1,Jan,Jan 2003,Q1,2003-01,14,Tue,2
2003-01-15,2003,1,Jan,Jan 2003,Q1,2003-01,15,Wed,3
2003-01-16,2003,1,Jan,Jan 2003,Q1,2003-01,16,Thu,4
2003-01-17,2003,1,Jan,Jan 2003,Q1,2003-01,17,Fri,5
2003-01-18,2003,1,Jan,Jan 2003,Q1,2003-01,18,Sat,6
2003-01-19,2003,1,Jan,Jan 2003,Q1,2003-01,19,Sun,7
2003-01-20,2003,1,Jan,Jan 2003,Q1,2003-01,20,Mon,1
2003-01-21,2003,1,Jan,Jan 2003,Q1,2003-01,21,Tue,2
2003-01-22,2003,1,Jan,Jan 2003,Q1,2003-01,22,Wed,3
2003-01-23,2003,1,Jan,Jan 2003,Q1,2003-01,23,Thu,4
2003-01-24,2003,1,Jan,Jan 2003,Q1,2003-01,24,Fri,5
2003-01-25,2003,1,Jan,Jan 2003,Q1,2003-01,25,Sat,6
2003-01-26,2003,1,Jan,Jan 2003,Q1,2003-01,26,Sun,7
2003-01-27,2003,1,Jan,Jan 2003,Q1,2003-01,27,Mon,1
2003-01-28,2003,1,Jan,Jan 2003,Q1,2003-01,28,Tue,2
2003-01-29,2003,1,Jan,Jan 2003,Q1,2003-01,29,Wed,3
2003-01-30,2003,1,Jan,Jan 2003,Q1,2003-01,30,Thu,4
2003-01-31,2003,1,Jan,Jan 2003,Q1,2003-01,31,Fri,5
2003-02-01,2003,2,Feb,Feb 2003,Q1,2003-02,1,Sat,6
2003-02-02,2003,2,Feb,Feb 2003,Q1,2003-02,2,Sun,7
2003-02-03,2003,2,Feb,Feb 2003,Q1,2003-02,3,Mon,1
2003-02-04,2003,2,Feb,Feb 2003,Q1,2003-02,4,Tue,2
2003-02-05,2003,2,Feb,Feb 2003,Q1,2003-02,5,Wed,3
2003-02-06,2003,2,Feb,Feb 2003,Q1,2003-02,6,Thu,4
2003-02-07,2003,2,Feb,Feb 2003,Q1,2003-02,7,Fri,5
2003-02-08,2003,2,Feb,Feb 2003,Q1,2003-02,8,Sat,6
2003-02-09,2003,2,Feb,Feb 2003,Q1,2003-02,9,Sun,7
2003-02-10,2003,2,Feb,Feb 2003,Q1,2003-02,10,Mon,1
2003-02-11,2003,2,Feb,Feb 2003,Q1,2003-02,11,Tue,2
2003-02-12,2003,2,Feb,Feb 2003,Q1,2003-02,12,Wed,3
2003-02-13,2003,2,Feb,Feb 2003,Q1,2003-02,13,Thu,4
2003-02-14,2003,2,Feb,Feb 2003,Q1,2003-02,14,Fri,5
2003-02-15,2003,2,Feb,Feb 2003,Q1,2003-02,15,Sat,6
2003-02-16,2003,2,Feb,Feb 2003,Q1,2003-02,16,Sun,7
2003-02-17,2003,2,Feb,Feb 2003,Q1,2003-02,17,Mon,1
2003-02-18,2003,2,Feb,Feb 2003,Q1,2003-02,18,Tue,2
2003-02-19,2003,2,Feb,Feb 2003,Q1,2003-02,19,Wed,3
2003-02-20,2003,2,Feb,Feb 2003,Q1,2003-02,20,Thu,4
2003-02-21,2003,2,Feb,Feb 2003,Q1,2003-02,21,Fri,5
2003-02-22,2003,2,Feb,Feb 2003,Q1,2003-02,22,Sat,6
2003-02-23,2003,2,Feb,Feb 2003,Q1,2003-02,23,Sun,7
2003-02-24,2003,2,Feb,Feb 2003,Q1,2003-02,24,Mon,1
2003-02-25,2003,2,Feb,Feb 2003,Q1,2003-02,25,Tue,2
2003-02-26,2003,2,Feb,Feb 2003,Q1,2003-02,26,Wed,3
2003-02-27,2003,2,Feb,Feb 2003,Q1,2003-02,27,Thu,4
2003-02-28,2003,2,Feb,Feb 2003,Q1,2003-02,28,Fri,5
2003-03-01,2003,3,Mar,Mar 2003,Q1,2003-03,1,Sat,6
2003-03-02,2003,3,Mar,Mar 2003,Q1,2003-03,2,Sun,7
2003-03-03,2003,3,Mar,Mar 2003,Q1,2003-03,3,Mon,1
2003-03-04,2003,3,Mar,Mar 2003,Q1,2003-03,4,Tue,2
2003-03-05,2003,3,Mar,Mar 2003,Q1,2003-03,5,Wed,3
2003-03-06,2003,3,Mar,Mar 2003,Q1,2003-03,6,Thu,4
2003-03-07,2003,3,Mar,Mar 2003,Q1,2003-03,7,Fri,5
2003-03-08,2003,3,Mar,Mar 2003,Q1,2003-03,8,Sat,6
2003-03-09,2003,3,Mar,Mar 2003,Q1,2003-03,9,Sun,7
2003-03-10,2003,3,Mar,Mar 2003,Q1,2003-03,10,Mon,1
2003-03-11,2003,3,Mar,Mar 2003,Q1,2003-03,11,Tue,2
2003-03-12,2003,3,Mar,Mar 2003,Q1,2003-03,12,Wed,3
2003-03-13,2003,3,Mar,Mar 2003,Q1,2003-03,13,Thu,4
2003-03-14,2003,3,Mar,Mar 2003,Q1,2003-03,14,Fri,5
2003-03-15,2003,3,Mar,Mar 2003,Q1,2003-03,15,Sat,6
2003-03-16,2003,3,Mar,Mar 2003,Q1,2003-03,16,Sun,7
2003-03-17,2003,3,Mar,Mar 2003,Q1,2003-03,17,Mon,1
2003-03-18,2003,3,Mar,Mar 2003,Q1,2003-03,18,Tue,2
2003-03-19,2003,3,Mar,Mar 2003,Q1,2003-03,19,Wed,3
2003-03-20,2003,3,Mar,Mar 2003,Q1,2003-03,20,Thu,4
2003-03-21,2003,3,Mar,Mar 2003,Q1,2003-03,21,Fri,5
2003-03-22,2003,3,Mar,Mar 2003,Q1,2003-03,22,Sat,6
2003-03-23,2003,3,Mar,Mar 2003,Q1,2003-03,23,Sun,7
2003-03-24,2003,3,Mar,Mar 2003,Q1,2003-03,24,Mon,1
2003-03-25,2003,3,Mar,Mar 2003,Q1,2003-03,25,Tue,2
2003-03-26,2003,3,Mar,Mar 2003,Q1,2003-03,26,Wed,3
2003-03-27,2003,3,Mar,Mar 2003,Q1,2003-03,27,Thu,4
2003-03-28,2003,3,Mar,Mar 2003,Q1,2003-03,28,Fri,5
2003-03-29,2003,3,Mar,Mar 2003,Q1,2003-03,29,Sat,6
2003-03-30,2003,3,Mar,Mar 2003,Q1,2003-03,30,Sun,7
2003-03-31,2003,3,Mar,Mar 2003,Q1,2003-03,31,Mon,1
2003-04-01,2003,4,Apr,Apr 2003,Q2,2003-04,1,Tue,2
2003-04-02,2003,4,Apr,Apr 2003,Q2,2003-04,2,Wed,3
2003-04-03,2003,4,Apr,Apr 2003,Q2,2003-04,3,Thu,4
2003-04-04,2003,4,Apr,Apr 2003,Q2,2003-04,4,Fri,5
2003-04-05,2003,4,Apr,Apr 2003,Q2,2003-04,5,Sat,6
2003-04-06,2003,4,Apr,Apr 2003,Q2,2003-04,6,Sun,7
2003-04-07,2003,4,Apr,Apr 2003,Q2,2003-04,7,Mon,1
2003-04-08,2003,4,Apr,Apr 2003,Q2,2003-04,8,Tue,2
2003-04-09,2003,4,Apr,Apr 2003,Q2,2003-04,9,Wed,3
2003-04-10,2003,4,Apr,Apr 2003,Q2,2003-04,10,Thu,4
2003-04-11,2003,4,Apr,Apr 2003,Q2,2003-04,11,Fri,5
2003-04-12,2003,4,Apr,Apr 2003,Q2,2003-04,12,Sat,6
2003-04-13,2003,4,Apr,Apr 2003,Q2,2003-04,13,Sun,7
2003-04-14,2003,4,Apr,Apr 2003,Q2,2003-04,14,Mon,1
2003-04-15,2003,4,Apr,Apr 2003,Q2,2003-04,15,Tue,2
2003-04-16,2003,4,Apr,Apr 2003,Q2,2003-04,16,Wed,3
2003-04-17,2003,4,Apr,Apr 2003,Q2,2003-04,17,Thu,4
2003-04-18,2003,4,Apr,Apr 2003,Q2,2003-04,18,Fri,5
2003-04-19,2003,4,Apr,Apr 2003,Q2,2003-04,19,Sat,6
2003-04-20,2003,4,Apr,Apr 2003,Q2,2003-04,20,Sun,7
2003-04-21,2003,4,Apr,Apr 2003,Q2,2003-04,21,Mon,1
2003-04-22,2003,4,Apr,Apr 2003,Q2,2003-04,22,Tue,2
2003-04-23,2003,4,Apr,Apr 2003,Q2,2003-04,23,Wed,3
2003-04-24,2003,4,Apr,Apr 2003,Q2,2003-04,24,Thu,4
2003-04-25,2003,4,Apr,Apr 2003,Q2,2003-04,25,Fri,5
2003-04-26,2003,4,Apr,Apr 2003,Q2,2003-04,26,Sat,6
2003-04-27,2003,4,Apr,Apr 2003,Q2,2003-04,27,Sun,7
2003-04-28,2003,4,Apr,Apr 2003,Q2,2003-04,28,Mon,1
2003-04-29,2003,4,Apr,Apr 2003,Q2,2003-04,29,Tue,2
2003-04-30,2003,4,Apr,Apr 2003,Q2,2003-04,30,Wed,3
2003-05-01,2003,5,May,May 2003,Q2,2003-05,1,Thu,4
2003-05-02,2003,5,May,May 2003,Q2,2003-05,2,Fri,5
2003-05-03,2003,5,May,May 2003,Q2,2003-05,3,Sat,6
2003-05-04,2003,5,May,May 2003,Q2,2003-05,4,Sun,7
2003-05-05,2003,5,May,May 2003,Q2,2003-05,5,Mon,1
2003-05-06,2003,5,May,May 2003,Q2,2003-05,6,Tue,2
2003-05-07,2003,5,May,May 2003,Q2,2003-05,7,Wed,3
2003-05-08,2003,5,May,May 2003,Q2,2003-05,8,Thu,4
2003-05-09,2003,5,May,May 2003,Q2,2003-05,9,Fri,5
2003-05-10,2003,5,May,May 2003,Q2,2003-05,10,Sat,6
2003-05-11,2003,5,May,May 2003,Q2,2003-05,11,Sun,7
2003-05-12,2003,5,May,May 2003,Q2,2003-05,12,Mon,1
2003-05-13,2003,5,May,May 2003,Q2,2003-05,13,Tue,2
2003-05-14,2003,5,May,May 2003,Q2,2003-05,14,Wed,3
2003-05-15,2003,5,May,May 2003,Q2,2003-05,15,Thu,4
2003-05-16,2003,5,May,May 2003,Q2,2003-05,16,Fri,5
2003-05-17,2003,5,May,May 2003,Q2,2003-05,17,Sat,6
2003-05-18,2003,5,May,May 2003,Q2,2003-05,18,Sun,7
2003-05-19,2003,5,May,May 2003,Q2,2003-05,19,Mon,1
2003-05-20,2003,5,May,May 2003,Q2,2003-05,20,Tue,2
2003-05-21,2003,5,May,May 2003,Q2,2003-05,21,Wed,3
2003-05-22,2003,5,May,May 2003,Q2,2003-05,22,Thu,4
2003-05-23,2003,5,May,May 2003,Q2,2003-05,23,Fri,5
2003-05-24,2003,5,May,May 2003,Q2,2003-05,24,Sat,6
2003-05-25,2003,5,May,May 2003,Q2,2003-05,25,Sun,7
2003-05-26,2003,5,May,May 2003,Q2,2003-05,26,Mon,1
2003-05-27,2003,5,May,May 2003,Q2,2003-05,27,Tue,2
2003-05-28,2003,5,May,May 2003,Q2,2003-05,28,Wed,3
2003-05-29,2003,5,May,May 2003,Q2,2003-05,29,Thu,4
2003-05-30,2003,5,May,May 2003,Q2,2003-05,30,Fri,5
2003-05-31,2003,5,May,May 2003,Q2,2003-05,31,Sat,6
2003-06-01,2003,6,Jun,Jun 2003,Q2,2003-06,1,Sun,7
2003-06-02,2003,6,Jun,Jun 2003,Q2,2003-06,2,Mon,1
2003-06-03,2003,6,Jun,Jun 2003,Q2,2003-06,3,Tue,2
2003-06-04,2003,6,Jun,Jun 2003,Q2,2003-06,4,Wed,3
2003-06-05,2003,6,Jun,Jun 2003,Q2,2003-06,5,Thu,4
2003-06-06,2003,6,Jun,Jun 2003,Q2,2003-06,6,Fri,5
2003-06-07,2003,6,Jun,Jun 2003,Q2,2003-06,7,Sat,6
2003-06-08,2003,6,Jun,Jun 2003,Q2,2003-06,8,Sun,7
2003-06-09,2003,6,Jun,Jun 2003,Q2,2003-06,9,Mon,1
2003-06-10,2003,6,Jun,Jun 2003,Q2,2003-06,10,Tue,2
2003-06-11,2003,6,Jun,Jun 2003,Q2,2003-06,11,Wed,3
2003-06-12,2003,6,Jun,Jun 2003,Q2,2003-06,12,Thu,4
2003-06-13,2003,6,Jun,Jun 2003,Q2,2003-06,13,Fri,5
2003-06-14,2003,6,Jun,Jun 2003,Q2,2003-06,14,Sat,6
2003-06-15,2003,6,Jun,Jun 2003,Q2,2003-06,15,Sun,7
2003-06-16,2003,6,Jun,Jun 2003,Q2,2003-06,16,Mon,1
2003-06-17,2003,6,Jun,Jun 2003,Q2,2003-06,17,Tue,2
2003-06-18,2003,6,Jun,Jun 2003,Q2,2003-06,18,Wed,3
2003-06-19,2003,6,Jun,Jun 2003,Q2,2003-06,19,Thu,4
2003-06-20,2003,6,Jun,Jun 2003,Q2,2003-06,20,Fri,5
2003-06-21,2003,6,Jun,Jun 2003,Q2,2003-06,21,Sat,6
2003-06-22,2003,6,Jun,Jun 2003,Q2,2003-06,22,Sun,7
2003-06-23,2003,6,Jun,Jun 2003,Q2,2003-06,23,Mon,1
2003-06-24,2003,6,Jun,Jun 2003,Q2,2003-06,24,Tue,2
2003-06-25,2003,6,Jun,Jun 2003,Q2,2003-06,25,Wed,3
2003-06-26,2003,6,Jun,Jun 2003,Q2,2003-06,26,Thu,4
2003-06-27,2003,6,Jun,Jun 2003,Q2,2003-06,27,Fri,5
2003-06-28,2003,6,Jun,Jun 2003,Q2,2003-06,28,Sat,6
2003-06-29,2003,6,Jun,Jun 2003,Q2,2003-06,29,Sun,7
2003-06-30,2003,6,Jun,Jun 2003,Q2,2003-06,30,Mon,1
2003-07-01,2003,7,Jul,Jul 2003,Q3,2003-07,1,Tue,2
2003-07-02,2003,7,Jul,Jul 2003,Q3,2003-07,2,Wed,3
2003-07-03,2003,7,Jul,Jul 2003,Q3,2003-07,3,Thu,4
2003-07-04,2003,7,Jul,Jul 2003,Q3,2003-07,4,Fri,5
2003-07-05,2003,7,Jul,Jul 2003,Q3,2003-07,5,Sat,6
2003-07-06,2003,7,Jul,Jul 2003,Q3,2003-07,6,Sun,7
2003-07-07,2003,7,Jul,Jul 2003,Q3,2003-07,7,Mon,1
2003-07-08,2003,7,Jul,Jul 2003,Q3,2003-07,8,Tue,2
2003-07-09,2003,7,Jul,Jul 2003,Q3,2003-07,9,Wed,3
2003-07-10,2003,7,Jul,Jul 2003,Q3,2003-07,10,Thu,4
2003-07-11,2003,7,Jul,Jul 2003,Q3,2003-07,11,Fri,5
2003-07-12,2003,7,Jul,Jul 2003,Q3,2003-07,12,Sat,6
2003-07-13,2003,7,Jul,Jul 2003,Q3,2003-07,13,Sun,7
2003-07-14,2003,7,Jul,Jul 2003,Q3,2003-07,14,Mon,1
2003-07-15,2003,7,Jul,Jul 2003,Q3,2003-07,15,Tue,2
2003-07-16,2003,7,Jul,Jul 2003,Q3,2003-07,16,Wed,3
2003-07-17,2003,7,Jul,Jul 2003,Q3,2003-07,17,Thu,4
2003-07-18,2003,7,Jul,Jul 2003,Q3,2003-07,18,Fri,5
2003-07-19,2003,7,Jul,Jul 2003,Q3,2003-07,19,Sat,6
2003-07-20,2003,7,Jul,Jul 2003,Q3,2003-07,20,Sun,7
2003-07-21,2003,7,Jul,Jul 2003,Q3,2003-07,21,Mon,1
2003-07-22,2003,7,Jul,Jul 2003,Q3,2003-07,22,Tue,2
2003-07-23,2003,7,Jul,Jul 2003,Q3,2003-07,23,Wed,3
2003-07-24,2003,7,Jul,Jul 2003,Q3,2003-07,24,Thu,4
2003-07-25,2003,7,Jul,Jul 2003,Q3,2003-07,25,Fri,5
2003-07-26,2003,7,Jul,Jul 2003,Q3,2003-07,26,Sat,6
2003-07-27,2003,7,Jul,Jul 2003,Q3,2003-07,27,Sun,7
2003-07-28,2003,7,Jul,Jul 2003,Q3,2003-07,28,Mon,1
2003-07-29,2003,7,Jul,Jul 2003,Q3,2003-07,29,Tue,2
2003-07-30,2003,7,Jul,Jul 2003,Q3,2003-07,30,Wed,3
2003-07-31,2003,7,Jul,Jul 2003,Q3,2003-07,31,Thu,4
2003-08-01,2003,8,Aug,Aug 2003,Q3,2003-08,1,Fri,5
2003-08-02,2003,8,Aug,Aug 2003,Q3,2003-08,2,Sat,6
2003-08-03,2003,8,Aug,Aug 2003,Q3,2003-08,3,Sun,7
2003-08-04,2003,8,Aug,Aug 2003,Q3,2003-08,4,Mon,1
2003-08-05,2003,8,Aug,Aug 2003,Q3,2003-08,5,Tue,2
2003-08-06,2003,8,Aug,Aug 2003,Q3,2003-08,6,Wed,3
2003-08-07,2003,8,Aug,Aug 2003,Q3,2003-08,7,Thu,4
2003-08-08,2003,8,Aug,Aug 2003,Q3,2003-08,8,Fri,5
2003-08-09,2003,8,Aug,Aug 2003,Q3,2003-08,9,Sat,6
2003-08-10,2003,8,Aug,Aug 2003,Q3,2003-08,10,Sun,7
2003-08-11,2003,8,Aug,Aug 2003,Q3,2003-08,11,Mon,1
2003-08-12,2003,8,Aug,Aug 2003,Q3,2003-08,12,Tue,2
2003-08-13,2003,8,Aug,Aug 2003,Q3,2003-08,13,Wed,3
2003-08-14,2003,8,Aug,Aug 2003,Q3,2003-08,14,Thu,4
2003-08-15,2003,8,Aug,Aug 2003,Q3,2003-08,15,Fri,5
2003-08-16,2003,8,Aug,Aug 2003,Q3,2003-08,16,Sat,6
2003-08-17,2003,8,Aug,Aug 2003,Q3,2003-08,17,Sun,7
2003-08-18,2003,8,Aug,Aug 2003,Q3,2003-08,18,Mon,1
2003-08-19,2003,8,Aug,Aug 2003,Q3,2003-08,19,Tue,2
2003-08-20,2003,8,Aug,Aug 2003,Q3,2003-08,20,Wed,3
2003-08-21,2003,8,Aug,Aug 2003,Q3,2003-08,21,Thu,4
2003-08-22,2003,8,Aug,Aug 2003,Q3,2003-08,22,Fri,5
2003-08-23,2003,8,Aug,Aug 2003,Q3,2003-08,23,Sat,6
2003-08-24,2003,8,Aug,Aug 2003,Q3,2003-08,24,Sun,7
2003-08-25,2003,8,Aug,Aug 2003,Q3,2003-08,25,Mon,1
2003-08-26,2003,8,Aug,Aug 2003,Q3,2003-08,26,Tue,2
2003-08-27,2003,8,Aug,Aug 2003,Q3,2003-08,27,Wed,3
2003-08-28,2003,8,Aug,Aug 2003,Q3,2003-08,28,Thu,4
2003-08-29,2003,8,Aug,Aug 2003,Q3,2003-08,29,Fri,5
2003-08-30,2003,8,Aug,Aug 2003,Q3,2003-08,30,Sat,6
2003-08-31,2003,8,Aug,Aug 2003,Q3,2003-08,31,Sun,7
2003-09-01,2003,9,Sep,Sep 2003,Q3,2003-09,1,Mon,1
2003-09-02,2003,9,Sep,Sep 2003,Q3,2003-09,2,Tue,2
2003-09-03,2003,9,Sep,Sep 2003,Q3,2003-09,3,Wed,3
2003-09-04,2003,9,Sep,Sep 2003,Q3,2003-09,4,Thu,4
2003-09-05,2003,9,Sep,Sep 2003,Q3,2003-09,5,Fri,5
2003-09-06,2003,9,Sep,Sep 2003,Q3,2003-09,6,Sat,6
2003-09-07,2003,9,Sep,Sep 2003,Q3,2003-09,7,Sun,7
2003-09-08,2003,9,Sep,Sep 2003,Q3,2003-09,8,Mon,1
2003-09-09,2003,9,Sep,Sep 2003,Q3,2003-09,9,Tue,2
2003-09-10,2003,9,Sep,Sep 2003,Q3,2003-09,10,Wed,3
2003-09-11,2003,9,Sep,Sep 2003,Q3,2003-09,11,Thu,4
2003-09-12,2003,9,Sep,Sep 2003,Q3,2003-09,12,Fri,5
2003-09-13,2003,9,Sep,Sep 2003,Q3,2003-09,13,Sat,6
2003-09-14,2003,9,Sep,Sep 2003,Q3,2003-09,14,Sun,7
2003-09-15,2003,9,Sep,Sep 2003,Q3,2003-09,15,Mon,1
2003-09-16,2003,9,Sep,Sep 2003,Q3,2003-09,16,Tue,2
2003-09-17,2003,9,Sep,Sep 2003,Q3,2003-09,17,Wed,3
2003-09-18,2003,9,Sep,Sep 2003,Q3,2003-09,18,Thu,4
2003-09-19,2003,9,Sep,Sep 2003,Q3,2003-09,19,Fri,5
2003-09-20,2003,9,Sep,Sep 2003,Q3,2003-09,20,Sat,6
2003-09-21,2003,9,Sep,Sep 2003,Q3,2003-09,21,Sun,7
2003-09-22,2003,9,Sep,Sep 2003,Q3,2003-09,22,Mon,1
2003-09-23,2003,9,Sep,Sep 2003,Q3,2003-09,23,Tue,2
2003-09-24,2003,9,Sep,Sep 2003,Q3,2003-09,24,Wed,3
2003-09-25,2003,9,Sep,Sep 2003,Q3,2003-09,25,Thu,4
2003-09-26,2003,9,Sep,Sep 2003,Q3,2003-09,26,Fri,5
2003-09-27,2003,9,Sep,Sep 2003,Q3,2003-09,27,Sat,6
2003-09-28,2003,9,Sep,Sep 2003,Q3,2003-09,28,Sun,7
2003-09-29,2003,9,Sep,Sep 2003,Q3,2003-09,29,Mon,1
2003-09-30,2003,9,Sep,Sep 2003,Q3,2003-09,30,Tue,2
2003-10-01,2003,10,Oct,Oct 2003,Q4,2003-10,1,Wed,3
2003-10-02,2003,10,Oct,Oct 2003,Q4,2003-10,2,Thu,4
2003-10-03,2003,10,Oct,Oct 2003,Q4,2003-10,3,Fri,5
2003-10-04,2003,10,Oct,Oct 2003,Q4,2003-10,4,Sat,6
2003-10-05,2003,10,Oct,Oct 2003,Q4,2003-10,5,Sun,7
2003-10-06,2003,10,Oct,Oct 2003,Q4,2003-10,6,Mon,1
2003-10-07,2003,10,Oct,Oct 2003,Q4,2003-10,7,Tue,2
2003-10-08,2003,10,Oct,Oct 2003,Q4,2003-10,8,Wed,3
2003-10-09,2003,10,Oct,Oct 2003,Q4,2003-10,9,Thu,4
2003-10-10,2003,10,Oct,Oct 2003,Q4,2003-10,10,Fri,5
2003-10-11,2003,10,Oct,Oct 2003,Q4,2003-10,11,Sat,6
2003-10-12,2003,10,Oct,Oct 2003,Q4,2003-10,12,Sun,7
2003-10-13,2003,10,Oct,Oct 2003,Q4,2003-10,13,Mon,1
2003-10-14,2003,10,Oct,Oct 2003,Q4,2003-10,14,Tue,2
2003-10-15,2003,10,Oct,Oct 2003,Q4,2003-10,15,Wed,3
2003-10-16,2003,10,Oct,Oct 2003,Q4,2003-10,16,Thu,4
2003-10-17,2003,10,Oct,Oct 2003,Q4,2003-10,17,Fri,5
2003-10-18,2003,10,Oct,Oct 2003,Q4,2003-10,18,Sat,6
2003-10-19,2003,10,Oct,Oct 2003,Q4,2003-10,19,Sun,7
2003-10-20,2003,10,Oct,Oct 2003,Q4,2003-10,20,Mon,1
2003-10-21,2003,10,Oct,Oct 2003,Q4,2003-10,21,Tue,2
2003-10-22,2003,10,Oct,Oct 2003,Q4,2003-10,22,Wed,3
2003-10-23,2003,10,Oct,Oct 2003,Q4,2003-10,23,Thu,4
2003-10-24,2003,10,Oct,Oct 2003,Q4,2003-10,24,Fri,5
2003-10-25,2003,10,Oct,Oct 2003,Q4,2003-10,25,Sat,6
2003-10-26,2003,10,Oct,Oct 2003,Q4,2003-10,26,Sun,7
2003-10-27,2003,10,Oct,Oct 2003,Q4,2003-10,27,Mon,1
2003-10-28,2003,10,Oct,Oct 2003,Q4,2003-10,28,Tue,2
2003-10-29,2003,10,Oct,Oct 2003,Q4,2003-10,29,Wed,3
2003-10-30,2003,10,Oct,Oct 2003,Q4,2003-10,30,Thu,4
2003-10-31,2003,10,Oct,Oct 2003,Q4,2003-10,31,Fri,5
2003-11-01,2003,11,Nov,Nov 2003,Q4,2003-11,1,Sat,6
2003-11-02,2003,11,Nov,Nov 2003,Q4,2003-11,2,Sun,7
2003-11-03,2003,11,Nov,Nov 2003,Q4,2003-11,3,Mon,1
2003-11-04,2003,11,Nov,Nov 2003,Q4,2003-11,4,Tue,2
2003-11-05,2003,11,Nov,Nov 2003,Q4,2003-11,5,Wed,3
2003-11-06,2003,11,Nov,Nov 2003,Q4,2003-11,6,Thu,4
2003-11-07,2003,11,Nov,Nov 2003,Q4,2003-11,7,Fri,5
2003-11-08,2003,11,Nov,Nov 2003,Q4,2003-11,8,Sat,6
2003-11-09,2003,11,Nov,Nov 2003,Q4,2003-11,9,Sun,7
2003-11-10,2003,11,Nov,Nov 2003,Q4,2003-11,10,Mon,1
2003-11-11,2003,11,Nov,Nov 2003,Q4,2003-11,11,Tue,2
2003-11-12,2003,11,Nov,Nov 2003,Q4,2003-11,12,Wed,3
2003-11-13,2003,11,Nov,Nov 2003,Q4,2003-11,13,Thu,4
2003-11-14,2003,11,Nov,Nov 2003,Q4,2003-11,14,Fri,5
2003-11-15,2003,11,Nov,Nov 2003,Q4,2003-11,15,Sat,6
2003-11-16,2003,11,Nov,Nov 2003,Q4,2003-11,16,Sun,7
2003-11-17,2003,11,Nov,Nov 2003,Q4,2003-11,17,Mon,1
2003-11-18,2003,11,Nov,Nov 2003,Q4,2003-11,18,Tue,2
2003-11-19,2003,11,Nov,Nov 2003,Q4,2003-11,19,Wed,3
2003-11-20,2003,11,Nov,Nov 2003,Q4,2003-11,20,Thu,4
2003-11-21,2003,11,Nov,Nov 2003,Q4,2003-11,21,Fri,5
2003-11-22,2003,11,Nov,Nov 2003,Q4,2003-11,22,Sat,6
2003-11-23,2003,11,Nov,Nov 2003,Q4,2003-11,23,Sun,7
2003-11-24,2003,11,Nov,Nov 2003,Q4,2003-11,24,Mon,1
2003-11-25,2003,11,Nov,Nov 2003,Q4,2003-11,25,Tue,2
2003-11-26,2003,11,Nov,Nov 2003,Q4,2003-11,26,Wed,3
2003-11-27,2003,11,Nov,Nov 2003,Q4,2003-11,27,Thu,4
2003-11-28,2003,11,Nov,Nov 2003,Q4,2003-11,28,Fri,5
2003-11-29,2003,11,Nov,Nov 2003,Q4,2003-11,29,Sat,6
2003-11-30,2003,11,Nov,Nov 2003,Q4,2003-11,30,Sun,7
2003-12-01,2003,12,Dec,Dec 2003,Q4,2003-12,1,Mon,1
2003-12-02,2003,12,Dec,Dec 2003,Q4,2003-12,2,Tue,2
2003-12-03,2003,12,Dec,Dec 2003,Q4,2003-12,3,Wed,3
2003-12-04,2003,12,Dec,Dec 2003,Q4,2003-12,4,Thu,4
2003-12-05,2003,12,Dec,Dec 2003,Q4,2003-12,5,Fri,5
2003-12-06,2003,12,Dec,Dec 2003,Q4,2003-12,6,Sat,6
2003-12-07,2003,12,Dec,Dec 2003,Q4,2003-12,7,Sun,7
2003-12-08,2003,12,Dec,Dec 2003,Q4,2003-12,8,Mon,1
2003-12-09,2003,12,Dec,Dec 2003,Q4,2003-12,9,Tue,2
2003-12-10,2003,12,Dec,Dec 2003,Q4,2003-12,10,Wed,3
2003-12-11,2003,12,Dec,Dec 2003,Q4,2003-12,11,Thu,4
2003-12-12,2003,12,Dec,Dec 2003,Q4,2003-12,12,Fri,5
2003-12-13,2003,12,Dec,Dec 2003,Q4,2003-12,13,Sat,6
2003-12-14,2003,12,Dec,Dec 2003,Q4,2003-12,14,Sun,7
2003-12-15,2003,12,Dec,Dec 2003,Q4,2003-12,15,Mon,1
2003-12-16,2003,12,Dec,Dec 2003,Q4,2003-12,16,Tue,2
2003-12-17,2003,12,Dec,Dec 2003,Q4,2003-12,17,Wed,3
2003-12-18,2003,12,Dec,Dec 2003,Q4,2003-12,18,Thu,4
2003-12-19,2003,12,Dec,Dec 2003,Q4,2003-12,19,Fri,5
2003-12-20,2003,12,Dec,Dec 2003,Q4,2003-12,20,Sat,6
2003-12-21,2003,12,Dec,Dec 2003,Q4,2003-12,21,Sun,7
2003-12-22,2003,12,Dec,Dec 2003,Q4,2003-12,22,Mon,1
2003-12-23,2003,12,Dec,Dec 2003,Q4,2003-12,23,Tue,2
2003-12-24,2003,12,Dec,Dec 2003,Q4,2003-12,24,Wed,3
2003-12-25,2003,12,Dec,Dec 2003,Q4,2003-12,25,Thu,4
2003-12-26,2003,12,Dec,Dec 2003,Q4,2003-12,26,Fri,5
2003-12-27,2003,12,Dec,Dec 2003,Q4,2003-12,27,Sat,6
2003-12-28,2003,12,Dec,Dec 2003,Q4,2003-12,28,Sun,7
2003-12-29,2003,12,Dec,Dec 2003,Q4,2003-12,29,Mon,1
2003-12-30,2003,12,Dec,Dec 2003,Q4,2003-12,30,Tue,2
2003-12-31,2003,12,Dec,Dec 2003,Q4,2003-12,31,Wed,3
2004-01-01,2004,1,Jan,Jan 2004,Q1,2004-01,1,Thu,4
2004-01-02,2004,1,Jan,Jan 2004,Q1,2004-01,2,Fri,5
2004-01-03,2004,1,Jan,Jan 2004,Q1,2004-01,3,Sat,6
2004-01-04,2004,1,Jan,Jan 2004,Q1,2004-01,4,Sun,7
2004-01-05,2004,1,Jan,Jan 2004,Q1,2004-01,5,Mon,1
2004-01-06,2004,1,Jan,Jan 2004,Q1,2004-01,6,Tue,2
2004-01-07,2004,1,Jan,Jan 2004,Q1,2004-01,7,Wed,3
2004-01-08,2004,1,Jan,Jan 2004,Q1,2004-01,8,Thu,4
2004-01-09,2004,1,Jan,Jan 2004,Q1,2004-01,9,Fri,5
2004-01-10,2004,1,Jan,Jan 2004,Q1,2004-01,10,Sat,6
2004-01-11,2004,1,Jan,Jan 2004,Q1,2004-01,11,Sun,7
2004-01-12,2004,1,Jan,Jan 2004,Q1,2004-01,12,Mon,1
2004-01-13,2004,1,Jan,Jan 2004,Q1,2004-01,13,Tue,2
2004-01-14,2004,1,Jan,Jan 2004,Q1,2004-01,14,Wed,3
2004-01-15,2004,1,Jan,Jan 2004,Q1,2004-01,15,Thu,4
2004-01-16,2004,1,Jan,Jan 2004,Q1,2004-01,16,Fri,5
2004-01-17,2004,1,Jan,Jan 2004,Q1,2004-01,17,Sat,6
2004-01-18,2004,1,Jan,Jan 2004,Q1,2004-01,18,Sun,7
2004-01-19,2004,1,Jan,Jan 2004,Q1,2004-01,19,Mon,1
2004-01-20,2004,1,Jan,Jan 2004,Q1,2004-01,20,Tue,2
2004-01-21,2004,1,Jan,Jan 2004,Q1,2004-01,21,Wed,3
2004-01-22,2004,1,Jan,Jan 2004,Q1,2004-01,22,Thu,4
2004-01-23,2004,1,Jan,Jan 2004,Q1,2004-01,23,Fri,5
2004-01-24,2004,1,Jan,Jan 2004,Q1,2004-01,24,Sat,6
2004-01-25,2004,1,Jan,Jan 2004,Q1,2004-01,25,Sun,7
2004-01-26,2004,1,Jan,Jan 2004,Q1,2004-01,26,Mon,1
2004-01-27,2004,1,Jan,Jan 2004,Q1,2004-01,27,Tue,2
2004-01-28,2004,1,Jan,Jan 2004,Q1,2004-01,28,Wed,3
2004-01-29,2004,1,Jan,Jan 2004,Q1,2004-01,29,Thu,4
2004-01-30,2004,1,Jan,Jan 2004,Q1,2004-01,30,Fri,5
2004-01-31,2004,1,Jan,Jan 2004,Q1,2004-01,31,Sat,6
2004-02-01,2004,2,Feb,Feb 2004,Q1,2004-02,1,Sun,7
2004-02-02,2004,2,Feb,Feb 2004,Q1,2004-02,2,Mon,1
2004-02-03,2004,2,Feb,Feb 2004,Q1,2004-02,3,Tue,2
2004-02-04,2004,2,Feb,Feb 2004,Q1,2004-02,4,Wed,3
2004-02-05,2004,2,Feb,Feb 2004,Q1,2004-02,5,Thu,4
2004-02-06,2004,2,Feb,Feb 2004,Q1,2004-02,6,Fri,5
2004-02-07,2004,2,Feb,Feb 2004,Q1,2004-02,7,Sat,6
2004-02-08,2004,2,Feb,Feb 2004,Q1,2004-02,8,Sun,7
2004-02-09,2004,2,Feb,Feb 2004,Q1,2004-02,9,Mon,1
2004-02-10,2004,2,Feb,Feb 2004,Q1,2004-02,10,Tue,2
2004-02-11,2004,2,Feb,Feb 2004,Q1,2004-02,11,Wed,3
2004-02-12,2004,2,Feb,Feb 2004,Q1,2004-02,12,Thu,4
2004-02-13,2004,2,Feb,Feb 2004,Q1,2004-02,13,Fri,5
2004-02-14,2004,2,Feb,Feb 2004,Q1,2004-02,14,Sat,6
2004-02-15,2004,2,Feb,Feb 2004,Q1,2004-02,15,Sun,7
2004-02-16,2004,2,Feb,Feb 2004,Q1,2004-02,16,Mon,1
2004-02-17,2004,2,Feb,Feb 2004,Q1,2004-02,17,Tue,2
2004-02-18,2004,2,Feb,Feb 2004,Q1,2004-02,18,Wed,3
2004-02-19,2004,2,Feb,Feb 2004,Q1,2004-02,19,Thu,4
2004-02-20,2004,2,Feb,Feb 2004,Q1,2004-02,20,Fri,5
2004-02-21,2004,2,Feb,Feb 2004,Q1,2004-02,21,Sat,6
2004-02-22,2004,2,Feb,Feb 2004,Q1,2004-02,22,Sun,7
2004-02-23,2004,2,Feb,Feb 2004,Q1,2004-02,23,Mon,1
2004-02-24,2004,2,Feb,Feb 2004,Q1,2004-02,24,Tue,2
2004-02-25,2004,2,Feb,Feb 2004,Q1,2004-02,25,Wed,3
2004-02-26,2004,2,Feb,Feb 2004,Q1,2004-02,26,Thu,4
2004-02-27,2004,2,Feb,Feb 2004,Q1,2004-02,27,Fri,5
2004-02-28,2004,2,Feb,Feb 2004,Q1,2004-02,28,Sat,6
2004-02-29,2004,2,Feb,Feb 2004,Q1,2004-02,29,Sun,7
2004-03-01,2004,3,Mar,Mar 2004,Q1,2004-03,1,Mon,1
2004-03-02,2004,3,Mar,Mar 2004,Q1,2004-03,2,Tue,2
2004-03-03,2004,3,Mar,Mar 2004,Q1,2004-03,3,Wed,3
2004-03-04,2004,3,Mar,Mar 2004,Q1,2004-03,4,Thu,4
2004-03-05,2004,3,Mar,Mar 2004,Q1,2004-03,5,Fri,5
2004-03-06,2004,3,Mar,Mar 2004,Q1,2004-03,6,Sat,6
2004-03-07,2004,3,Mar,Mar 2004,Q1,2004-03,7,Sun,7
2004-03-08,2004,3,Mar,Mar 2004,Q1,2004-03,8,Mon,1
2004-03-09,2004,3,Mar,Mar 2004,Q1,2004-03,9,Tue,2
2004-03-10,2004,3,Mar,Mar 2004,Q1,2004-03,10,Wed,3
2004-03-11,2004,3,Mar,Mar 2004,Q1,2004-03,11,Thu,4
2004-03-12,2004,3,Mar,Mar 2004,Q1,2004-03,12,Fri,5
2004-03-13,2004,3,Mar,Mar 2004,Q1,2004-03,13,Sat,6
2004-03-14,2004,3,Mar,Mar 2004,Q1,2004-03,14,Sun,7
2004-03-15,2004,3,Mar,Mar 2004,Q1,2004-03,15,Mon,1
2004-03-16,2004,3,Mar,Mar 2004,Q1,2004-03,16,Tue,2
2004-03-17,2004,3,Mar,Mar 2004,Q1,2004-03,17,Wed,3
2004-03-18,2004,3,Mar,Mar 2004,Q1,2004-03,18,Thu,4
2004-03-19,2004,3,Mar,Mar 2004,Q1,2004-03,19,Fri,5
2004-03-20,2004,3,Mar,Mar 2004,Q1,2004-03,20,Sat,6
2004-03-21,2004,3,Mar,Mar 2004,Q1,2004-03,21,Sun,7
2004-03-22,2004,3,Mar,Mar 2004,Q1,2004-03,22,Mon,1
2004-03-23,2004,3,Mar,Mar 2004,Q1,2004-03,23,Tue,2
2004-03-24,2004,3,Mar,Mar 2004,Q1,2004-03,24,Wed,3
2004-03-25,2004,3,Mar,Mar 2004,Q1,2004-03,25,Thu,4
2004-03-26,2004,3,Mar,Mar 2004,Q1,2004-03,26,Fri,5
2004-03-27,2004,3,Mar,Mar 2004,Q1,2004-03,27,Sat,6
2004-03-28,2004,3,Mar,Mar 2004,Q1,2004-03,28,Sun,7
2004-03-29,2004,3,Mar,Mar 2004,Q1,2004-03,29,Mon,1
2004-03-30,2004,3,Mar,Mar 2004,Q1,2004-03,30,Tue,2
2004-03-31,2004,3,Mar,Mar 2004,Q1,2004-03,31,Wed,3
2004-04-01,2004,4,Apr,Apr 2004,Q2,2004-04,1,Thu,4
2004-04-02,2004,4,Apr,Apr 2004,Q2,2004-04,2,Fri,5
2004-04-03,2004,4,Apr,Apr 2004,Q2,2004-04,3,Sat,6
2004-04-04,2004,4,Apr,Apr 2004,Q2,2004-04,4,Sun,7
2004-04-05,2004,4,Apr,Apr 2004,Q2,2004-04,5,Mon,1
2004-04-06,2004,4,Apr,Apr 2004,Q2,2004-04,6,Tue,2
2004-04-07,2004,4,Apr,Apr 2004,Q2,2004-04,7,Wed,3
2004-04-08,2004,4,Apr,Apr 2004,Q2,2004-04,8,Thu,4
2004-04-09,2004,4,Apr,Apr 2004,Q2,2004-04,9,Fri,5
2004-04-10,2004,4,Apr,Apr 2004,Q2,2004-04,10,Sat,6
2004-04-11,2004,4,Apr,Apr 2004,Q2,2004-04,11,Sun,7
2004-04-12,2004,4,Apr,Apr 2004,Q2,2004-04,12,Mon,1
2004-04-13,2004,4,Apr,Apr 2004,Q2,2004-04,13,Tue,2
2004-04-14,2004,4,Apr,Apr 2004,Q2,2004-04,14,Wed,3
2004-04-15,2004,4,Apr,Apr 2004,Q2,2004-04,15,Thu,4
2004-04-16,2004,4,Apr,Apr 2004,Q2,2004-04,16,Fri,5
2004-04-17,2004,4,Apr,Apr 2004,Q2,2004-04,17,Sat,6
2004-04-18,2004,4,Apr,Apr 2004,Q2,2004-04,18,Sun,7
2004-04-19,2004,4,Apr,Apr 2004,Q2,2004-04,19,Mon,1
2004-04-20,2004,4,Apr,Apr 2004,Q2,2004-04,20,Tue,2
2004-04-21,2004,4,Apr,Apr 2004,Q2,2004-04,21,Wed,3
2004-04-22,2004,4,Apr,Apr 2004,Q2,2004-04,22,Thu,4
2004-04-23,2004,4,Apr,Apr 2004,Q2,2004-04,23,Fri,5
2004-04-24,2004,4,Apr,Apr 2004,Q2,2004-04,24,Sat,6
2004-04-25,2004,4,Apr,Apr 2004,Q2,2004-04,25,Sun,7
2004-04-26,2004,4,Apr,Apr 2004,Q2,2004-04,26,Mon,1
2004-04-27,2004,4,Apr,Apr 2004,Q2,2004-04,27,Tue,2
2004-04-28,2004,4,Apr,Apr 2004,Q2,2004-04,28,Wed,3
2004-04-29,2004,4,Apr,Apr 2004,Q2,2004-04,29,Thu,4
2004-04-30,2004,4,Apr,Apr 2004,Q2,2004-04,30,Fri,5
2004-05-01,2004,5,May,May 2004,Q2,2004-05,1,Sat,6
2004-05-02,2004,5,May,May 2004,Q2,2004-05,2,Sun,7
2004-05-03,2004,5,May,May 2004,Q2,2004-05,3,Mon,1
2004-05-04,2004,5,May,May 2004,Q2,2004-05,4,Tue,2
2004-05-05,2004,5,May,May 2004,Q2,2004-05,5,Wed,3
2004-05-06,2004,5,May,May 2004,Q2,2004-05,6,Thu,4
2004-05-07,2004,5,May,May 2004,Q2,2004-05,7,Fri,5
2004-05-08,2004,5,May,May 2004,Q2,2004-05,8,Sat,6
2004-05-09,2004,5,May,May 2004,Q2,2004-05,9,Sun,7
2004-05-10,2004,5,May,May 2004,Q2,2004-05,10,Mon,1
2004-05-11,2004,5,May,May 2004,Q2,2004-05,11,Tue,2
2004-05-12,2004,5,May,May 2004,Q2,2004-05,12,Wed,3
2004-05-13,2004,5,May,May 2004,Q2,2004-05,13,Thu,4
2004-05-14,2004,5,May,May 2004,Q2,2004-05,14,Fri,5
2004-05-15,2004,5,May,May 2004,Q2,2004-05,15,Sat,6
2004-05-16,2004,5,May,May 2004,Q2,2004-05,16,Sun,7
2004-05-17,2004,5,May,May 2004,Q2,2004-05,17,Mon,1
2004-05-18,2004,5,May,May 2004,Q2,2004-05,18,Tue,2
2004-05-19,2004,5,May,May 2004,Q2,2004-05,19,Wed,3
2004-05-20,2004,5,May,May 2004,Q2,2004-05,20,Thu,4
2004-05-21,2004,5,May,May 2004,Q2,2004-05,21,Fri,5
2004-05-22,2004,5,May,May 2004,Q2,2004-05,22,Sat,6
2004-05-23,2004,5,May,May 2004,Q2,2004-05,23,Sun,7
2004-05-24,2004,5,May,May 2004,Q2,2004-05,24,Mon,1
2004-05-25,2004,5,May,May 2004,Q2,2004-05,25,Tue,2
2004-05-26,2004,5,May,May 2004,Q2,2004-05,26,Wed,3
2004-05-27,2004,5,May,May 2004,Q2,2004-05,27,Thu,4
2004-05-28,2004,5,May,May 2004,Q2,2004-05,28,Fri,5
2004-05-29,2004,5,May,May 2004,Q2,2004-05,29,Sat,6
2004-05-30,2004,5,May,May 2004,Q2,2004-05,30,Sun,7
2004-05-31,2004,5,May,May 2004,Q2,2004-05,31,Mon,1
2004-06-01,2004,6,Jun,Jun 2004,Q2,2004-06,1,Tue,2
2004-06-02,2004,6,Jun,Jun 2004,Q2,2004-06,2,Wed,3
2004-06-03,2004,6,Jun,Jun 2004,Q2,2004-06,3,Thu,4
2004-06-04,2004,6,Jun,Jun 2004,Q2,2004-06,4,Fri,5
2004-06-05,2004,6,Jun,Jun 2004,Q2,2004-06,5,Sat,6
2004-06-06,2004,6,Jun,Jun 2004,Q2,2004-06,6,Sun,7
2004-06-07,2004,6,Jun,Jun 2004,Q2,2004-06,7,Mon,1
2004-06-08,2004,6,Jun,Jun 2004,Q2,2004-06,8,Tue,2
2004-06-09,2004,6,Jun,Jun 2004,Q2,2004-06,9,Wed,3
2004-06-10,2004,6,Jun,Jun 2004,Q2,2004-06,10,Thu,4
2004-06-11,2004,6,Jun,Jun 2004,Q2,2004-06,11,Fri,5
2004-06-12,2004,6,Jun,Jun 2004,Q2,2004-06,12,Sat,6
2004-06-13,2004,6,Jun,Jun 2004,Q2,2004-06,13,Sun,7
2004-06-14,2004,6,Jun,Jun 2004,Q2,2004-06,14,Mon,1
2004-06-15,2004,6,Jun,Jun 2004,Q2,2004-06,15,Tue,2
2004-06-16,2004,6,Jun,Jun 2004,Q2,2004-06,16,Wed,3
2004-06-17,2004,6,Jun,Jun 2004,Q2,2004-06,17,Thu,4
2004-06-18,2004,6,Jun,Jun 2004,Q2,2004-06,18,Fri,5
2004-06-19,2004,6,Jun,Jun 2004,Q2,2004-06,19,Sat,6
2004-06-20,2004,6,Jun,Jun 2004,Q2,2004-06,20,Sun,7
2004-06-21,2004,6,Jun,Jun 2004,Q2,2004-06,21,Mon,1
2004-06-22,2004,6,Jun,Jun 2004,Q2,2004-06,22,Tue,2
2004-06-23,2004,6,Jun,Jun 2004,Q2,2004-06,23,Wed,3
2004-06-24,2004,6,Jun,Jun 2004,Q2,2004-06,24,Thu,4
2004-06-25,2004,6,Jun,Jun 2004,Q2,2004-06,25,Fri,5
2004-06-26,2004,6,Jun,Jun 2004,Q2,2004-06,26,Sat,6
2004-06-27,2004,6,Jun,Jun 2004,Q2,2004-06,27,Sun,7
2004-06-28,2004,6,Jun,Jun 2004,Q2,2004-06,28,Mon,1
2004-06-29,2004,6,Jun,Jun 2004,Q2,2004-06,29,Tue,2
2004-06-30,2004,6,Jun,Jun 2004,Q2,2004-06,30,Wed,3
2004-07-01,2004,7,Jul,Jul 2004,Q3,2004-07,1,Thu,4
2004-07-02,2004,7,Jul,Jul 2004,Q3,2004-07,2,Fri,5
2004-07-03,2004,7,Jul,Jul 2004,Q3,2004-07,3,Sat,6
2004-07-04,2004,7,Jul,Jul 2004,Q3,2004-07,4,Sun,7
2004-07-05,2004,7,Jul,Jul 2004,Q3,2004-07,5,Mon,1
2004-07-06,2004,7,Jul,Jul 2004,Q3,2004-07,6,Tue,2
2004-07-07,2004,7,Jul,Jul 2004,Q3,2004-07,7,Wed,3
2004-07-08,2004,7,Jul,Jul 2004,Q3,2004-07,8,Thu,4
2004-07-09,2004,7,Jul,Jul 2004,Q3,2004-07,9,Fri,5
2004-07-10,2004,7,Jul,Jul 2004,Q3,2004-07,10,Sat,6
2004-07-11,2004,7,Jul,Jul 2004,Q3,2004-07,11,Sun,7
2004-07-12,2004,7,Jul,Jul 2004,Q3,2004-07,12,Mon,1
2004-07-13,2004,7,Jul,Jul 2004,Q3,2004-07,13,Tue,2
2004-07-14,2004,7,Jul,Jul 2004,Q3,2004-07,14,Wed,3
2004-07-15,2004,7,Jul,Jul 2004,Q3,2004-07,15,Thu,4
2004-07-16,2004,7,Jul,Jul 2004,Q3,2004-07,16,Fri,5
2004-07-17,2004,7,Jul,Jul 2004,Q3,2004-07,17,Sat,6
2004-07-18,2004,7,Jul,Jul 2004,Q3,2004-07,18,Sun,7
2004-07-19,2004,7,Jul,Jul 2004,Q3,2004-07,19,Mon,1
2004-07-20,2004,7,Jul,Jul 2004,Q3,2004-07,20,Tue,2
2004-07-21,2004,7,Jul,Jul 2004,Q3,2004-07,21,Wed,3
2004-07-22,2004,7,Jul,Jul 2004,Q3,2004-07,22,Thu,4
2004-07-23,2004,7,Jul,Jul 2004,Q3,2004-07,23,Fri,5
2004-07-24,2004,7,Jul,Jul 2004,Q3,2004-07,24,Sat,6
2004-07-25,2004,7,Jul,Jul 2004,Q3,2004-07,25,Sun,7
2004-07-26,2004,7,Jul,Jul 2004,Q3,2004-07,26,Mon,1
2004-07-27,2004,7,Jul,Jul 2004,Q3,2004-07,27,Tue,2
2004-07-28,2004,7,Jul,Jul 2004,Q3,2004-07,28,Wed,3
2004-07-29,2004,7,Jul,Jul 2004,Q3,2004-07,29,Thu,4
2004-07-30,2004,7,Jul,Jul 2004,Q3,2004-07,30,Fri,5
2004-07-31,2004,7,Jul,Jul 2004,Q3,2004-07,31,Sat,6
2004-08-01,2004,8,Aug,Aug 2004,Q3,2004-08,1,Sun,7
2004-08-02,2004,8,Aug,Aug 2004,Q3,2004-08,2,Mon,1
2004-08-03,2004,8,Aug,Aug 2004,Q3,2004-08,3,Tue,2
2004-08-04,2004,8,Aug,Aug 2004,Q3,2004-08,4,Wed,3
2004-08-05,2004,8,Aug,Aug 2004,Q3,2004-08,5,Thu,4
2004-08-06,2004,8,Aug,Aug 2004,Q3,2004-08,6,Fri,5
2004-08-07,2004,8,Aug,Aug 2004,Q3,2004-08,7,Sat,6
2004-08-08,2004,8,Aug,Aug 2004,Q3,2004-08,8,Sun,7
2004-08-09,2004,8,Aug,Aug 2004,Q3,2004-08,9,Mon,1
2004-08-10,2004,8,Aug,Aug 2004,Q3,2004-08,10,Tue,2
2004-08-11,2004,8,Aug,Aug 2004,Q3,2004-08,11,Wed,3
2004-08-12,2004,8,Aug,Aug 2004,Q3,2004-08,12,Thu,4
2004-08-13,2004,8,Aug,Aug 2004,Q3,2004-08,13,Fri,5
2004-08-14,2004,8,Aug,Aug 2004,Q3,2004-08,14,Sat,6
2004-08-15,2004,8,Aug,Aug 2004,Q3,2004-08,15,Sun,7
2004-08-16,2004,8,Aug,Aug 2004,Q3,2004-08,16,Mon,1
2004-08-17,2004,8,Aug,Aug 2004,Q3,2004-08,17,Tue,2
2004-08-18,2004,8,Aug,Aug 2004,Q3,2004-08,18,Wed,3
2004-08-19,2004,8,Aug,Aug 2004,Q3,2004-08,19,Thu,4
2004-08-20,2004,8,Aug,Aug 2004,Q3,2004-08,20,Fri,5
2004-08-21,2004,8,Aug,Aug 2004,Q3,2004-08,21,Sat,6
2004-08-22,2004,8,Aug,Aug 2004,Q3,2004-08,22,Sun,7
2004-08-23,2004,8,Aug,Aug 2004,Q3,2004-08,23,Mon,1
2004-08-24,2004,8,Aug,Aug 2004,Q3,2004-08,24,Tue,2
2004-08-25,2004,8,Aug,Aug 2004,Q3,2004-08,25,Wed,3
2004-08-26,2004,8,Aug,Aug 2004,Q3,2004-08,26,Thu,4
2004-08-27,2004,8,Aug,Aug 2004,Q3,2004-08,27,Fri,5
2004-08-28,2004,8,Aug,Aug 2004,Q3,2004-08,28,Sat,6
2004-08-29,2004,8,Aug,Aug 2004,Q3,2004-08,29,Sun,7
2004-08-30,2004,8,Aug,Aug 2004,Q3,2004-08,30,Mon,1
2004-08-31,2004,8,Aug,Aug 2004,Q3,2004-08,31,Tue,2
2004-09-01,2004,9,Sep,Sep 2004,Q3,2004-09,1,Wed,3
2004-09-02,2004,9,Sep,Sep 2004,Q3,2004-09,2,Thu,4
2004-09-03,2004,9,Sep,Sep 2004,Q3,2004-09,3,Fri,5
2004-09-04,2004,9,Sep,Sep 2004,Q3,2004-09,4,Sat,6
2004-09-05,2004,9,Sep,Sep 2004,Q3,2004-09,5,Sun,7
2004-09-06,2004,9,Sep,Sep 2004,Q3,2004-09,6,Mon,1
2004-09-07,2004,9,Sep,Sep 2004,Q3,2004-09,7,Tue,2
2004-09-08,2004,9,Sep,Sep 2004,Q3,2004-09,8,Wed,3
2004-09-09,2004,9,Sep,Sep 2004,Q3,2004-09,9,Thu,4
2004-09-10,2004,9,Sep,Sep 2004,Q3,2004-09,10,Fri,5
2004-09-11,2004,9,Sep,Sep 2004,Q3,2004-09,11,Sat,6
2004-09-12,2004,9,Sep,Sep 2004,Q3,2004-09,12,Sun,7
2004-09-13,2004,9,Sep,Sep 2004,Q3,2004-09,13,Mon,1
2004-09-14,2004,9,Sep,Sep 2004,Q3,2004-09,14,Tue,2
2004-09-15,2004,9,Sep,Sep 2004,Q3,2004-09,15,Wed,3
2004-09-16,2004,9,Sep,Sep 2004,Q3,2004-09,16,Thu,4
2004-09-17,2004,9,Sep,Sep 2004,Q3,2004-09,17,Fri,5
2004-09-18,2004,9,Sep,Sep 2004,Q3,2004-09,18,Sat,6
2004-09-19,2004,9,Sep,Sep 2004,Q3,2004-09,19,Sun,7
2004-09-20,2004,9,Sep,Sep 2004,Q3,2004-09,20,Mon,1
2004-09-21,2004,9,Sep,Sep 2004,Q3,2004-09,21,Tue,2
2004-09-22,2004,9,Sep,Sep 2004,Q3,2004-09,22,Wed,3
2004-09-23,2004,9,Sep,Sep 2004,Q3,2004-09,23,Thu,4
2004-09-24,2004,9,Sep,Sep 2004,Q3,2004-09,24,Fri,5
2004-09-25,2004,9,Sep,Sep 2004,Q3,2004-09,25,Sat,6
2004-09-26,2004,9,Sep,Sep 2004,Q3,2004-09,26,Sun,7
2004-09-27,2004,9,Sep,Sep 2004,Q3,2004-09,27,Mon,1
2004-09-28,2004,9,Sep,Sep 2004,Q3,2004-09,28,Tue,2
2004-09-29,2004,9,Sep,Sep 2004,Q3,2004-09,29,Wed,3
2004-09-30,2004,9,Sep,Sep 2004,Q3,2004-09,30,Thu,4
2004-10-01,2004,10,Oct,Oct 2004,Q4,2004-10,1,Fri,5
2004-10-02,2004,10,Oct,Oct 2004,Q4,2004-10,2,Sat,6
2004-10-03,2004,10,Oct,Oct 2004,Q4,2004-10,3,Sun,7
2004-10-04,2004,10,Oct,Oct 2004,Q4,2004-10,4,Mon,1
2004-10-05,2004,10,Oct,Oct 2004,Q4,2004-10,5,Tue,2
2004-10-06,2004,10,Oct,Oct 2004,Q4,2004-10,6,Wed,3
2004-10-07,2004,10,Oct,Oct 2004,Q4,2004-10,7,Thu,4
2004-10-08,2004,10,Oct,Oct 2004,Q4,2004-10,8,Fri,5
2004-10-09,2004,10,Oct,Oct 2004,Q4,2004-10,9,Sat,6
2004-10-10,2004,10,Oct,Oct 2004,Q4,2004-10,10,Sun,7
2004-10-11,2004,10,Oct,Oct 2004,Q4,2004-10,11,Mon,1
2004-10-12,2004,10,Oct,Oct 2004,Q4,2004-10,12,Tue,2
2004-10-13,2004,10,Oct,Oct 2004,Q4,2004-10,13,Wed,3
2004-10-14,2004,10,Oct,Oct 2004,Q4,2004-10,14,Thu,4
2004-10-15,2004,10,Oct,Oct 2004,Q4,2004-10,15,Fri,5
2004-10-16,2004,10,Oct,Oct 2004,Q4,2004-10,16,Sat,6
2004-10-17,2004,10,Oct,Oct 2004,Q4,2004-10,17,Sun,7
2004-10-18,2004,10,Oct,Oct 2004,Q4,2004-10,18,Mon,1
2004-10-19,2004,10,Oct,Oct 2004,Q4,2004-10,19,Tue,2
2004-10-20,2004,10,Oct,Oct 2004,Q4,2004-10,20,Wed,3
2004-10-21,2004,10,Oct,Oct 2004,Q4,2004-10,21,Thu,4
2004-10-22,2004,10,Oct,Oct 2004,Q4,2004-10,22,Fri,5
2004-10-23,2004,10,Oct,Oct 2004,Q4,2004-10,23,Sat,6
2004-10-24,2004,10,Oct,Oct 2004,Q4,2004-10,24,Sun,7
2004-10-25,2004,10,Oct,Oct 2004,Q4,2004-10,25,Mon,1
2004-10-26,2004,10,Oct,Oct 2004,Q4,2004-10,26,Tue,2
2004-10-27,2004,10,Oct,Oct 2004,Q4,2004-10,27,Wed,3
2004-10-28,2004,10,Oct,Oct 2004,Q4,2004-10,28,Thu,4
2004-10-29,2004,10,Oct,Oct 2004,Q4,2004-10,29,Fri,5
2004-10-30,2004,10,Oct,Oct 2004,Q4,2004-10,30,Sat,6
2004-10-31,2004,10,Oct,Oct 2004,Q4,2004-10,31,Sun,7
2004-11-01,2004,11,Nov,Nov 2004,Q4,2004-11,1,Mon,1
2004-11-02,2004,11,Nov,Nov 2004,Q4,2004-11,2,Tue,2
2004-11-03,2004,11,Nov,Nov 2004,Q4,2004-11,3,Wed,3
2004-11-04,2004,11,Nov,Nov 2004,Q4,2004-11,4,Thu,4
2004-11-05,2004,11,Nov,Nov 2004,Q4,2004-11,5,Fri,5
2004-11-06,2004,11,Nov,Nov 2004,Q4,2004-11,6,Sat,6
2004-11-07,2004,11,Nov,Nov 2004,Q4,2004-11,7,Sun,7
2004-11-08,2004,11,Nov,Nov 2004,Q4,2004-11,8,Mon,1
2004-11-09,2004,11,Nov,Nov 2004,Q4,2004-11,9,Tue,2
2004-11-10,2004,11,Nov,Nov 2004,Q4,2004-11,10,Wed,3
2004-11-11,2004,11,Nov,Nov 2004,Q4,2004-11,11,Thu,4
2004-11-12,2004,11,Nov,Nov 2004,Q4,2004-11,12,Fri,5
2004-11-13,2004,11,Nov,Nov 2004,Q4,2004-11,13,Sat,6
2004-11-14,2004,11,Nov,Nov 2004,Q4,2004-11,14,Sun,7
2004-11-15,2004,11,Nov,Nov 2004,Q4,2004-11,15,Mon,1
2004-11-16,2004,11,Nov,Nov 2004,Q4,2004-11,16,Tue,2
2004-11-17,2004,11,Nov,Nov 2004,Q4,2004-11,17,Wed,3
2004-11-18,2004,11,Nov,Nov 2004,Q4,2004-11,18,Thu,4
2004-11-19,2004,11,Nov,Nov 2004,Q4,2004-11,19,Fri,5
2004-11-20,2004,11,Nov,Nov 2004,Q4,2004-11,20,Sat,6
2004-11-21,2004,11,Nov,Nov 2004,Q4,2004-11,21,Sun,7
2004-11-22,2004,11,Nov,Nov 2004,Q4,2004-11,22,Mon,1
2004-11-23,2004,11,Nov,Nov 2004,Q4,2004-11,23,Tue,2
2004-11-24,2004,11,Nov,Nov 2004,Q4,2004-11,24,Wed,3
2004-11-25,2004,11,Nov,Nov 2004,Q4,2004-11,25,Thu,4
2004-11-26,2004,11,Nov,Nov 2004,Q4,2004-11,26,Fri,5
2004-11-27,2004,11,Nov,Nov 2004,Q4,2004-11,27,Sat,6
2004-11-28,2004,11,Nov,Nov 2004,Q4,2004-11,28,Sun,7
2004-11-29,2004,11,Nov,Nov 2004,Q4,2004-11,29,Mon,1
2004-11-30,2004,11,Nov,Nov 2004,Q4,2004-11,30,Tue,2
2004-12-01,2004,12,Dec,Dec 2004,Q4,2004-12,1,Wed,3
2004-12-02,2004,12,Dec,Dec 2004,Q4,2004-12,2,Thu,4
2004-12-03,2004,12,Dec,Dec 2004,Q4,2004-12,3,Fri,5
2004-12-04,2004,12,Dec,Dec 2004,Q4,2004-12,4,Sat,6
2004-12-05,2004,12,Dec,Dec 2004,Q4,2004-12,5,Sun,7
2004-12-06,2004,12,Dec,Dec 2004,Q4,2004-12,6,Mon,1
2004-12-07,2004,12,Dec,Dec 2004,Q4,2004-12,7,Tue,2
2004-12-08,2004,12,Dec,Dec 2004,Q4,2004-12,8,Wed,3
2004-12-09,2004,12,Dec,Dec 2004,Q4,2004-12,9,Thu,4
2004-12-10,2004,12,Dec,Dec 2004,Q4,2004-12,10,Fri,5
2004-12-11,2004,12,Dec,Dec 2004,Q4,2004-12,11,Sat,6
2004-12-12,2004,12,Dec,Dec 2004,Q4,2004-12,12,Sun,7
2004-12-13,2004,12,Dec,Dec 2004,Q4,2004-12,13,Mon,1
2004-12-14,2004,12,Dec,Dec 2004,Q4,2004-12,14,Tue,2
2004-12-15,2004,12,Dec,Dec 2004,Q4,2004-12,15,Wed,3
2004-12-16,2004,12,Dec,Dec 2004,Q4,2004-12,16,Thu,4
2004-12-17,2004,12,Dec,Dec 2004,Q4,2004-12,17,Fri,5
2004-12-18,2004,12,Dec,Dec 2004,Q4,2004-12,18,Sat,6
2004-12-19,2004,12,Dec,Dec 2004,Q4,2004-12,19,Sun,7
2004-12-20,2004,12,Dec,Dec 2004,Q4,2004-12,20,Mon,1
2004-12-21,2004,12,Dec,Dec 2004,Q4,2004-12,21,Tue,2
2004-12-22,2004,12,Dec,Dec 2004,Q4,2004-12,22,Wed,3
2004-12-23,2004,12,Dec,Dec 2004,Q4,2004-12,23,Thu,4
2004-12-24,2004,12,Dec,Dec 2004,Q4,2004-12,24,Fri,5
2004-12-25,2004,12,Dec,Dec 2004,Q4,2004-12,25,Sat,6
2004-12-26,2004,12,Dec,Dec 2004,Q4,2004-12,26,Sun,7
2004-12-27,2004,12,Dec,Dec 2004,Q4,2004-12,27,Mon,1
2004-12-28,2004,12,Dec,Dec 2004,Q4,2004-12,28,Tue,2
2004-12-29,2004,12,Dec,Dec 2004,Q4,2004-12,29,Wed,3
2004-12-30,2004,12,Dec,Dec 2004,Q4,2004-12,30,Thu,4
2004-12-31,2004,12,Dec,Dec 2004,Q4,2004-12,31,Fri,5
2005-01-01,2005,1,Jan,Jan 2005,Q1,2005-01,1,Sat,6
2005-01-02,2005,1,Jan,Jan 2005,Q1,2005-01,2,Sun,7
2005-01-03,2005,1,Jan,Jan 2005,Q1,2005-01,3,Mon,1
2005-01-04,2005,1,Jan,Jan 2005,Q1,2005-01,4,Tue,2
2005-01-05,2005,1,Jan,Jan 2005,Q1,2005-01,5,Wed,3
2005-01-06,2005,1,Jan,Jan 2005,Q1,2005-01,6,Thu,4
2005-01-07,2005,1,Jan,Jan 2005,Q1,2005-01,7,Fri,5
2005-01-08,2005,1,Jan,Jan 2005,Q1,2005-01,8,Sat,6
2005-01-09,2005,1,Jan,Jan 2005,Q1,2005-01,9,Sun,7
2005-01-10,2005,1,Jan,Jan 2005,Q1,2005-01,10,Mon,1
2005-01-11,2005,1,Jan,Jan 2005,Q1,2005-01,11,Tue,2
2005-01-12,2005,1,Jan,Jan 2005,Q1,2005-01,12,Wed,3
2005-01-13,2005,1,Jan,Jan 2005,Q1,2005-01,13,Thu,4
2005-01-14,2005,1,Jan,Jan 2005,Q1,2005-01,14,Fri,5
2005-01-15,2005,1,Jan,Jan 2005,Q1,2005-01,15,Sat,6
2005-01-16,2005,1,Jan,Jan 2005,Q1,2005-01,16,Sun,7
2005-01-17,2005,1,Jan,Jan 2005,Q1,2005-01,17,Mon,1
2005-01-18,2005,1,Jan,Jan 2005,Q1,2005-01,18,Tue,2
2005-01-19,2005,1,Jan,Jan 2005,Q1,2005-01,19,Wed,3
2005-01-20,2005,1,Jan,Jan 2005,Q1,2005-01,20,Thu,4
2005-01-21,2005,1,Jan,Jan 2005,Q1,2005-01,21,Fri,5
2005-01-22,2005,1,Jan,Jan 2005,Q1,2005-01,22,Sat,6
2005-01-23,2005,1,Jan,Jan 2005,Q1,2005-01,23,Sun,7
2005-01-24,2005,1,Jan,Jan 2005,Q1,2005-01,24,Mon,1
2005-01-25,2005,1,Jan,Jan 2005,Q1,2005-01,25,Tue,2
2005-01-26,2005,1,Jan,Jan 2005,Q1,2005-01,26,Wed,3
2005-01-27,2005,1,Jan,Jan 2005,Q1,2005-01,27,Thu,4
2005-01-28,2005,1,Jan,Jan 2005,Q1,2005-01,28,Fri,5
2005-01-29,2005,1,Jan,Jan 2005,Q1,2005-01,29,Sat,6
2005-01-30,2005,1,Jan,Jan 2005,Q1,2005-01,30,Sun,7
2005-01-31,2005,1,Jan,Jan 2005,Q1,2005-01,31,Mon,1
2005-02-01,2005,2,Feb,Feb 2005,Q1,2005-02,1,Tue,2
2005-02-02,2005,2,Feb,Feb 2005,Q1,2005-02,2,Wed,3
2005-02-03,2005,2,Feb,Feb 2005,Q1,2005-02,3,Thu,4
2005-02-04,2005,2,Feb,Feb 2005,Q1,2005-02,4,Fri,5
2005-02-05,2005,2,Feb,Feb 2005,Q1,2005-02,5,Sat,6
2005-02-06,2005,2,Feb,Feb 2005,Q1,2005-02,6,Sun,7
2005-02-07,2005,2,Feb,Feb 2005,Q1,2005-02,7,Mon,1
2005-02-08,2005,2,Feb,Feb 2005,Q1,2005-02,8,Tue,2
2005-02-09,2005,2,Feb,Feb 2005,Q1,2005-02,9,Wed,3
2005-02-10,2005,2,Feb,Feb 2005,Q1,2005-02,10,Thu,4
2005-02-11,2005,2,Feb,Feb 2005,Q1,2005-02,11,Fri,5
2005-02-12,2005,2,Feb,Feb 2005,Q1,2005-02,12,Sat,6
2005-02-13,2005,2,Feb,Feb 2005,Q1,2005-02,13,Sun,7
2005-02-14,2005,2,Feb,Feb 2005,Q1,2005-02,14,Mon,1
2005-02-15,2005,2,Feb,Feb 2005,Q1,2005-02,15,Tue,2
2005-02-16,2005,2,Feb,Feb 2005,Q1,2005-02,16,Wed,3
2005-02-17,2005,2,Feb,Feb 2005,Q1,2005-02,17,Thu,4
2005-02-18,2005,2,Feb,Feb 2005,Q1,2005-02,18,Fri,5
2005-02-19,2005,2,Feb,Feb 2005,Q1,2005-02,19,Sat,6
2005-02-20,2005,2,Feb,Feb 2005,Q1,2005-02,20,Sun,7
2005-02-21,2005,2,Feb,Feb 2005,Q1,2005-02,21,Mon,1
2005-02-22,2005,2,Feb,Feb 2005,Q1,2005-02,22,Tue,2
2005-02-23,2005,2,Feb,Feb 2005,Q1,2005-02,23,Wed,3
2005-02-24,2005,2,Feb,Feb 2005,Q1,2005-02,24,Thu,4
2005-02-25,2005,2,Feb,Feb 2005,Q1,2005-02,25,Fri,5
2005-02-26,2005,2,Feb,Feb 2005,Q1,2005-02,26,Sat,6
2005-02-27,2005,2,Feb,Feb 2005,Q1,2005-02,27,Sun,7
2005-02-28,2005,2,Feb,Feb 2005,Q1,2005-02,28,Mon,1
2005-03-01,2005,3,Mar,Mar 2005,Q1,2005-03,1,Tue,2
2005-03-02,2005,3,Mar,Mar 2005,Q1,2005-03,2,Wed,3
2005-03-03,2005,3,Mar,Mar 2005,Q1,2005-03,3,Thu,4
2005-03-04,2005,3,Mar,Mar 2005,Q1,2005-03,4,Fri,5
2005-03-05,2005,3,Mar,Mar 2005,Q1,2005-03,5,Sat,6
2005-03-06,2005,3,Mar,Mar 2005,Q1,2005-03,6,Sun,7
2005-03-07,2005,3,Mar,Mar 2005,Q1,2005-03,7,Mon,1
2005-03-08,2005,3,Mar,Mar 2005,Q1,2005-03,8,Tue,2
2005-03-09,2005,3,Mar,Mar 2005,Q1,2005-03,9,Wed,3
2005-03-10,2005,3,Mar,Mar 2005,Q1,2005-03,10,Thu,4
2005-03-11,2005,3,Mar,Mar 2005,Q1,2005-03,11,Fri,5
2005-03-12,2005,3,Mar,Mar 2005,Q1,2005-03,12,Sat,6
2005-03-13,2005,3,Mar,Mar 2005,Q1,2005-03,13,Sun,7
2005-03-14,2005,3,Mar,Mar 2005,Q1,2005-03,14,Mon,1
2005-03-15,2005,3,Mar,Mar 2005,Q1,2005-03,15,Tue,2
2005-03-16,2005,3,Mar,Mar 2005,Q1,2005-03,16,Wed,3
2005-03-17,2005,3,Mar,Mar 2005,Q1,2005-03,17,Thu,4
2005-03-18,2005,3,Mar,Mar 2005,Q1,2005-03,18,Fri,5
2005-03-19,2005,3,Mar,Mar 2005,Q1,2005-03,19,Sat,6
2005-03-20,2005,3,Mar,Mar 2005,Q1,2005-03,20,Sun,7
2005-03-21,2005,3,Mar,Mar 2005,Q1,2005-03,21,Mon,1
2005-03-22,2005,3,Mar,Mar 2005,Q1,2005-03,22,Tue,2
2005-03-23,2005,3,Mar,Mar 2005,Q1,2005-03,23,Wed,3
2005-03-24,2005,3,Mar,Mar 2005,Q1,2005-03,24,Thu,4
2005-03-25,2005,3,Mar,Mar 2005,Q1,2005-03,25,Fri,5
2005-03-26,2005,3,Mar,Mar 2005,Q1,2005-03,26,Sat,6
2005-03-27,2005,3,Mar,Mar 2005,Q1,2005-03,27,Sun,7
2005-03-28,2005,3,Mar,Mar 2005,Q1,2005-03,28,Mon,1
2005-03-29,2005,3,Mar,Mar 2005,Q1,2005-03,29,Tue,2
2005-03-30,2005,3,Mar,Mar 2005,Q1,2005-03,30,Wed,3
2005-03-31,2005,3,Mar,Mar 2005,Q1,2005-03,31,Thu,4
2005-04-01,2005,4,Apr,Apr 2005,Q2,2005-04,1,Fri,5
2005-04-02,2005,4,Apr,Apr 2005,Q2,2005-04,2,Sat,6
2005-04-03,2005,4,Apr,Apr 2005,Q2,2005-04,3,Sun,7
2005-04-04,2005,4,Apr,Apr 2005,Q2,2005-04,4,Mon,1
2005-04-05,2005,4,Apr,Apr 2005,Q2,2005-04,5,Tue,2
2005-04-06,2005,4,Apr,Apr 2005,Q2,2005-04,6,Wed,3
2005-04-07,2005,4,Apr,Apr 2005,Q2,2005-04,7,Thu,4
2005-04-08,2005,4,Apr,Apr 2005,Q2,2005-04,8,Fri,5
2005-04-09,2005,4,Apr,Apr 2005,Q2,2005-04,9,Sat,6
2005-04-10,2005,4,Apr,Apr 2005,Q2,2005-04,10,Sun,7
2005-04-11,2005,4,Apr,Apr 2005,Q2,2005-04,11,Mon,1
2005-04-12,2005,4,Apr,Apr 2005,Q2,2005-04,12,Tue,2
2005-04-13,2005,4,Apr,Apr 2005,Q2,2005-04,13,Wed,3
2005-04-14,2005,4,Apr,Apr 2005,Q2,2005-04,14,Thu,4
2005-04-15,2005,4,Apr,Apr 2005,Q2,2005-04,15,Fri,5
2005-04-16,2005,4,Apr,Apr 2005,Q2,2005-04,16,Sat,6
2005-04-17,2005,4,Apr,Apr 2005,Q2,2005-04,17,Sun,7
2005-04-18,2005,4,Apr,Apr 2005,Q2,2005-04,18,Mon,1
2005-04-19,2005,4,Apr,Apr 2005,Q2,2005-04,19,Tue,2
2005-04-20,2005,4,Apr,Apr 2005,Q2,2005-04,20,Wed,3
2005-04-21,2005,4,Apr,Apr 2005,Q2,2005-04,21,Thu,4
2005-04-22,2005,4,Apr,Apr 2005,Q2,2005-04,22,Fri,5
2005-04-23,2005,4,Apr,Apr 2005,Q2,2005-04,23,Sat,6
2005-04-24,2005,4,Apr,Apr 2005,Q2,2005-04,24,Sun,7
2005-04-25,2005,4,Apr,Apr 2005,Q2,2005-04,25,Mon,1
2005-04-26,2005,4,Apr,Apr 2005,Q2,2005-04,26,Tue,2
2005-04-27,2005,4,Apr,Apr 2005,Q2,2005-04,27,Wed,3
2005-04-28,2005,4,Apr,Apr 2005,Q2,2005-04,28,Thu,4
2005-04-29,2005,4,Apr,Apr 2005,Q2,2005-04,29,Fri,5
2005-04-30,2005,4,Apr,Apr 2005,Q2,2005-04,30,Sat,6
2005-05-01,2005,5,May,May 2005,Q2,2005-05,1,Sun,7
2005-05-02,2005,5,May,May 2005,Q2,2005-05,2,Mon,1
2005-05-03,2005,5,May,May 2005,Q2,2005-05,3,Tue,2
2005-05-04,2005,5,May,May 2005,Q2,2005-05,4,Wed,3
2005-05-05,2005,5,May,May 2005,Q2,2005-05,5,Thu,4
2005-05-06,2005,5,May,May 2005,Q2,2005-05,6,Fri,5
2005-05-07,2005,5,May,May 2005,Q2,2005-05,7,Sat,6
2005-05-08,2005,5,May,May 2005,Q2,2005-05,8,Sun,7
2005-05-09,2005,5,May,May 2005,Q2,2005-05,9,Mon,1
2005-05-10,2005,5,May,May 2005,Q2,2005-05,10,Tue,2
2005-05-11,2005,5,May,May 2005,Q2,2005-05,11,Wed,3
2005-05-12,2005,5,May,May 2005,Q2,2005-05,12,Thu,4
2005-05-13,2005,5,May,May 2005,Q2,2005-05,13,Fri,5
2005-05-14,2005,5,May,May 2005,Q2,2005-05,14,Sat,6
2005-05-15,2005,5,May,May 2005,Q2,2005-05,15,Sun,7
2005-05-16,2005,5,May,May 2005,Q2,2005-05,16,Mon,1
2005-05-17,2005,5,May,May 2005,Q2,2005-05,17,Tue,2
2005-05-18,2005,5,May,May 2005,Q2,2005-05,18,Wed,3
2005-05-19,2005,5,May,May 2005,Q2,2005-05,19,Thu,4
2005-05-20,2005,5,May,May 2005,Q2,2005-05,20,Fri,5
2005-05-21,2005,5,May,May 2005,Q2,2005-05,21,Sat,6
2005-05-22,2005,5,May,May 2005,Q2,2005-05,22,Sun,7
2005-05-23,2005,5,May,May 2005,Q2,2005-05,23,Mon,1
2005-05-24,2005,5,May,May 2005,Q2,2005-05,24,Tue,2
2005-05-25,2005,5,May,May 2005,Q2,2005-05,25,Wed,3
2005-05-26,2005,5,May,May 2005,Q2,2005-05,26,Thu,4
2005-05-27,2005,5,May,May 2005,Q2,2005-05,27,Fri,5
2005-05-28,2005,5,May,May 2005,Q2,2005-05,28,Sat,6
2005-05-29,2005,5,May,May 2005,Q2,2005-05,29,Sun,7
2005-05-30,2005,5,May,May 2005,Q2,2005-05,30,Mon,1
2005-05-31,2005,5,May,May 2005,Q2,2005-05,31,Tue,2
2005-06-01,2005,6,Jun,Jun 2005,Q2,2005-06,1,Wed,3
2005-06-02,2005,6,Jun,Jun 2005,Q2,2005-06,2,Thu,4
2005-06-03,2005,6,Jun,Jun 2005,Q2,2005-06,3,Fri,5
2005-06-04,2005,6,Jun,Jun 2005,Q2,2005-06,4,Sat,6
2005-06-05,2005,6,Jun,Jun 2005,Q2,2005-06,5,Sun,7
2005-06-06,2005,6,Jun,Jun 2005,Q2,2005-06,6,Mon,1
2005-06-07,2005,6,Jun,Jun 2005,Q2,2005-06,7,Tue,2
2005-06-08,2005,6,Jun,Jun 2005,Q2,2005-06,8,Wed,3
2005-06-09,2005,6,Jun,Jun 2005,Q2,2005-06,9,Thu,4
2005-06-10,2005,6,Jun,Jun 2005,Q2,2005-06,10,Fri,5
2005-06-11,2005,6,Jun,Jun 2005,Q2,2005-06,11,Sat,6
2005-06-12,2005,6,Jun,Jun 2005,Q2,2005-06,12,Sun,7
2005-06-13,2005,6,Jun,Jun 2005,Q2,2005-06,13,Mon,1
2005-06-14,2005,6,Jun,Jun 2005,Q2,2005-06,14,Tue,2
2005-06-15,2005,6,Jun,Jun 2005,Q2,2005-06,15,Wed,3
2005-06-16,2005,6,Jun,Jun 2005,Q2,2005-06,16,Thu,4
2005-06-17,2005,6,Jun,Jun 2005,Q2,2005-06,17,Fri,5
2005-06-18,2005,6,Jun,Jun 2005,Q2,2005-06,18,Sat,6
2005-06-19,2005,6,Jun,Jun 2005,Q2,2005-06,19,Sun,7
2005-06-20,2005,6,Jun,Jun 2005,Q2,2005-06,20,Mon,1
2005-06-21,2005,6,Jun,Jun 2005,Q2,2005-06,21,Tue,2
2005-06-22,2005,6,Jun,Jun 2005,Q2,2005-06,22,Wed,3
2005-06-23,2005,6,Jun,Jun 2005,Q2,2005-06,23,Thu,4
2005-06-24,2005,6,Jun,Jun 2005,Q2,2005-06,24,Fri,5
2005-06-25,2005,6,Jun,Jun 2005,Q2,2005-06,25,Sat,6
2005-06-26,2005,6,Jun,Jun 2005,Q2,2005-06,26,Sun,7
2005-06-27,2005,6,Jun,Jun 2005,Q2,2005-06,27,Mon,1
2005-06-28,2005,6,Jun,Jun 2005,Q2,2005-06,28,Tue,2
2005-06-29,2005,6,Jun,Jun 2005,Q2,2005-06,29,Wed,3
2005-06-30,2005,6,Jun,Jun 2005,Q2,2005-06,30,Thu,4
2005-07-01,2005,7,Jul,Jul 2005,Q3,2005-07,1,Fri,5
2005-07-02,2005,7,Jul,Jul 2005,Q3,2005-07,2,Sat,6
2005-07-03,2005,7,Jul,Jul 2005,Q3,2005-07,3,Sun,7
2005-07-04,2005,7,Jul,Jul 2005,Q3,2005-07,4,Mon,1
2005-07-05,2005,7,Jul,Jul 2005,Q3,2005-07,5,Tue,2
2005-07-06,2005,7,Jul,Jul 2005,Q3,2005-07,6,Wed,3
2005-07-07,2005,7,Jul,Jul 2005,Q3,2005-07,7,Thu,4
2005-07-08,2005,7,Jul,Jul 2005,Q3,2005-07,8,Fri,5
2005-07-09,2005,7,Jul,Jul 2005,Q3,2005-07,9,Sat,6
2005-07-10,2005,7,Jul,Jul 2005,Q3,2005-07,10,Sun,7
2005-07-11,2005,7,Jul,Jul 2005,Q3,2005-07,11,Mon,1
2005-07-12,2005,7,Jul,Jul 2005,Q3,2005-07,12,Tue,2
2005-07-13,2005,7,Jul,Jul 2005,Q3,2005-07,13,Wed,3
2005-07-14,2005,7,Jul,Jul 2005,Q3,2005-07,14,Thu,4
2005-07-15,2005,7,Jul,Jul 2005,Q3,2005-07,15,Fri,5
2005-07-16,2005,7,Jul,Jul 2005,Q3,2005-07,16,Sat,6
2005-07-17,2005,7,Jul,Jul 2005,Q3,2005-07,17,Sun,7
2005-07-18,2005,7,Jul,Jul 2005,Q3,2005-07,18,Mon,1
2005-07-19,2005,7,Jul,Jul 2005,Q3,2005-07,19,Tue,2
2005-07-20,2005,7,Jul,Jul 2005,Q3,2005-07,20,Wed,3
2005-07-21,2005,7,Jul,Jul 2005,Q3,2005-07,21,Thu,4
2005-07-22,2005,7,Jul,Jul 2005,Q3,2005-07,22,Fri,5
2005-07-23,2005,7,Jul,Jul 2005,Q3,2005-07,23,Sat,6
2005-07-24,2005,7,Jul,Jul 2005,Q3,2005-07,24,Sun,7
2005-07-25,2005,7,Jul,Jul 2005,Q3,2005-07,25,Mon,1
2005-07-26,2005,7,Jul,Jul 2005,Q3,2005-07,26,Tue,2
2005-07-27,2005,7,Jul,Jul 2005,Q3,2005-07,27,Wed,3
2005-07-28,2005,7,Jul,Jul 2005,Q3,2005-07,28,Thu,4
2005-07-29,2005,7,Jul,Jul 2005,Q3,2005-07,29,Fri,5
2005-07-30,2005,7,Jul,Jul 2005,Q3,2005-07,30,Sat,6
2005-07-31,2005,7,Jul,Jul 2005,Q3,2005-07,31,Sun,7
2005-08-01,2005,8,Aug,Aug 2005,Q3,2005-08,1,Mon,1
2005-08-02,2005,8,Aug,Aug 2005,Q3,2005-08,2,Tue,2
2005-08-03,2005,8,Aug,Aug 2005,Q3,2005-08,3,Wed,3
2005-08-04,2005,8,Aug,Aug 2005,Q3,2005-08,4,Thu,4
2005-08-05,2005,8,Aug,Aug 2005,Q3,2005-08,5,Fri,5
2005-08-06,2005,8,Aug,Aug 2005,Q3,2005-08,6,Sat,6
2005-08-07,2005,8,Aug,Aug 2005,Q3,2005-08,7,Sun,7
2005-08-08,2005,8,Aug,Aug 2005,Q3,2005-08,8,Mon,1
2005-08-09,2005,8,Aug,Aug 2005,Q3,2005-08,9,Tue,2
2005-08-10,2005,8,Aug,Aug 2005,Q3,2005-08,10,Wed,3
2005-08-11,2005,8,Aug,Aug 2005,Q3,2005-08,11,Thu,4
2005-08-12,2005,8,Aug,Aug 2005,Q3,2005-08,12,Fri,5
2005-08-13,2005,8,Aug,Aug 2005,Q3,2005-08,13,Sat,6
2005-08-14,2005,8,Aug,Aug 2005,Q3,2005-08,14,Sun,7
2005-08-15,2005,8,Aug,Aug 2005,Q3,2005-08,15,Mon,1
2005-08-16,2005,8,Aug,Aug 2005,Q3,2005-08,16,Tue,2
2005-08-17,2005,8,Aug,Aug 2005,Q3,2005-08,17,Wed,3
2005-08-18,2005,8,Aug,Aug 2005,Q3,2005-08,18,Thu,4
2005-08-19,2005,8,Aug,Aug 2005,Q3,2005-08,19,Fri,5
2005-08-20,2005,8,Aug,Aug 2005,Q3,2005-08,20,Sat,6
2005-08-21,2005,8,Aug,Aug 2005,Q3,2005-08,21,Sun,7
2005-08-22,2005,8,Aug,Aug 2005,Q3,2005-08,22,Mon,1
2005-08-23,2005,8,Aug,Aug 2005,Q3,2005-08,23,Tue,2
2005-08-24,2005,8,Aug,Aug 2005,Q3,2005-08,24,Wed,3
2005-08-25,2005,8,Aug,Aug 2005,Q3,2005-08,25,Thu,4
2005-08-26,2005,8,Aug,Aug 2005,Q3,2005-08,26,Fri,5
2005-08-27,2005,8,Aug,Aug 2005,Q3,2005-08,27,Sat,6
2005-08-28,2005,8,Aug,Aug 2005,Q3,2005-08,28,Sun,7
2005-08-29,2005,8,Aug,Aug 2005,Q3,2005-08,29,Mon,1
2005-08-30,2005,8,Aug,Aug 2005,Q3,2005-08,30,Tue,2
2005-08-31,2005,8,Aug,Aug 2005,Q3,2005-08,31,Wed,3
2005-09-01,2005,9,Sep,Sep 2005,Q3,2005-09,1,Thu,4
2005-09-02,2005,9,Sep,Sep 2005,Q3,2005-09,2,Fri,5
2005-09-03,2005,9,Sep,Sep 2005,Q3,2005-09,3,Sat,6
2005-09-04,2005,9,Sep,Sep 2005,Q3,2005-09,4,Sun,7
2005-09-05,2005,9,Sep,Sep 2005,Q3,2005-09,5,Mon,1
2005-09-06,2005,9,Sep,Sep 2005,Q3,2005-09,6,Tue,2
2005-09-07,2005,9,Sep,Sep 2005,Q3,2005-09,7,Wed,3
2005-09-08,2005,9,Sep,Sep 2005,Q3,2005-09,8,Thu,4
2005-09-09,2005,9,Sep,Sep 2005,Q3,2005-09,9,Fri,5
2005-09-10,2005,9,Sep,Sep 2005,Q3,2005-09,10,Sat,6
2005-09-11,2005,9,Sep,Sep 2005,Q3,2005-09,11,Sun,7
2005-09-12,2005,9,Sep,Sep 2005,Q3,2005-09,12,Mon,1
2005-09-13,2005,9,Sep,Sep 2005,Q3,2005-09,13,Tue,2
2005-09-14,2005,9,Sep,Sep 2005,Q3,2005-09,14,Wed,3
2005-09-15,2005,9,Sep,Sep 2005,Q3,2005-09,15,Thu,4
2005-09-16,2005,9,Sep,Sep 2005,Q3,2005-09,16,Fri,5
2005-09-17,2005,9,Sep,Sep 2005,Q3,2005-09,17,Sat,6
2005-09-18,2005,9,Sep,Sep 2005,Q3,2005-09,18,Sun,7
2005-09-19,2005,9,Sep,Sep 2005,Q3,2005-09,19,Mon,1
2005-09-20,2005,9,Sep,Sep 2005,Q3,2005-09,20,Tue,2
2005-09-21,2005,9,Sep,Sep 2005,Q3,2005-09,21,Wed,3
2005-09-22,2005,9,Sep,Sep 2005,Q3,2005-09,22,Thu,4
2005-09-23,2005,9,Sep,Sep 2005,Q3,2005-09,23,Fri,5
2005-09-24,2005,9,Sep,Sep 2005,Q3,2005-09,24,Sat,6
2005-09-25,2005,9,Sep,Sep 2005,Q3,2005-09,25,Sun,7
2005-09-26,2005,9,Sep,Sep 2005,Q3,2005-09,26,Mon,1
2005-09-27,2005,9,Sep,Sep 2005,Q3,2005-09,27,Tue,2
2005-09-28,2005,9,Sep,Sep 2005,Q3,2005-09,28,Wed,3
2005-09-29,2005,9,Sep,Sep 2005,Q3,2005-09,29,Thu,4
2005-09-30,2005,9,Sep,Sep 2005,Q3,2005-09,30,Fri,5
2005-10-01,2005,10,Oct,Oct 2005,Q4,2005-10,1,Sat,6
2005-10-02,2005,10,Oct,Oct 2005,Q4,2005-10,2,Sun,7
2005-10-03,2005,10,Oct,Oct 2005,Q4,2005-10,3,Mon,1
2005-10-04,2005,10,Oct,Oct 2005,Q4,2005-10,4,Tue,2
2005-10-05,2005,10,Oct,Oct 2005,Q4,2005-10,5,Wed,3
2005-10-06,2005,10,Oct,Oct 2005,Q4,2005-10,6,Thu,4
2005-10-07,2005,10,Oct,Oct 2005,Q4,2005-10,7,Fri,5
2005-10-08,2005,10,Oct,Oct 2005,Q4,2005-10,8,Sat,6
2005-10-09,2005,10,Oct,Oct 2005,Q4,2005-10,9,Sun,7
2005-10-10,2005,10,Oct,Oct 2005,Q4,2005-10,10,Mon,1
2005-10-11,2005,10,Oct,Oct 2005,Q4,2005-10,11,Tue,2
2005-10-12,2005,10,Oct,Oct 2005,Q4,2005-10,12,Wed,3
2005-10-13,2005,10,Oct,Oct 2005,Q4,2005-10,13,Thu,4
2005-10-14,2005,10,Oct,Oct 2005,Q4,2005-10,14,Fri,5
2005-10-15,2005,10,Oct,Oct 2005,Q4,2005-10,15,Sat,6
2005-10-16,2005,10,Oct,Oct 2005,Q4,2005-10,16,Sun,7
2005-10-17,2005,10,Oct,Oct 2005,Q4,2005-10,17,Mon,1
2005-10-18,2005,10,Oct,Oct 2005,Q4,2005-10,18,Tue,2
2005-10-19,2005,10,Oct,Oct 2005,Q4,2005-10,19,Wed,3
2005-10-20,2005,10,Oct,Oct 2005,Q4,2005-10,20,Thu,4
2005-10-21,2005,10,Oct,Oct 2005,Q4,2005-10,21,Fri,5
2005-10-22,2005,10,Oct,Oct 2005,Q4,2005-10,22,Sat,6
2005-10-23,2005,10,Oct,Oct 2005,Q4,2005-10,23,Sun,7
2005-10-24,2005,10,Oct,Oct 2005,Q4,2005-10,24,Mon,1
2005-10-25,2005,10,Oct,Oct 2005,Q4,2005-10,25,Tue,2
2005-10-26,2005,10,Oct,Oct 2005,Q4,2005-10,26,Wed,3
2005-10-27,2005,10,Oct,Oct 2005,Q4,2005-10,27,Thu,4
2005-10-28,2005,10,Oct,Oct 2005,Q4,2005-10,28,Fri,5
2005-10-29,2005,10,Oct,Oct 2005,Q4,2005-10,29,Sat,6
2005-10-30,2005,10,Oct,Oct 2005,Q4,2005-10,30,Sun,7
2005-10-31,2005,10,Oct,Oct 2005,Q4,2005-10,31,Mon,1
2005-11-01,2005,11,Nov,Nov 2005,Q4,2005-11,1,Tue,2
2005-11-02,2005,11,Nov,Nov 2005,Q4,2005-11,2,Wed,3
2005-11-03,2005,11,Nov,Nov 2005,Q4,2005-11,3,Thu,4
2005-11-04,2005,11,Nov,Nov 2005,Q4,2005-11,4,Fri,5
2005-11-05,2005,11,Nov,Nov 2005,Q4,2005-11,5,Sat,6
2005-11-06,2005,11,Nov,Nov 2005,Q4,2005-11,6,Sun,7
2005-11-07,2005,11,Nov,Nov 2005,Q4,2005-11,7,Mon,1
2005-11-08,2005,11,Nov,Nov 2005,Q4,2005-11,8,Tue,2
2005-11-09,2005,11,Nov,Nov 2005,Q4,2005-11,9,Wed,3
2005-11-10,2005,11,Nov,Nov 2005,Q4,2005-11,10,Thu,4
2005-11-11,2005,11,Nov,Nov 2005,Q4,2005-11,11,Fri,5
2005-11-12,2005,11,Nov,Nov 2005,Q4,2005-11,12,Sat,6
2005-11-13,2005,11,Nov,Nov 2005,Q4,2005-11,13,Sun,7
2005-11-14,2005,11,Nov,Nov 2005,Q4,2005-11,14,Mon,1
2005-11-15,2005,11,Nov,Nov 2005,Q4,2005-11,15,Tue,2
2005-11-16,2005,11,Nov,Nov 2005,Q4,2005-11,16,Wed,3
2005-11-17,2005,11,Nov,Nov 2005,Q4,2005-11,17,Thu,4
2005-11-18,2005,11,Nov,Nov 2005,Q4,2005-11,18,Fri,5
2005-11-19,2005,11,Nov,Nov 2005,Q4,2005-11,19,Sat,6
2005-11-20,2005,11,Nov,Nov 2005,Q4,2005-11,20,Sun,7
2005-11-21,2005,11,Nov,Nov 2005,Q4,2005-11,21,Mon,1
2005-11-22,2005,11,Nov,Nov 2005,Q4,2005-11,22,Tue,2
2005-11-23,2005,11,Nov,Nov 2005,Q4,2005-11,23,Wed,3
2005-11-24,2005,11,Nov,Nov 2005,Q4,2005-11,24,Thu,4
2005-11-25,2005,11,Nov,Nov 2005,Q4,2005-11,25,Fri,5
2005-11-26,2005,11,Nov,Nov 2005,Q4,2005-11,26,Sat,6
2005-11-27,2005,11,Nov,Nov 2005,Q4,2005-11,27,Sun,7
2005-11-28,2005,11,Nov,Nov 2005,Q4,2005-11,28,Mon,1
2005-11-29,2005,11,Nov,Nov 2005,Q4,2005-11,29,Tue,2
2005-11-30,2005,11,Nov,Nov 2005,Q4,2005-11,30,Wed,3
2005-12-01,2005,12,Dec,Dec 2005,Q4,2005-12,1,Thu,4
2005-12-02,2005,12,Dec,Dec 2005,Q4,2005-12,2,Fri,5
2005-12-03,2005,12,Dec,Dec 2005,Q4,2005-12,3,Sat,6
2005-12-04,2005,12,Dec,Dec 2005,Q4,2005-12,4,Sun,7
2005-12-05,2005,12,Dec,Dec 2005,Q4,2005-12,5,Mon,1
2005-12-06,2005,12,Dec,Dec 2005,Q4,2005-12,6,Tue,2
2005-12-07,2005,12,Dec,Dec 2005,Q4,2005-12,7,Wed,3
2005-12-08,2005,12,Dec,Dec 2005,Q4,2005-12,8,Thu,4
2005-12-09,2005,12,Dec,Dec 2005,Q4,2005-12,9,Fri,5
2005-12-10,2005,12,Dec,Dec 2005,Q4,2005-12,10,Sat,6
2005-12-11,2005,12,Dec,Dec 2005,Q4,2005-12,11,Sun,7
2005-12-12,2005,12,Dec,Dec 2005,Q4,2005-12,12,Mon,1
2005-12-13,2005,12,Dec,Dec 2005,Q4,2005-12,13,Tue,2
2005-12-14,2005,12,Dec,Dec 2005,Q4,2005-12,14,Wed,3
2005-12-15,2005,12,Dec,Dec 2005,Q4,2005-12,15,Thu,4
2005-12-16,2005,12,Dec,Dec 2005,Q4,2005-12,16,Fri,5
2005-12-17,2005,12,Dec,Dec 2005,Q4,2005-12,17,Sat,6
2005-12-18,2005,12,Dec,Dec 2005,Q4,2005-12,18,Sun,7
2005-12-19,2005,12,Dec,Dec 2005,Q4,2005-12,19,Mon,1
2005-12-20,2005,12,Dec,Dec 2005,Q4,2005-12,20,Tue,2
2005-12-21,2005,12,Dec,Dec 2005,Q4,2005-12,21,Wed,3
2005-12-22,2005,12,Dec,Dec 2005,Q4,2005-12,22,Thu,4
2005-12-23,2005,12,Dec,Dec 2005,Q4,2005-12,23,Fri,5
2005-12-24,2005,12,Dec,Dec 2005,Q4,2005-12,24,Sat,6
2005-12-25,2005,12,Dec,Dec 2005,Q4,2005-12,25,Sun,7
2005-12-26,2005,12,Dec,Dec 2005,Q4,2005-12,26,Mon,1
2005-12-27,2005,12,Dec,Dec 2005,Q4,2005-12,27,Tue,2
2005-12-28,2005,12,Dec,Dec 2005,Q4,2005-12,28,Wed,3
2005-12-29,2005,12,Dec,Dec 2005,Q4,2005-12,29,Thu,4
2005-12-30,2005,12,Dec,Dec 2005,Q4,2005-12,30,Fri,5
2005-12-31,2005,12,Dec,Dec 2005,Q4,2005-12,31,Sat,6
2006-01-01,2006,1,Jan,Jan 2006,Q1,2006-01,1,Sun,7
2006-01-02,2006,1,Jan,Jan 2006,Q1,2006-01,2,Mon,1
2006-01-03,2006,1,Jan,Jan 2006,Q1,2006-01,3,Tue,2
2006-01-04,2006,1,Jan,Jan 2006,Q1,2006-01,4,Wed,3
2006-01-05,2006,1,Jan,Jan 2006,Q1,2006-01,5,Thu,4
2006-01-06,2006,1,Jan,Jan 2006,Q1,2006-01,6,Fri,5
2006-01-07,2006,1,Jan,Jan 2006,Q1,2006-01,7,Sat,6
2006-01-08,2006,1,Jan,Jan 2006,Q1,2006-01,8,Sun,7
2006-01-09,2006,1,Jan,Jan 2006,Q1,2006-01,9,Mon,1
2006-01-10,2006,1,Jan,Jan 2006,Q1,2006-01,10,Tue,2
2006-01-11,2006,1,Jan,Jan 2006,Q1,2006-01,11,Wed,3
2006-01-12,2006,1,Jan,Jan 2006,Q1,2006-01,12,Thu,4
2006-01-13,2006,1,Jan,Jan 2006,Q1,2006-01,13,Fri,5
2006-01-14,2006,1,Jan,Jan 2006,Q1,2006-01,14,Sat,6
2006-01-15,2006,1,Jan,Jan 2006,Q1,2006-01,15,Sun,7
2006-01-16,2006,1,Jan,Jan 2006,Q1,2006-01,16,Mon,1
2006-01-17,2006,1,Jan,Jan 2006,Q1,2006-01,17,Tue,2
2006-01-18,2006,1,Jan,Jan 2006,Q1,2006-01,18,Wed,3
2006-01-19,2006,1,Jan,Jan 2006,Q1,2006-01,19,Thu,4
2006-01-20,2006,1,Jan,Jan 2006,Q1,2006-01,20,Fri,5
2006-01-21,2006,1,Jan,Jan 2006,Q1,2006-01,21,Sat,6
2006-01-22,2006,1,Jan,Jan 2006,Q1,2006-01,22,Sun,7
2006-01-23,2006,1,Jan,Jan 2006,Q1,2006-01,23,Mon,1
2006-01-24,2006,1,Jan,Jan 2006,Q1,2006-01,24,Tue,2
2006-01-25,2006,1,Jan,Jan 2006,Q1,2006-01,25,Wed,3
2006-01-26,2006,1,Jan,Jan 2006,Q1,2006-01,26,Thu,4
2006-01-27,2006,1,Jan,Jan 2006,Q1,2006-01,27,Fri,5
2006-01-28,2006,1,Jan,Jan 2006,Q1,2006-01,28,Sat,6
2006-01-29,2006,1,Jan,Jan 2006,Q1,2006-01,29,Sun,7
2006-01-30,2006,1,Jan,Jan 2006,Q1,2006-01,30,Mon,1
2006-01-31,2006,1,Jan,Jan 2006,Q1,2006-01,31,Tue,2
2006-02-01,2006,2,Feb,Feb 2006,Q1,2006-02,1,Wed,3
2006-02-02,2006,2,Feb,Feb 2006,Q1,2006-02,2,Thu,4
2006-02-03,2006,2,Feb,Feb 2006,Q1,2006-02,3,Fri,5
2006-02-04,2006,2,Feb,Feb 2006,Q1,2006-02,4,Sat,6
2006-02-05,2006,2,Feb,Feb 2006,Q1,2006-02,5,Sun,7
2006-02-06,2006,2,Feb,Feb 2006,Q1,2006-02,6,Mon,1
2006-02-07,2006,2,Feb,Feb 2006,Q1,2006-02,7,Tue,2
2006-02-08,2006,2,Feb,Feb 2006,Q1,2006-02,8,Wed,3
2006-02-09,2006,2,Feb,Feb 2006,Q1,2006-02,9,Thu,4
2006-02-10,2006,2,Feb,Feb 2006,Q1,2006-02,10,Fri,5
2006-02-11,2006,2,Feb,Feb 2006,Q1,2006-02,11,Sat,6
2006-02-12,2006,2,Feb,Feb 2006,Q1,2006-02,12,Sun,7
2006-02-13,2006,2,Feb,Feb 2006,Q1,2006-02,13,Mon,1
2006-02-14,2006,2,Feb,Feb 2006,Q1,2006-02,14,Tue,2
2006-02-15,2006,2,Feb,Feb 2006,Q1,2006-02,15,Wed,3
2006-02-16,2006,2,Feb,Feb 2006,Q1,2006-02,16,Thu,4
2006-02-17,2006,2,Feb,Feb 2006,Q1,2006-02,17,Fri,5
2006-02-18,2006,2,Feb,Feb 2006,Q1,2006-02,18,Sat,6
2006-02-19,2006,2,Feb,Feb 2006,Q1,2006-02,19,Sun,7
2006-02-20,2006,2,Feb,Feb 2006,Q1,2006-02,20,Mon,1
2006-02-21,2006,2,Feb,Feb 2006,Q1,2006-02,21,Tue,2
2006-02-22,2006,2,Feb,Feb 2006,Q1,2006-02,22,Wed,3
2006-02-23,2006,2,Feb,Feb 2006,Q1,2006-02,23,Thu,4
2006-02-24,2006,2,Feb,Feb 2006,Q1,2006-02,24,Fri,5
2006-02-25,2006,2,Feb,Feb 2006,Q1,2006-02,25,Sat,6
2006-02-26,2006,2,Feb,Feb 2006,Q1,2006-02,26,Sun,7
2006-02-27,2006,2,Feb,Feb 2006,Q1,2006-02,27,Mon,1
2006-02-28,2006,2,Feb,Feb 2006,Q1,2006-02,28,Tue,2
2006-03-01,2006,3,Mar,Mar 2006,Q1,2006-03,1,Wed,3
2006-03-02,2006,3,Mar,Mar 2006,Q1,2006-03,2,Thu,4
2006-03-03,2006,3,Mar,Mar 2006,Q1,2006-03,3,Fri,5
2006-03-04,2006,3,Mar,Mar 2006,Q1,2006-03,4,Sat,6
2006-03-05,2006,3,Mar,Mar 2006,Q1,2006-03,5,Sun,7
2006-03-06,2006,3,Mar,Mar 2006,Q1,2006-03,6,Mon,1
2006-03-07,2006,3,Mar,Mar 2006,Q1,2006-03,7,Tue,2
2006-03-08,2006,3,Mar,Mar 2006,Q1,2006-03,8,Wed,3
2006-03-09,2006,3,Mar,Mar 2006,Q1,2006-03,9,Thu,4
2006-03-10,2006,3,Mar,Mar 2006,Q1,2006-03,10,Fri,5
2006-03-11,2006,3,Mar,Mar 2006,Q1,2006-03,11,Sat,6
2006-03-12,2006,3,Mar,Mar 2006,Q1,2006-03,12,Sun,7
2006-03-13,2006,3,Mar,Mar 2006,Q1,2006-03,13,Mon,1
2006-03-14,2006,3,Mar,Mar 2006,Q1,2006-03,14,Tue,2
2006-03-15,2006,3,Mar,Mar 2006,Q1,2006-03,15,Wed,3
2006-03-16,2006,3,Mar,Mar 2006,Q1,2006-03,16,Thu,4
2006-03-17,2006,3,Mar,Mar 2006,Q1,2006-03,17,Fri,5
2006-03-18,2006,3,Mar,Mar 2006,Q1,2006-03,18,Sat,6
2006-03-19,2006,3,Mar,Mar 2006,Q1,2006-03,19,Sun,7
2006-03-20,2006,3,Mar,Mar 2006,Q1,2006-03,20,Mon,1
2006-03-21,2006,3,Mar,Mar 2006,Q1,2006-03,21,Tue,2
2006-03-22,2006,3,Mar,Mar 2006,Q1,2006-03,22,Wed,3
2006-03-23,2006,3,Mar,Mar 2006,Q1,2006-03,23,Thu,4
2006-03-24,2006,3,Mar,Mar 2006,Q1,2006-03,24,Fri,5
2006-03-25,2006,3,Mar,Mar 2006,Q1,2006-03,25,Sat,6
2006-03-26,2006,3,Mar,Mar 2006,Q1,2006-03,26,Sun,7
2006-03-27,2006,3,Mar,Mar 2006,Q1,2006-03,27,Mon,1
2006-03-28,2006,3,Mar,Mar 2006,Q1,2006-03,28,Tue,2
2006-03-29,2006,3,Mar,Mar 2006,Q1,2006-03,29,Wed,3
2006-03-30,2006,3,Mar,Mar 2006,Q1,2006-03,30,Thu,4
2006-03-31,2006,3,Mar,Mar 2006,Q1,2006-03,31,Fri,5
2006-04-01,2006,4,Apr,Apr 2006,Q2,2006-04,1,Sat,6
2006-04-02,2006,4,Apr,Apr 2006,Q2,2006-04,2,Sun,7
2006-04-03,2006,4,Apr,Apr 2006,Q2,2006-04,3,Mon,1
2006-04-04,2006,4,Apr,Apr 2006,Q2,2006-04,4,Tue,2
2006-04-05,2006,4,Apr,Apr 2006,Q2,2006-04,5,Wed,3
2006-04-06,2006,4,Apr,Apr 2006,Q2,2006-04,6,Thu,4
2006-04-07,2006,4,Apr,Apr 2006,Q2,2006-04,7,Fri,5
2006-04-08,2006,4,Apr,Apr 2006,Q2,2006-04,8,Sat,6
2006-04-09,2006,4,Apr,Apr 2006,Q2,2006-04,9,Sun,7
2006-04-10,2006,4,Apr,Apr 2006,Q2,2006-04,10,Mon,1
2006-04-11,2006,4,Apr,Apr 2006,Q2,2006-04,11,Tue,2
2006-04-12,2006,4,Apr,Apr 2006,Q2,2006-04,12,Wed,3
2006-04-13,2006,4,Apr,Apr 2006,Q2,2006-04,13,Thu,4
2006-04-14,2006,4,Apr,Apr 2006,Q2,2006-04,14,Fri,5
2006-04-15,2006,4,Apr,Apr 2006,Q2,2006-04,15,Sat,6
2006-04-16,2006,4,Apr,Apr 2006,Q2,2006-04,16,Sun,7
2006-04-17,2006,4,Apr,Apr 2006,Q2,2006-04,17,Mon,1
2006-04-18,2006,4,Apr,Apr 2006,Q2,2006-04,18,Tue,2
2006-04-19,2006,4,Apr,Apr 2006,Q2,2006-04,19,Wed,3
2006-04-20,2006,4,Apr,Apr 2006,Q2,2006-04,20,Thu,4
2006-04-21,2006,4,Apr,Apr 2006,Q2,2006-04,21,Fri,5
2006-04-22,2006,4,Apr,Apr 2006,Q2,2006-04,22,Sat,6
2006-04-23,2006,4,Apr,Apr 2006,Q2,2006-04,23,Sun,7
2006-04-24,2006,4,Apr,Apr 2006,Q2,2006-04,24,Mon,1
2006-04-25,2006,4,Apr,Apr 2006,Q2,2006-04,25,Tue,2
2006-04-26,2006,4,Apr,Apr 2006,Q2,2006-04,26,Wed,3
2006-04-27,2006,4,Apr,Apr 2006,Q2,2006-04,27,Thu,4
2006-04-28,2006,4,Apr,Apr 2006,Q2,2006-04,28,Fri,5
2006-04-29,2006,4,Apr,Apr 2006,Q2,2006-04,29,Sat,6
2006-04-30,2006,4,Apr,Apr 2006,Q2,2006-04,30,Sun,7
2006-05-01,2006,5,May,May 2006,Q2,2006-05,1,Mon,1
2006-05-02,2006,5,May,May 2006,Q2,2006-05,2,Tue,2
2006-05-03,2006,5,May,May 2006,Q2,2006-05,3,Wed,3
2006-05-04,2006,5,May,May 2006,Q2,2006-05,4,Thu,4
2006-05-05,2006,5,May,May 2006,Q2,2006-05,5,Fri,5
2006-05-06,2006,5,May,May 2006,Q2,2006-05,6,Sat,6
2006-05-07,2006,5,May,May 2006,Q2,2006-05,7,Sun,7
2006-05-08,2006,5,May,May 2006,Q2,2006-05,8,Mon,1
2006-05-09,2006,5,May,May 2006,Q2,2006-05,9,Tue,2
2006-05-10,2006,5,May,May 2006,Q2,2006-05,10,Wed,3
2006-05-11,2006,5,May,May 2006,Q2,2006-05,11,Thu,4
2006-05-12,2006,5,May,May 2006,Q2,2006-05,12,Fri,5
2006-05-13,2006,5,May,May 2006,Q2,2006-05,13,Sat,6
2006-05-14,2006,5,May,May 2006,Q2,2006-05,14,Sun,7
2006-05-15,2006,5,May,May 2006,Q2,2006-05,15,Mon,1
2006-05-16,2006,5,May,May 2006,Q2,2006-05,16,Tue,2
2006-05-17,2006,5,May,May 2006,Q2,2006-05,17,Wed,3
2006-05-18,2006,5,May,May 2006,Q2,2006-05,18,Thu,4
2006-05-19,2006,5,May,May 2006,Q2,2006-05,19,Fri,5
2006-05-20,2006,5,May,May 2006,Q2,2006-05,20,Sat,6
2006-05-21,2006,5,May,May 2006,Q2,2006-05,21,Sun,7
2006-05-22,2006,5,May,May 2006,Q2,2006-05,22,Mon,1
2006-05-23,2006,5,May,May 2006,Q2,2006-05,23,Tue,2
2006-05-24,2006,5,May,May 2006,Q2,2006-05,24,Wed,3
2006-05-25,2006,5,May,May 2006,Q2,2006-05,25,Thu,4
2006-05-26,2006,5,May,May 2006,Q2,2006-05,26,Fri,5
2006-05-27,2006,5,May,May 2006,Q2,2006-05,27,Sat,6
2006-05-28,2006,5,May,May 2006,Q2,2006-05,28,Sun,7
2006-05-29,2006,5,May,May 2006,Q2,2006-05,29,Mon,1
2006-05-30,2006,5,May,May 2006,Q2,2006-05,30,Tue,2
2006-05-31,2006,5,May,May 2006,Q2,2006-05,31,Wed,3
2006-06-01,2006,6,Jun,Jun 2006,Q2,2006-06,1,Thu,4
2006-06-02,2006,6,Jun,Jun 2006,Q2,2006-06,2,Fri,5
2006-06-03,2006,6,Jun,Jun 2006,Q2,2006-06,3,Sat,6
2006-06-04,2006,6,Jun,Jun 2006,Q2,2006-06,4,Sun,7
2006-06-05,2006,6,Jun,Jun 2006,Q2,2006-06,5,Mon,1
2006-06-06,2006,6,Jun,Jun 2006,Q2,2006-06,6,Tue,2
2006-06-07,2006,6,Jun,Jun 2006,Q2,2006-06,7,Wed,3
2006-06-08,2006,6,Jun,Jun 2006,Q2,2006-06,8,Thu,4
2006-06-09,2006,6,Jun,Jun 2006,Q2,2006-06,9,Fri,5
2006-06-10,2006,6,Jun,Jun 2006,Q2,2006-06,10,Sat,6
2006-06-11,2006,6,Jun,Jun 2006,Q2,2006-06,11,Sun,7
2006-06-12,2006,6,Jun,Jun 2006,Q2,2006-06,12,Mon,1
2006-06-13,2006,6,Jun,Jun 2006,Q2,2006-06,13,Tue,2
2006-06-14,2006,6,Jun,Jun 2006,Q2,2006-06,14,Wed,3
2006-06-15,2006,6,Jun,Jun 2006,Q2,2006-06,15,Thu,4
2006-06-16,2006,6,Jun,Jun 2006,Q2,2006-06,16,Fri,5
2006-06-17,2006,6,Jun,Jun 2006,Q2,2006-06,17,Sat,6
2006-06-18,2006,6,Jun,Jun 2006,Q2,2006-06,18,Sun,7
2006-06-19,2006,6,Jun,Jun 2006,Q2,2006-06,19,Mon,1
2006-06-20,2006,6,Jun,Jun 2006,Q2,2006-06,20,Tue,2
2006-06-21,2006,6,Jun,Jun 2006,Q2,2006-06,21,Wed,3
2006-06-22,2006,6,Jun,Jun 2006,Q2,2006-06,22,Thu,4
2006-06-23,2006,6,Jun,Jun 2006,Q2,2006-06,23,Fri,5
2006-06-24,2006,6,Jun,Jun 2006,Q2,2006-06,24,Sat,6
2006-06-25,2006,6,Jun,Jun 2006,Q2,2006-06,25,Sun,7
2006-06-26,2006,6,Jun,Jun 2006,Q2,2006-06,26,Mon,1
2006-06-27,2006,6,Jun,Jun 2006,Q2,2006-06,27,Tue,2
2006-06-28,2006,6,Jun,Jun 2006,Q2,2006-06,28,Wed,3
2006-06-29,2006,6,Jun,Jun 2006,Q2,2006-06,29,Thu,4
2006-06-30,2006,6,Jun,Jun 2006,Q2,2006-06,30,Fri,5
2006-07-01,2006,7,Jul,Jul 2006,Q3,2006-07,1,Sat,6
2006-07-02,2006,7,Jul,Jul 2006,Q3,2006-07,2,Sun,7
2006-07-03,2006,7,Jul,Jul 2006,Q3,2006-07,3,Mon,1
2006-07-04,2006,7,Jul,Jul 2006,Q3,2006-07,4,Tue,2
2006-07-05,2006,7,Jul,Jul 2006,Q3,2006-07,5,Wed,3
2006-07-06,2006,7,Jul,Jul 2006,Q3,2006-07,6,Thu,4
2006-07-07,2006,7,Jul,Jul 2006,Q3,2006-07,7,Fri,5
2006-07-08,2006,7,Jul,Jul 2006,Q3,2006-07,8,Sat,6
2006-07-09,2006,7,Jul,Jul 2006,Q3,2006-07,9,Sun,7
2006-07-10,2006,7,Jul,Jul 2006,Q3,2006-07,10,Mon,1
2006-07-11,2006,7,Jul,Jul 2006,Q3,2006-07,11,Tue,2
2006-07-12,2006,7,Jul,Jul 2006,Q3,2006-07,12,Wed,3
2006-07-13,2006,7,Jul,Jul 2006,Q3,2006-07,13,Thu,4
2006-07-14,2006,7,Jul,Jul 2006,Q3,2006-07,14,Fri,5
2006-07-15,2006,7,Jul,Jul 2006,Q3,2006-07,15,Sat,6
2006-07-16,2006,7,Jul,Jul 2006,Q3,2006-07,16,Sun,7
2006-07-17,2006,7,Jul,Jul 2006,Q3,2006-07,17,Mon,1
2006-07-18,2006,7,Jul,Jul 2006,Q3,2006-07,18,Tue,2
2006-07-19,2006,7,Jul,Jul 2006,Q3,2006-07,19,Wed,3
2006-07-20,2006,7,Jul,Jul 2006,Q3,2006-07,20,Thu,4
2006-07-21,2006,7,Jul,Jul 2006,Q3,2006-07,21,Fri,5
2006-07-22,2006,7,Jul,Jul 2006,Q3,2006-07,22,Sat,6
2006-07-23,2006,7,Jul,Jul 2006,Q3,2006-07,23,Sun,7
2006-07-24,2006,7,Jul,Jul 2006,Q3,2006-07,24,Mon,1
2006-07-25,2006,7,Jul,Jul 2006,Q3,2006-07,25,Tue,2
2006-07-26,2006,7,Jul,Jul 2006,Q3,2006-07,26,Wed,3
2006-07-27,2006,7,Jul,Jul 2006,Q3,2006-07,27,Thu,4
2006-07-28,2006,7,Jul,Jul 2006,Q3,2006-07,28,Fri,5
2006-07-29,2006,7,Jul,Jul 2006,Q3,2006-07,29,Sat,6
2006-07-30,2006,7,Jul,Jul 2006,Q3,2006-07,30,Sun,7
2006-07-31,2006,7,Jul,Jul 2006,Q3,2006-07,31,Mon,1
2006-08-01,2006,8,Aug,Aug 2006,Q3,2006-08,1,Tue,2
2006-08-02,2006,8,Aug,Aug 2006,Q3,2006-08,2,Wed,3
2006-08-03,2006,8,Aug,Aug 2006,Q3,2006-08,3,Thu,4
2006-08-04,2006,8,Aug,Aug 2006,Q3,2006-08,4,Fri,5
2006-08-05,2006,8,Aug,Aug 2006,Q3,2006-08,5,Sat,6
2006-08-06,2006,8,Aug,Aug 2006,Q3,2006-08,6,Sun,7
2006-08-07,2006,8,Aug,Aug 2006,Q3,2006-08,7,Mon,1
2006-08-08,2006,8,Aug,Aug 2006,Q3,2006-08,8,Tue,2
2006-08-09,2006,8,Aug,Aug 2006,Q3,2006-08,9,Wed,3
2006-08-10,2006,8,Aug,Aug 2006,Q3,2006-08,10,Thu,4
2006-08-11,2006,8,Aug,Aug 2006,Q3,2006-08,11,Fri,5
2006-08-12,2006,8,Aug,Aug 2006,Q3,2006-08,12,Sat,6
2006-08-13,2006,8,Aug,Aug 2006,Q3,2006-08,13,Sun,7
2006-08-14,2006,8,Aug,Aug 2006,Q3,2006-08,14,Mon,1
2006-08-15,2006,8,Aug,Aug 2006,Q3,2006-08,15,Tue,2
2006-08-16,2006,8,Aug,Aug 2006,Q3,2006-08,16,Wed,3
2006-08-17,2006,8,Aug,Aug 2006,Q3,2006-08,17,Thu,4
2006-08-18,2006,8,Aug,Aug 2006,Q3,2006-08,18,Fri,5
2006-08-19,2006,8,Aug,Aug 2006,Q3,2006-08,19,Sat,6
2006-08-20,2006,8,Aug,Aug 2006,Q3,2006-08,20,Sun,7
2006-08-21,2006,8,Aug,Aug 2006,Q3,2006-08,21,Mon,1
2006-08-22,2006,8,Aug,Aug 2006,Q3,2006-08,22,Tue,2
2006-08-23,2006,8,Aug,Aug 2006,Q3,2006-08,23,Wed,3
2006-08-24,2006,8,Aug,Aug 2006,Q3,2006-08,24,Thu,4
2006-08-25,2006,8,Aug,Aug 2006,Q3,2006-08,25,Fri,5
2006-08-26,2006,8,Aug,Aug 2006,Q3,2006-08,26,Sat,6
2006-08-27,2006,8,Aug,Aug 2006,Q3,2006-08,27,Sun,7
2006-08-28,2006,8,Aug,Aug 2006,Q3,2006-08,28,Mon,1
2006-08-29,2006,8,Aug,Aug 2006,Q3,2006-08,29,Tue,2
2006-08-30,2006,8,Aug,Aug 2006,Q3,2006-08,30,Wed,3
2006-08-31,2006,8,Aug,Aug 2006,Q3,2006-08,31,Thu,4
2006-09-01,2006,9,Sep,Sep 2006,Q3,2006-09,1,Fri,5
2006-09-02,2006,9,Sep,Sep 2006,Q3,2006-09,2,Sat,6
2006-09-03,2006,9,Sep,Sep 2006,Q3,2006-09,3,Sun,7
2006-09-04,2006,9,Sep,Sep 2006,Q3,2006-09,4,Mon,1
2006-09-05,2006,9,Sep,Sep 2006,Q3,2006-09,5,Tue,2
2006-09-06,2006,9,Sep,Sep 2006,Q3,2006-09,6,Wed,3
2006-09-07,2006,9,Sep,Sep 2006,Q3,2006-09,7,Thu,4
2006-09-08,2006,9,Sep,Sep 2006,Q3,2006-09,8,Fri,5
2006-09-09,2006,9,Sep,Sep 2006,Q3,2006-09,9,Sat,6
2006-09-10,2006,9,Sep,Sep 2006,Q3,2006-09,10,Sun,7
2006-09-11,2006,9,Sep,Sep 2006,Q3,2006-09,11,Mon,1
2006-09-12,2006,9,Sep,Sep 2006,Q3,2006-09,12,Tue,2
2006-09-13,2006,9,Sep,Sep 2006,Q3,2006-09,13,Wed,3
2006-09-14,2006,9,Sep,Sep 2006,Q3,2006-09,14,Thu,4
2006-09-15,2006,9,Sep,Sep 2006,Q3,2006-09,15,Fri,5
2006-09-16,2006,9,Sep,Sep 2006,Q3,2006-09,16,Sat,6
2006-09-17,2006,9,Sep,Sep 2006,Q3,2006-09,17,Sun,7
2006-09-18,2006,9,Sep,Sep 2006,Q3,2006-09,18,Mon,1
2006-09-19,2006,9,Sep,Sep 2006,Q3,2006-09,19,Tue,2
2006-09-20,2006,9,Sep,Sep 2006,Q3,2006-09,20,Wed,3
2006-09-21,2006,9,Sep,Sep 2006,Q3,2006-09,21,Thu,4
2006-09-22,2006,9,Sep,Sep 2006,Q3,2006-09,22,Fri,5
2006-09-23,2006,9,Sep,Sep 2006,Q3,2006-09,23,Sat,6
2006-09-24,2006,9,Sep,Sep 2006,Q3,2006-09,24,Sun,7
2006-09-25,2006,9,Sep,Sep 2006,Q3,2006-09,25,Mon,1
2006-09-26,2006,9,Sep,Sep 2006,Q3,2006-09,26,Tue,2
2006-09-27,2006,9,Sep,Sep 2006,Q3,2006-09,27,Wed,3
2006-09-28,2006,9,Sep,Sep 2006,Q3,2006-09,28,Thu,4
2006-09-29,2006,9,Sep,Sep 2006,Q3,2006-09,29,Fri,5
2006-09-30,2006,9,Sep,Sep 2006,Q3,2006-09,30,Sat,6
2006-10-01,2006,10,Oct,Oct 2006,Q4,2006-10,1,Sun,7
2006-10-02,2006,10,Oct,Oct 2006,Q4,2006-10,2,Mon,1
2006-10-03,2006,10,Oct,Oct 2006,Q4,2006-10,3,Tue,2
2006-10-04,2006,10,Oct,Oct 2006,Q4,2006-10,4,Wed,3
2006-10-05,2006,10,Oct,Oct 2006,Q4,2006-10,5,Thu,4
2006-10-06,2006,10,Oct,Oct 2006,Q4,2006-10,6,Fri,5
2006-10-07,2006,10,Oct,Oct 2006,Q4,2006-10,7,Sat,6
2006-10-08,2006,10,Oct,Oct 2006,Q4,2006-10,8,Sun,7
2006-10-09,2006,10,Oct,Oct 2006,Q4,2006-10,9,Mon,1
2006-10-10,2006,10,Oct,Oct 2006,Q4,2006-10,10,Tue,2
2006-10-11,2006,10,Oct,Oct 2006,Q4,2006-10,11,Wed,3
2006-10-12,2006,10,Oct,Oct 2006,Q4,2006-10,12,Thu,4
2006-10-13,2006,10,Oct,Oct 2006,Q4,2006-10,13,Fri,5
2006-10-14,2006,10,Oct,Oct 2006,Q4,2006-10,14,Sat,6
2006-10-15,2006,10,Oct,Oct 2006,Q4,2006-10,15,Sun,7
2006-10-16,2006,10,Oct,Oct 2006,Q4,2006-10,16,Mon,1
2006-10-17,2006,10,Oct,Oct 2006,Q4,2006-10,17,Tue,2
2006-10-18,2006,10,Oct,Oct 2006,Q4,2006-10,18,Wed,3
2006-10-19,2006,10,Oct,Oct 2006,Q4,2006-10,19,Thu,4
2006-10-20,2006,10,Oct,Oct 2006,Q4,2006-10,20,Fri,5
2006-10-21,2006,10,Oct,Oct 2006,Q4,2006-10,21,Sat,6
2006-10-22,2006,10,Oct,Oct 2006,Q4,2006-10,22,Sun,7
2006-10-23,2006,10,Oct,Oct 2006,Q4,2006-10,23,Mon,1
2006-10-24,2006,10,Oct,Oct 2006,Q4,2006-10,24,Tue,2
2006-10-25,2006,10,Oct,Oct 2006,Q4,2006-10,25,Wed,3
2006-10-26,2006,10,Oct,Oct 2006,Q4,2006-10,26,Thu,4
2006-10-27,2006,10,Oct,Oct 2006,Q4,2006-10,27,Fri,5
2006-10-28,2006,10,Oct,Oct 2006,Q4,2006-10,28,Sat,6
2006-10-29,2006,10,Oct,Oct 2006,Q4,2006-10,29,Sun,7
2006-10-30,2006,10,Oct,Oct 2006,Q4,2006-10,30,Mon,1
2006-10-31,2006,10,Oct,Oct 2006,Q4,2006-10,31,Tue,2
2006-11-01,2006,11,Nov,Nov 2006,Q4,2006-11,1,Wed,3
2006-11-02,2006,11,Nov,Nov 2006,Q4,2006-11,2,Thu,4
2006-11-03,2006,11,Nov,Nov 2006,Q4,2006-11,3,Fri,5
2006-11-04,2006,11,Nov,Nov 2006,Q4,2006-11,4,Sat,6
2006-11-05,2006,11,Nov,Nov 2006,Q4,2006-11,5,Sun,7
2006-11-06,2006,11,Nov,Nov 2006,Q4,2006-11,6,Mon,1
2006-11-07,2006,11,Nov,Nov 2006,Q4,2006-11,7,Tue,2
2006-11-08,2006,11,Nov,Nov 2006,Q4,2006-11,8,Wed,3
2006-11-09,2006,11,Nov,Nov 2006,Q4,2006-11,9,Thu,4
2006-11-10,2006,11,Nov,Nov 2006,Q4,2006-11,10,Fri,5
2006-11-11,2006,11,Nov,Nov 2006,Q4,2006-11,11,Sat,6
2006-11-12,2006,11,Nov,Nov 2006,Q4,2006-11,12,Sun,7
2006-11-13,2006,11,Nov,Nov 2006,Q4,2006-11,13,Mon,1
2006-11-14,2006,11,Nov,Nov 2006,Q4,2006-11,14,Tue,2
2006-11-15,2006,11,Nov,Nov 2006,Q4,2006-11,15,Wed,3
2006-11-16,2006,11,Nov,Nov 2006,Q4,2006-11,16,Thu,4
2006-11-17,2006,11,Nov,Nov 2006,Q4,2006-11,17,Fri,5
2006-11-18,2006,11,Nov,Nov 2006,Q4,2006-11,18,Sat,6
2006-11-19,2006,11,Nov,Nov 2006,Q4,2006-11,19,Sun,7
2006-11-20,2006,11,Nov,Nov 2006,Q4,2006-11,20,Mon,1
2006-11-21,2006,11,Nov,Nov 2006,Q4,2006-11,21,Tue,2
2006-11-22,2006,11,Nov,Nov 2006,Q4,2006-11,22,Wed,3
2006-11-23,2006,11,Nov,Nov 2006,Q4,2006-11,23,Thu,4
2006-11-24,2006,11,Nov,Nov 2006,Q4,2006-11,24,Fri,5
2006-11-25,2006,11,Nov,Nov 2006,Q4,2006-11,25,Sat,6
2006-11-26,2006,11,Nov,Nov 2006,Q4,2006-11,26,Sun,7
2006-11-27,2006,11,Nov,Nov 2006,Q4,2006-11,27,Mon,1
2006-11-28,2006,11,Nov,Nov 2006,Q4,2006-11,28,Tue,2
2006-11-29,2006,11,Nov,Nov 2006,Q4,2006-11,29,Wed,3
2006-11-30,2006,11,Nov,Nov 2006,Q4,2006-11,30,Thu,4
2006-12-01,2006,12,Dec,Dec 2006,Q4,2006-12,1,Fri,5
2006-12-02,2006,12,Dec,Dec 2006,Q4,2006-12,2,Sat,6
2006-12-03,2006,12,Dec,Dec 2006,Q4,2006-12,3,Sun,7
2006-12-04,2006,12,Dec,Dec 2006,Q4,2006-12,4,Mon,1
2006-12-05,2006,12,Dec,Dec 2006,Q4,2006-12,5,Tue,2
2006-12-06,2006,12,Dec,Dec 2006,Q4,2006-12,6,Wed,3
2006-12-07,2006,12,Dec,Dec 2006,Q4,2006-12,7,Thu,4
2006-12-08,2006,12,Dec,Dec 2006,Q4,2006-12,8,Fri,5
2006-12-09,2006,12,Dec,Dec 2006,Q4,2006-12,9,Sat,6
2006-12-10,2006,12,Dec,Dec 2006,Q4,2006-12,10,Sun,7
2006-12-11,2006,12,Dec,Dec 2006,Q4,2006-12,11,Mon,1
2006-12-12,2006,12,Dec,Dec 2006,Q4,2006-12,12,Tue,2
2006-12-13,2006,12,Dec,Dec 2006,Q4,2006-12,13,Wed,3
2006-12-14,2006,12,Dec,Dec 2006,Q4,2006-12,14,Thu,4
2006-12-15,2006,12,Dec,Dec 2006,Q4,2006-12,15,Fri,5
2006-12-16,2006,12,Dec,Dec 2006,Q4,2006-12,16,Sat,6
2006-12-17,2006,12,Dec,Dec 2006,Q4,2006-12,17,Sun,7
2006-12-18,2006,12,Dec,Dec 2006,Q4,2006-12,18,Mon,1
2006-12-19,2006,12,Dec,Dec 2006,Q4,2006-12,19,Tue,2
2006-12-20,2006,12,Dec,Dec 2006,Q4,2006-12,20,Wed,3
2006-12-21,2006,12,Dec,Dec 2006,Q4,2006-12,21,Thu,4
2006-12-22,2006,12,Dec,Dec 2006,Q4,2006-12,22,Fri,5
2006-12-23,2006,12,Dec,Dec 2006,Q4,2006-12,23,Sat,6
2006-12-24,2006,12,Dec,Dec 2006,Q4,2006-12,24,Sun,7
2006-12-25,2006,12,Dec,Dec 2006,Q4,2006-12,25,Mon,1
2006-12-26,2006,12,Dec,Dec 2006,Q4,2006-12,26,Tue,2
2006-12-27,2006,12,Dec,Dec 2006,Q4,2006-12,27,Wed,3
2006-12-28,2006,12,Dec,Dec 2006,Q4,2006-12,28,Thu,4
2006-12-29,2006,12,Dec,Dec 2006,Q4,2006-12,29,Fri,5
2006-12-30,2006,12,Dec,Dec 2006,Q4,2006-12,30,Sat,6
2006-12-31,2006,12,Dec,Dec 2006,Q4,2006-12,31,Sun,7
2007-01-01,2007,1,Jan,Jan 2007,Q1,2007-01,1,Mon,1
2007-01-02,2007,1,Jan,Jan 2007,Q1,2007-01,2,Tue,2
2007-01-03,2007,1,Jan,Jan 2007,Q1,2007-01,3,Wed,3
2007-01-04,2007,1,Jan,Jan 2007,Q1,2007-01,4,Thu,4
2007-01-05,2007,1,Jan,Jan 2007,Q1,2007-01,5,Fri,5
2007-01-06,2007,1,Jan,Jan 2007,Q1,2007-01,6,Sat,6
2007-01-07,2007,1,Jan,Jan 2007,Q1,2007-01,7,Sun,7
2007-01-08,2007,1,Jan,Jan 2007,Q1,2007-01,8,Mon,1
2007-01-09,2007,1,Jan,Jan 2007,Q1,2007-01,9,Tue,2
2007-01-10,2007,1,Jan,Jan 2007,Q1,2007-01,10,Wed,3
2007-01-11,2007,1,Jan,Jan 2007,Q1,2007-01,11,Thu,4
2007-01-12,2007,1,Jan,Jan 2007,Q1,2007-01,12,Fri,5
2007-01-13,2007,1,Jan,Jan 2007,Q1,2007-01,13,Sat,6
2007-01-14,2007,1,Jan,Jan 2007,Q1,2007-01,14,Sun,7
2007-01-15,2007,1,Jan,Jan 2007,Q1,2007-01,15,Mon,1
2007-01-16,2007,1,Jan,Jan 2007,Q1,2007-01,16,Tue,2
2007-01-17,2007,1,Jan,Jan 2007,Q1,2007-01,17,Wed,3
2007-01-18,2007,1,Jan,Jan 2007,Q1,2007-01,18,Thu,4
2007-01-19,2007,1,Jan,Jan 2007,Q1,2007-01,19,Fri,5
2007-01-20,2007,1,Jan,Jan 2007,Q1,2007-01,20,Sat,6
2007-01-21,2007,1,Jan,Jan 2007,Q1,2007-01,21,Sun,7
2007-01-22,2007,1,Jan,Jan 2007,Q1,2007-01,22,Mon,1
2007-01-23,2007,1,Jan,Jan 2007,Q1,2007-01,23,Tue,2
2007-01-24,2007,1,Jan,Jan 2007,Q1,2007-01,24,Wed,3
2007-01-25,2007,1,Jan,Jan 2007,Q1,2007-01,25,Thu,4
2007-01-26,2007,1,Jan,Jan 2007,Q1,2007-01,26,Fri,5
2007-01-27,2007,1,Jan,Jan 2007,Q1,2007-01,27,Sat,6
2007-01-28,2007,1,Jan,Jan 2007,Q1,2007-01,28,Sun,7
2007-01-29,2007,1,Jan,Jan 2007,Q1,2007-01,29,Mon,1
2007-01-30,2007,1,Jan,Jan 2007,Q1,2007-01,30,Tue,2
2007-01-31,2007,1,Jan,Jan 2007,Q1,2007-01,31,Wed,3
2007-02-01,2007,2,Feb,Feb 2007,Q1,2007-02,1,Thu,4
2007-02-02,2007,2,Feb,Feb 2007,Q1,2007-02,2,Fri,5
2007-02-03,2007,2,Feb,Feb 2007,Q1,2007-02,3,Sat,6
2007-02-04,2007,2,Feb,Feb 2007,Q1,2007-02,4,Sun,7
2007-02-05,2007,2,Feb,Feb 2007,Q1,2007-02,5,Mon,1
2007-02-06,2007,2,Feb,Feb 2007,Q1,2007-02,6,Tue,2
2007-02-07,2007,2,Feb,Feb 2007,Q1,2007-02,7,Wed,3
2007-02-08,2007,2,Feb,Feb 2007,Q1,2007-02,8,Thu,4
2007-02-09,2007,2,Feb,Feb 2007,Q1,2007-02,9,Fri,5
2007-02-10,2007,2,Feb,Feb 2007,Q1,2007-02,10,Sat,6
2007-02-11,2007,2,Feb,Feb 2007,Q1,2007-02,11,Sun,7
2007-02-12,2007,2,Feb,Feb 2007,Q1,2007-02,12,Mon,1
2007-02-13,2007,2,Feb,Feb 2007,Q1,2007-02,13,Tue,2
2007-02-14,2007,2,Feb,Feb 2007,Q1,2007-02,14,Wed,3
2007-02-15,2007,2,Feb,Feb 2007,Q1,2007-02,15,Thu,4
2007-02-16,2007,2,Feb,Feb 2007,Q1,2007-02,16,Fri,5
2007-02-17,2007,2,Feb,Feb 2007,Q1,2007-02,17,Sat,6
2007-02-18,2007,2,Feb,Feb 2007,Q1,2007-02,18,Sun,7
2007-02-19,2007,2,Feb,Feb 2007,Q1,2007-02,19,Mon,1
2007-02-20,2007,2,Feb,Feb 2007,Q1,2007-02,20,Tue,2
2007-02-21,2007,2,Feb,Feb 2007,Q1,2007-02,21,Wed,3
2007-02-22,2007,2,Feb,Feb 2007,Q1,2007-02,22,Thu,4
2007-02-23,2007,2,Feb,Feb 2007,Q1,2007-02,23,Fri,5
2007-02-24,2007,2,Feb,Feb 2007,Q1,2007-02,24,Sat,6
2007-02-25,2007,2,Feb,Feb 2007,Q1,2007-02,25,Sun,7
2007-02-26,2007,2,Feb,Feb 2007,Q1,2007-02,26,Mon,1
2007-02-27,2007,2,Feb,Feb 2007,Q1,2007-02,27,Tue,2
2007-02-28,2007,2,Feb,Feb 2007,Q1,2007-02,28,Wed,3
2007-03-01,2007,3,Mar,Mar 2007,Q1,2007-03,1,Thu,4
2007-03-02,2007,3,Mar,Mar 2007,Q1,2007-03,2,Fri,5
2007-03-03,2007,3,Mar,Mar 2007,Q1,2007-03,3,Sat,6
2007-03-04,2007,3,Mar,Mar 2007,Q1,2007-03,4,Sun,7
2007-03-05,2007,3,Mar,Mar 2007,Q1,2007-03,5,Mon,1
2007-03-06,2007,3,Mar,Mar 2007,Q1,2007-03,6,Tue,2
2007-03-07,2007,3,Mar,Mar 2007,Q1,2007-03,7,Wed,3
2007-03-08,2007,3,Mar,Mar 2007,Q1,2007-03,8,Thu,4
2007-03-09,2007,3,Mar,Mar 2007,Q1,2007-03,9,Fri,5
2007-03-10,2007,3,Mar,Mar 2007,Q1,2007-03,10,Sat,6
2007-03-11,2007,3,Mar,Mar 2007,Q1,2007-03,11,Sun,7
2007-03-12,2007,3,Mar,Mar 2007,Q1,2007-03,12,Mon,1
2007-03-13,2007,3,Mar,Mar 2007,Q1,2007-03,13,Tue,2
2007-03-14,2007,3,Mar,Mar 2007,Q1,2007-03,14,Wed,3
2007-03-15,2007,3,Mar,Mar 2007,Q1,2007-03,15,Thu,4
2007-03-16,2007,3,Mar,Mar 2007,Q1,2007-03,16,Fri,5
2007-03-17,2007,3,Mar,Mar 2007,Q1,2007-03,17,Sat,6
2007-03-18,2007,3,Mar,Mar 2007,Q1,2007-03,18,Sun,7
2007-03-19,2007,3,Mar,Mar 2007,Q1,2007-03,19,Mon,1
2007-03-20,2007,3,Mar,Mar 2007,Q1,2007-03,20,Tue,2
2007-03-21,2007,3,Mar,Mar 2007,Q1,2007-03,21,Wed,3
2007-03-22,2007,3,Mar,Mar 2007,Q1,2007-03,22,Thu,4
2007-03-23,2007,3,Mar,Mar 2007,Q1,2007-03,23,Fri,5
2007-03-24,2007,3,Mar,Mar 2007,Q1,2007-03,24,Sat,6
2007-03-25,2007,3,Mar,Mar 2007,Q1,2007-03,25,Sun,7
2007-03-26,2007,3,Mar,Mar 2007,Q1,2007-03,26,Mon,1
2007-03-27,2007,3,Mar,Mar 2007,Q1,2007-03,27,Tue,2
2007-03-28,2007,3,Mar,Mar 2007,Q1,2007-03,28,Wed,3
2007-03-29,2007,3,Mar,Mar 2007,Q1,2007-03,29,Thu,4
2007-03-30,2007,3,Mar,Mar 2007,Q1,2007-03,30,Fri,5
2007-03-31,2007,3,Mar,Mar 2007,Q1,2007-03,31,Sat,6
2007-04-01,2007,4,Apr,Apr 2007,Q2,2007-04,1,Sun,7
2007-04-02,2007,4,Apr,Apr 2007,Q2,2007-04,2,Mon,1
2007-04-03,2007,4,Apr,Apr 2007,Q2,2007-04,3,Tue,2
2007-04-04,2007,4,Apr,Apr 2007,Q2,2007-04,4,Wed,3
2007-04-05,2007,4,Apr,Apr 2007,Q2,2007-04,5,Thu,4
2007-04-06,2007,4,Apr,Apr 2007,Q2,2007-04,6,Fri,5
2007-04-07,2007,4,Apr,Apr 2007,Q2,2007-04,7,Sat,6
2007-04-08,2007,4,Apr,Apr 2007,Q2,2007-04,8,Sun,7
2007-04-09,2007,4,Apr,Apr 2007,Q2,2007-04,9,Mon,1
2007-04-10,2007,4,Apr,Apr 2007,Q2,2007-04,10,Tue,2
2007-04-11,2007,4,Apr,Apr 2007,Q2,2007-04,11,Wed,3
2007-04-12,2007,4,Apr,Apr 2007,Q2,2007-04,12,Thu,4
2007-04-13,2007,4,Apr,Apr 2007,Q2,2007-04,13,Fri,5
2007-04-14,2007,4,Apr,Apr 2007,Q2,2007-04,14,Sat,6
2007-04-15,2007,4,Apr,Apr 2007,Q2,2007-04,15,Sun,7
2007-04-16,2007,4,Apr,Apr 2007,Q2,2007-04,16,Mon,1
2007-04-17,2007,4,Apr,Apr 2007,Q2,2007-04,17,Tue,2
2007-04-18,2007,4,Apr,Apr 2007,Q2,2007-04,18,Wed,3
2007-04-19,2007,4,Apr,Apr 2007,Q2,2007-04,19,Thu,4
2007-04-20,2007,4,Apr,Apr 2007,Q2,2007-04,20,Fri,5
2007-04-21,2007,4,Apr,Apr 2007,Q2,2007-04,21,Sat,6
2007-04-22,2007,4,Apr,Apr 2007,Q2,2007-04,22,Sun,7
2007-04-23,2007,4,Apr,Apr 2007,Q2,2007-04,23,Mon,1
2007-04-24,2007,4,Apr,Apr 2007,Q2,2007-04,24,Tue,2
2007-04-25,2007,4,Apr,Apr 2007,Q2,2007-04,25,Wed,3
2007-04-26,2007,4,Apr,Apr 2007,Q2,2007-04,26,Thu,4
2007-04-27,2007,4,Apr,Apr 2007,Q2,2007-04,27,Fri,5
2007-04-28,2007,4,Apr,Apr 2007,Q2,2007-04,28,Sat,6
2007-04-29,2007,4,Apr,Apr 2007,Q2,2007-04,29,Sun,7
2007-04-30,2007,4,Apr,Apr 2007,Q2,2007-04,30,Mon,1
2007-05-01,2007,5,May,May 2007,Q2,2007-05,1,Tue,2
2007-05-02,2007,5,May,May 2007,Q2,2007-05,2,Wed,3
2007-05-03,2007,5,May,May 2007,Q2,2007-05,3,Thu,4
2007-05-04,2007,5,May,May 2007,Q2,2007-05,4,Fri,5
2007-05-05,2007,5,May,May 2007,Q2,2007-05,5,Sat,6
2007-05-06,2007,5,May,May 2007,Q2,2007-05,6,Sun,7
2007-05-07,2007,5,May,May 2007,Q2,2007-05,7,Mon,1
2007-05-08,2007,5,May,May 2007,Q2,2007-05,8,Tue,2
2007-05-09,2007,5,May,May 2007,Q2,2007-05,9,Wed,3
2007-05-10,2007,5,May,May 2007,Q2,2007-05,10,Thu,4
2007-05-11,2007,5,May,May 2007,Q2,2007-05,11,Fri,5
2007-05-12,2007,5,May,May 2007,Q2,2007-05,12,Sat,6
2007-05-13,2007,5,May,May 2007,Q2,2007-05,13,Sun,7
2007-05-14,2007,5,May,May 2007,Q2,2007-05,14,Mon,1
2007-05-15,2007,5,May,May 2007,Q2,2007-05,15,Tue,2
2007-05-16,2007,5,May,May 2007,Q2,2007-05,16,Wed,3
2007-05-17,2007,5,May,May 2007,Q2,2007-05,17,Thu,4
2007-05-18,2007,5,May,May 2007,Q2,2007-05,18,Fri,5
2007-05-19,2007,5,May,May 2007,Q2,2007-05,19,Sat,6
2007-05-20,2007,5,May,May 2007,Q2,2007-05,20,Sun,7
2007-05-21,2007,5,May,May 2007,Q2,2007-05,21,Mon,1
2007-05-22,2007,5,May,May 2007,Q2,2007-05,22,Tue,2
2007-05-23,2007,5,May,May 2007,Q2,2007-05,23,Wed,3
2007-05-24,2007,5,May,May 2007,Q2,2007-05,24,Thu,4
2007-05-25,2007,5,May,May 2007,Q2,2007-05,25,Fri,5
2007-05-26,2007,5,May,May 2007,Q2,2007-05,26,Sat,6
2007-05-27,2007,5,May,May 2007,Q2,2007-05,27,Sun,7
2007-05-28,2007,5,May,May 2007,Q2,2007-05,28,Mon,1
2007-05-29,2007,5,May,May 2007,Q2,2007-05,29,Tue,2
2007-05-30,2007,5,May,May 2007,Q2,2007-05,30,Wed,3
2007-05-31,2007,5,May,May 2007,Q2,2007-05,31,Thu,4
2007-06-01,2007,6,Jun,Jun 2007,Q2,2007-06,1,Fri,5
2007-06-02,2007,6,Jun,Jun 2007,Q2,2007-06,2,Sat,6
2007-06-03,2007,6,Jun,Jun 2007,Q2,2007-06,3,Sun,7
2007-06-04,2007,6,Jun,Jun 2007,Q2,2007-06,4,Mon,1
2007-06-05,2007,6,Jun,Jun 2007,Q2,2007-06,5,Tue,2
2007-06-06,2007,6,Jun,Jun 2007,Q2,2007-06,6,Wed,3
2007-06-07,2007,6,Jun,Jun 2007,Q2,2007-06,7,Thu,4
2007-06-08,2007,6,Jun,Jun 2007,Q2,2007-06,8,Fri,5
2007-06-09,2007,6,Jun,Jun 2007,Q2,2007-06,9,Sat,6
2007-06-10,2007,6,Jun,Jun 2007,Q2,2007-06,10,Sun,7
2007-06-11,2007,6,Jun,Jun 2007,Q2,2007-06,11,Mon,1
2007-06-12,2007,6,Jun,Jun 2007,Q2,2007-06,12,Tue,2
2007-06-13,2007,6,Jun,Jun 2007,Q2,2007-06,13,Wed,3
2007-06-14,2007,6,Jun,Jun 2007,Q2,2007-06,14,Thu,4
2007-06-15,2007,6,Jun,Jun 2007,Q2,2007-06,15,Fri,5
2007-06-16,2007,6,Jun,Jun 2007,Q2,2007-06,16,Sat,6
2007-06-17,2007,6,Jun,Jun 2007,Q2,2007-06,17,Sun,7
2007-06-18,2007,6,Jun,Jun 2007,Q2,2007-06,18,Mon,1
2007-06-19,2007,6,Jun,Jun 2007,Q2,2007-06,19,Tue,2
2007-06-20,2007,6,Jun,Jun 2007,Q2,2007-06,20,Wed,3
2007-06-21,2007,6,Jun,Jun 2007,Q2,2007-06,21,Thu,4
2007-06-22,2007,6,Jun,Jun 2007,Q2,2007-06,22,Fri,5
2007-06-23,2007,6,Jun,Jun 2007,Q2,2007-06,23,Sat,6
2007-06-24,2007,6,Jun,Jun 2007,Q2,2007-06,24,Sun,7
2007-06-25,2007,6,Jun,Jun 2007,Q2,2007-06,25,Mon,1
2007-06-26,2007,6,Jun,Jun 2007,Q2,2007-06,26,Tue,2
2007-06-27,2007,6,Jun,Jun 2007,Q2,2007-06,27,Wed,3
2007-06-28,2007,6,Jun,Jun 2007,Q2,2007-06,28,Thu,4
2007-06-29,2007,6,Jun,Jun 2007,Q2,2007-06,29,Fri,5
2007-06-30,2007,6,Jun,Jun 2007,Q2,2007-06,30,Sat,6
2007-07-01,2007,7,Jul,Jul 2007,Q3,2007-07,1,Sun,7
2007-07-02,2007,7,Jul,Jul 2007,Q3,2007-07,2,Mon,1
2007-07-03,2007,7,Jul,Jul 2007,Q3,2007-07,3,Tue,2
2007-07-04,2007,7,Jul,Jul 2007,Q3,2007-07,4,Wed,3
2007-07-05,2007,7,Jul,Jul 2007,Q3,2007-07,5,Thu,4
2007-07-06,2007,7,Jul,Jul 2007,Q3,2007-07,6,Fri,5
2007-07-07,2007,7,Jul,Jul 2007,Q3,2007-07,7,Sat,6
2007-07-08,2007,7,Jul,Jul 2007,Q3,2007-07,8,Sun,7
2007-07-09,2007,7,Jul,Jul 2007,Q3,2007-07,9,Mon,1
2007-07-10,2007,7,Jul,Jul 2007,Q3,2007-07,10,Tue,2
2007-07-11,2007,7,Jul,Jul 2007,Q3,2007-07,11,Wed,3
2007-07-12,2007,7,Jul,Jul 2007,Q3,2007-07,12,Thu,4
2007-07-13,2007,7,Jul,Jul 2007,Q3,2007-07,13,Fri,5
2007-07-14,2007,7,Jul,Jul 2007,Q3,2007-07,14,Sat,6
2007-07-15,2007,7,Jul,Jul 2007,Q3,2007-07,15,Sun,7
2007-07-16,2007,7,Jul,Jul 2007,Q3,2007-07,16,Mon,1
2007-07-17,2007,7,Jul,Jul 2007,Q3,2007-07,17,Tue,2
2007-07-18,2007,7,Jul,Jul 2007,Q3,2007-07,18,Wed,3
2007-07-19,2007,7,Jul,Jul 2007,Q3,2007-07,19,Thu,4
2007-07-20,2007,7,Jul,Jul 2007,Q3,2007-07,20,Fri,5
2007-07-21,2007,7,Jul,Jul 2007,Q3,2007-07,21,Sat,6
2007-07-22,2007,7,Jul,Jul 2007,Q3,2007-07,22,Sun,7
2007-07-23,2007,7,Jul,Jul 2007,Q3,2007-07,23,Mon,1
2007-07-24,2007,7,Jul,Jul 2007,Q3,2007-07,24,Tue,2
2007-07-25,2007,7,Jul,Jul 2007,Q3,2007-07,25,Wed,3
2007-07-26,2007,7,Jul,Jul 2007,Q3,2007-07,26,Thu,4
2007-07-27,2007,7,Jul,Jul 2007,Q3,2007-07,27,Fri,5
2007-07-28,2007,7,Jul,Jul 2007,Q3,2007-07,28,Sat,6
2007-07-29,2007,7,Jul,Jul 2007,Q3,2007-07,29,Sun,7
2007-07-30,2007,7,Jul,Jul 2007,Q3,2007-07,30,Mon,1
2007-07-31,2007,7,Jul,Jul 2007,Q3,2007-07,31,Tue,2
2007-08-01,2007,8,Aug,Aug 2007,Q3,2007-08,1,Wed,3
2007-08-02,2007,8,Aug,Aug 2007,Q3,2007-08,2,Thu,4
2007-08-03,2007,8,Aug,Aug 2007,Q3,2007-08,3,Fri,5
2007-08-04,2007,8,Aug,Aug 2007,Q3,2007-08,4,Sat,6
2007-08-05,2007,8,Aug,Aug 2007,Q3,2007-08,5,Sun,7
2007-08-06,2007,8,Aug,Aug 2007,Q3,2007-08,6,Mon,1
2007-08-07,2007,8,Aug,Aug 2007,Q3,2007-08,7,Tue,2
2007-08-08,2007,8,Aug,Aug 2007,Q3,2007-08,8,Wed,3
2007-08-09,2007,8,Aug,Aug 2007,Q3,2007-08,9,Thu,4
2007-08-10,2007,8,Aug,Aug 2007,Q3,2007-08,10,Fri,5
2007-08-11,2007,8,Aug,Aug 2007,Q3,2007-08,11,Sat,6
2007-08-12,2007,8,Aug,Aug 2007,Q3,2007-08,12,Sun,7
2007-08-13,2007,8,Aug,Aug 2007,Q3,2007-08,13,Mon,1
2007-08-14,2007,8,Aug,Aug 2007,Q3,2007-08,14,Tue,2
2007-08-15,2007,8,Aug,Aug 2007,Q3,2007-08,15,Wed,3
2007-08-16,2007,8,Aug,Aug 2007,Q3,2007-08,16,Thu,4
2007-08-17,2007,8,Aug,Aug 2007,Q3,2007-08,17,Fri,5
2007-08-18,2007,8,Aug,Aug 2007,Q3,2007-08,18,Sat,6
2007-08-19,2007,8,Aug,Aug 2007,Q3,2007-08,19,Sun,7
2007-08-20,2007,8,Aug,Aug 2007,Q3,2007-08,20,Mon,1
2007-08-21,2007,8,Aug,Aug 2007,Q3,2007-08,21,Tue,2
2007-08-22,2007,8,Aug,Aug 2007,Q3,2007-08,22,Wed,3
2007-08-23,2007,8,Aug,Aug 2007,Q3,2007-08,23,Thu,4
2007-08-24,2007,8,Aug,Aug 2007,Q3,2007-08,24,Fri,5
2007-08-25,2007,8,Aug,Aug 2007,Q3,2007-08,25,Sat,6
2007-08-26,2007,8,Aug,Aug 2007,Q3,2007-08,26,Sun,7
2007-08-27,2007,8,Aug,Aug 2007,Q3,2007-08,27,Mon,1
2007-08-28,2007,8,Aug,Aug 2007,Q3,2007-08,28,Tue,2
2007-08-29,2007,8,Aug,Aug 2007,Q3,2007-08,29,Wed,3
2007-08-30,2007,8,Aug,Aug 2007,Q3,2007-08,30,Thu,4
2007-08-31,2007,8,Aug,Aug 2007,Q3,2007-08,31,Fri,5
2007-09-01,2007,9,Sep,Sep 2007,Q3,2007-09,1,Sat,6
2007-09-02,2007,9,Sep,Sep 2007,Q3,2007-09,2,Sun,7
2007-09-03,2007,9,Sep,Sep 2007,Q3,2007-09,3,Mon,1
2007-09-04,2007,9,Sep,Sep 2007,Q3,2007-09,4,Tue,2
2007-09-05,2007,9,Sep,Sep 2007,Q3,2007-09,5,Wed,3
2007-09-06,2007,9,Sep,Sep 2007,Q3,2007-09,6,Thu,4
2007-09-07,2007,9,Sep,Sep 2007,Q3,2007-09,7,Fri,5
2007-09-08,2007,9,Sep,Sep 2007,Q3,2007-09,8,Sat,6
2007-09-09,2007,9,Sep,Sep 2007,Q3,2007-09,9,Sun,7
2007-09-10,2007,9,Sep,Sep 2007,Q3,2007-09,10,Mon,1
2007-09-11,2007,9,Sep,Sep 2007,Q3,2007-09,11,Tue,2
2007-09-12,2007,9,Sep,Sep 2007,Q3,2007-09,12,Wed,3
2007-09-13,2007,9,Sep,Sep 2007,Q3,2007-09,13,Thu,4
2007-09-14,2007,9,Sep,Sep 2007,Q3,2007-09,14,Fri,5
2007-09-15,2007,9,Sep,Sep 2007,Q3,2007-09,15,Sat,6
2007-09-16,2007,9,Sep,Sep 2007,Q3,2007-09,16,Sun,7
2007-09-17,2007,9,Sep,Sep 2007,Q3,2007-09,17,Mon,1
2007-09-18,2007,9,Sep,Sep 2007,Q3,2007-09,18,Tue,2
2007-09-19,2007,9,Sep,Sep 2007,Q3,2007-09,19,Wed,3
2007-09-20,2007,9,Sep,Sep 2007,Q3,2007-09,20,Thu,4
2007-09-21,2007,9,Sep,Sep 2007,Q3,2007-09,21,Fri,5
2007-09-22,2007,9,Sep,Sep 2007,Q3,2007-09,22,Sat,6
2007-09-23,2007,9,Sep,Sep 2007,Q3,2007-09,23,Sun,7
2007-09-24,2007,9,Sep,Sep 2007,Q3,2007-09,24,Mon,1
2007-09-25,2007,9,Sep,Sep 2007,Q3,2007-09,25,Tue,2
2007-09-26,2007,9,Sep,Sep 2007,Q3,2007-09,26,Wed,3
2007-09-27,2007,9,Sep,Sep 2007,Q3,2007-09,27,Thu,4
2007-09-28,2007,9,Sep,Sep 2007,Q3,2007-09,28,Fri,5
2007-09-29,2007,9,Sep,Sep 2007,Q3,2007-09,29,Sat,6
2007-09-30,2007,9,Sep,Sep 2007,Q3,2007-09,30,Sun,7
2007-10-01,2007,10,Oct,Oct 2007,Q4,2007-10,1,Mon,1
2007-10-02,2007,10,Oct,Oct 2007,Q4,2007-10,2,Tue,2
2007-10-03,2007,10,Oct,Oct 2007,Q4,2007-10,3,Wed,3
2007-10-04,2007,10,Oct,Oct 2007,Q4,2007-10,4,Thu,4
2007-10-05,2007,10,Oct,Oct 2007,Q4,2007-10,5,Fri,5
2007-10-06,2007,10,Oct,Oct 2007,Q4,2007-10,6,Sat,6
2007-10-07,2007,10,Oct,Oct 2007,Q4,2007-10,7,Sun,7
2007-10-08,2007,10,Oct,Oct 2007,Q4,2007-10,8,Mon,1
2007-10-09,2007,10,Oct,Oct 2007,Q4,2007-10,9,Tue,2
2007-10-10,2007,10,Oct,Oct 2007,Q4,2007-10,10,Wed,3
2007-10-11,2007,10,Oct,Oct 2007,Q4,2007-10,11,Thu,4
2007-10-12,2007,10,Oct,Oct 2007,Q4,2007-10,12,Fri,5
2007-10-13,2007,10,Oct,Oct 2007,Q4,2007-10,13,Sat,6
2007-10-14,2007,10,Oct,Oct 2007,Q4,2007-10,14,Sun,7
2007-10-15,2007,10,Oct,Oct 2007,Q4,2007-10,15,Mon,1
2007-10-16,2007,10,Oct,Oct 2007,Q4,2007-10,16,Tue,2
2007-10-17,2007,10,Oct,Oct 2007,Q4,2007-10,17,Wed,3
2007-10-18,2007,10,Oct,Oct 2007,Q4,2007-10,18,Thu,4
2007-10-19,2007,10,Oct,Oct 2007,Q4,2007-10,19,Fri,5
2007-10-20,2007,10,Oct,Oct 2007,Q4,2007-10,20,Sat,6
2007-10-21,2007,10,Oct,Oct 2007,Q4,2007-10,21,Sun,7
2007-10-22,2007,10,Oct,Oct 2007,Q4,2007-10,22,Mon,1
2007-10-23,2007,10,Oct,Oct 2007,Q4,2007-10,23,Tue,2
2007-10-24,2007,10,Oct,Oct 2007,Q4,2007-10,24,Wed,3
2007-10-25,2007,10,Oct,Oct 2007,Q4,2007-10,25,Thu,4
2007-10-26,2007,10,Oct,Oct 2007,Q4,2007-10,26,Fri,5
2007-10-27,2007,10,Oct,Oct 2007,Q4,2007-10,27,Sat,6
2007-10-28,2007,10,Oct,Oct 2007,Q4,2007-10,28,Sun,7
2007-10-29,2007,10,Oct,Oct 2007,Q4,2007-10,29,Mon,1
2007-10-30,2007,10,Oct,Oct 2007,Q4,2007-10,30,Tue,2
2007-10-31,2007,10,Oct,Oct 2007,Q4,2007-10,31,Wed,3
2007-11-01,2007,11,Nov,Nov 2007,Q4,2007-11,1,Thu,4
2007-11-02,2007,11,Nov,Nov 2007,Q4,2007-11,2,Fri,5
2007-11-03,2007,11,Nov,Nov 2007,Q4,2007-11,3,Sat,6
2007-11-04,2007,11,Nov,Nov 2007,Q4,2007-11,4,Sun,7
2007-11-05,2007,11,Nov,Nov 2007,Q4,2007-11,5,Mon,1
2007-11-06,2007,11,Nov,Nov 2007,Q4,2007-11,6,Tue,2
2007-11-07,2007,11,Nov,Nov 2007,Q4,2007-11,7,Wed,3
2007-11-08,2007,11,Nov,Nov 2007,Q4,2007-11,8,Thu,4
2007-11-09,2007,11,Nov,Nov 2007,Q4,2007-11,9,Fri,5
2007-11-10,2007,11,Nov,Nov 2007,Q4,2007-11,10,Sat,6
2007-11-11,2007,11,Nov,Nov 2007,Q4,2007-11,11,Sun,7
2007-11-12,2007,11,Nov,Nov 2007,Q4,2007-11,12,Mon,1
2007-11-13,2007,11,Nov,Nov 2007,Q4,2007-11,13,Tue,2
2007-11-14,2007,11,Nov,Nov 2007,Q4,2007-11,14,Wed,3
2007-11-15,2007,11,Nov,Nov 2007,Q4,2007-11,15,Thu,4
2007-11-16,2007,11,Nov,Nov 2007,Q4,2007-11,16,Fri,5
2007-11-17,2007,11,Nov,Nov 2007,Q4,2007-11,17,Sat,6
2007-11-18,2007,11,Nov,Nov 2007,Q4,2007-11,18,Sun,7
2007-11-19,2007,11,Nov,Nov 2007,Q4,2007-11,19,Mon,1
2007-11-20,2007,11,Nov,Nov 2007,Q4,2007-11,20,Tue,2
2007-11-21,2007,11,Nov,Nov 2007,Q4,2007-11,21,Wed,3
2007-11-22,2007,11,Nov,Nov 2007,Q4,2007-11,22,Thu,4
2007-11-23,2007,11,Nov,Nov 2007,Q4,2007-11,23,Fri,5
2007-11-24,2007,11,Nov,Nov 2007,Q4,2007-11,24,Sat,6
2007-11-25,2007,11,Nov,Nov 2007,Q4,2007-11,25,Sun,7
2007-11-26,2007,11,Nov,Nov 2007,Q4,2007-11,26,Mon,1
2007-11-27,2007,11,Nov,Nov 2007,Q4,2007-11,27,Tue,2
2007-11-28,2007,11,Nov,Nov 2007,Q4,2007-11,28,Wed,3
2007-11-29,2007,11,Nov,Nov 2007,Q4,2007-11,29,Thu,4
2007-11-30,2007,11,Nov,Nov 2007,Q4,2007-11,30,Fri,5
2007-12-01,2007,12,Dec,Dec 2007,Q4,2007-12,1,Sat,6
2007-12-02,2007,12,Dec,Dec 2007,Q4,2007-12,2,Sun,7
2007-12-03,2007,12,Dec,Dec 2007,Q4,2007-12,3,Mon,1
2007-12-04,2007,12,Dec,Dec 2007,Q4,2007-12,4,Tue,2
2007-12-05,2007,12,Dec,Dec 2007,Q4,2007-12,5,Wed,3
2007-12-06,2007,12,Dec,Dec 2007,Q4,2007-12,6,Thu,4
2007-12-07,2007,12,Dec,Dec 2007,Q4,2007-12,7,Fri,5
2007-12-08,2007,12,Dec,Dec 2007,Q4,2007-12,8,Sat,6
2007-12-09,2007,12,Dec,Dec 2007,Q4,2007-12,9,Sun,7
2007-12-10,2007,12,Dec,Dec 2007,Q4,2007-12,10,Mon,1
2007-12-11,2007,12,Dec,Dec 2007,Q4,2007-12,11,Tue,2
2007-12-12,2007,12,Dec,Dec 2007,Q4,2007-12,12,Wed,3
2007-12-13,2007,12,Dec,Dec 2007,Q4,2007-12,13,Thu,4
2007-12-14,2007,12,Dec,Dec 2007,Q4,2007-12,14,Fri,5
2007-12-15,2007,12,Dec,Dec 2007,Q4,2007-12,15,Sat,6
2007-12-16,2007,12,Dec,Dec 2007,Q4,2007-12,16,Sun,7
2007-12-17,2007,12,Dec,Dec 2007,Q4,2007-12,17,Mon,1
2007-12-18,2007,12,Dec,Dec 2007,Q4,2007-12,18,Tue,2
2007-12-19,2007,12,Dec,Dec 2007,Q4,2007-12,19,Wed,3
2007-12-20,2007,12,Dec,Dec 2007,Q4,2007-12,20,Thu,4
2007-12-21,2007,12,Dec,Dec 2007,Q4,2007-12,21,Fri,5
2007-12-22,2007,12,Dec,Dec 2007,Q4,2007-12,22,Sat,6
2007-12-23,2007,12,Dec,Dec 2007,Q4,2007-12,23,Sun,7
2007-12-24,2007,12,Dec,Dec 2007,Q4,2007-12,24,Mon,1
2007-12-25,2007,12,Dec,Dec 2007,Q4,2007-12,25,Tue,2
2007-12-26,2007,12,Dec,Dec 2007,Q4,2007-12,26,Wed,3
2007-12-27,2007,12,Dec,Dec 2007,Q4,2007-12,27,Thu,4
2007-12-28,2007,12,Dec,Dec 2007,Q4,2007-12,28,Fri,5
2007-12-29,2007,12,Dec,Dec 2007,Q4,2007-12,29,Sat,6
2007-12-30,2007,12,Dec,Dec 2007,Q4,2007-12,30,Sun,7
2007-12-31,2007,12,Dec,Dec 2007,Q4,2007-12,31,Mon,1
2008-01-01,2008,1,Jan,Jan 2008,Q1,2008-01,1,Tue,2
2008-01-02,2008,1,Jan,Jan 2008,Q1,2008-01,2,Wed,3
2008-01-03,2008,1,Jan,Jan 2008,Q1,2008-01,3,Thu,4
2008-01-04,2008,1,Jan,Jan 2008,Q1,2008-01,4,Fri,5
2008-01-05,2008,1,Jan,Jan 2008,Q1,2008-01,5,Sat,6
2008-01-06,2008,1,Jan,Jan 2008,Q1,2008-01,6,Sun,7
2008-01-07,2008,1,Jan,Jan 2008,Q1,2008-01,7,Mon,1
2008-01-08,2008,1,Jan,Jan 2008,Q1,2008-01,8,Tue,2
2008-01-09,2008,1,Jan,Jan 2008,Q1,2008-01,9,Wed,3
2008-01-10,2008,1,Jan,Jan 2008,Q1,2008-01,10,Thu,4
2008-01-11,2008,1,Jan,Jan 2008,Q1,2008-01,11,Fri,5
2008-01-12,2008,1,Jan,Jan 2008,Q1,2008-01,12,Sat,6
2008-01-13,2008,1,Jan,Jan 2008,Q1,2008-01,13,Sun,7
2008-01-14,2008,1,Jan,Jan 2008,Q1,2008-01,14,Mon,1
2008-01-15,2008,1,Jan,Jan 2008,Q1,2008-01,15,Tue,2
2008-01-16,2008,1,Jan,Jan 2008,Q1,2008-01,16,Wed,3
2008-01-17,2008,1,Jan,Jan 2008,Q1,2008-01,17,Thu,4
2008-01-18,2008,1,Jan,Jan 2008,Q1,2008-01,18,Fri,5
2008-01-19,2008,1,Jan,Jan 2008,Q1,2008-01,19,Sat,6
2008-01-20,2008,1,Jan,Jan 2008,Q1,2008-01,20,Sun,7
2008-01-21,2008,1,Jan,Jan 2008,Q1,2008-01,21,Mon,1
2008-01-22,2008,1,Jan,Jan 2008,Q1,2008-01,22,Tue,2
2008-01-23,2008,1,Jan,Jan 2008,Q1,2008-01,23,Wed,3
2008-01-24,2008,1,Jan,Jan 2008,Q1,2008-01,24,Thu,4
2008-01-25,2008,1,Jan,Jan 2008,Q1,2008-01,25,Fri,5
2008-01-26,2008,1,Jan,Jan 2008,Q1,2008-01,26,Sat,6
2008-01-27,2008,1,Jan,Jan 2008,Q1,2008-01,27,Sun,7
2008-01-28,2008,1,Jan,Jan 2008,Q1,2008-01,28,Mon,1
2008-01-29,2008,1,Jan,Jan 2008,Q1,2008-01,29,Tue,2
2008-01-30,2008,1,Jan,Jan 2008,Q1,2008-01,30,Wed,3
2008-01-31,2008,1,Jan,Jan 2008,Q1,2008-01,31,Thu,4
2008-02-01,2008,2,Feb,Feb 2008,Q1,2008-02,1,Fri,5
2008-02-02,2008,2,Feb,Feb 2008,Q1,2008-02,2,Sat,6
2008-02-03,2008,2,Feb,Feb 2008,Q1,2008-02,3,Sun,7
2008-02-04,2008,2,Feb,Feb 2008,Q1,2008-02,4,Mon,1
2008-02-05,2008,2,Feb,Feb 2008,Q1,2008-02,5,Tue,2
2008-02-06,2008,2,Feb,Feb 2008,Q1,2008-02,6,Wed,3
2008-02-07,2008,2,Feb,Feb 2008,Q1,2008-02,7,Thu,4
2008-02-08,2008,2,Feb,Feb 2008,Q1,2008-02,8,Fri,5
2008-02-09,2008,2,Feb,Feb 2008,Q1,2008-02,9,Sat,6
2008-02-10,2008,2,Feb,Feb 2008,Q1,2008-02,10,Sun,7
2008-02-11,2008,2,Feb,Feb 2008,Q1,2008-02,11,Mon,1
2008-02-12,2008,2,Feb,Feb 2008,Q1,2008-02,12,Tue,2
2008-02-13,2008,2,Feb,Feb 2008,Q1,2008-02,13,Wed,3
2008-02-14,2008,2,Feb,Feb 2008,Q1,2008-02,14,Thu,4
2008-02-15,2008,2,Feb,Feb 2008,Q1,2008-02,15,Fri,5
2008-02-16,2008,2,Feb,Feb 2008,Q1,2008-02,16,Sat,6
2008-02-17,2008,2,Feb,Feb 2008,Q1,2008-02,17,Sun,7
2008-02-18,2008,2,Feb,Feb 2008,Q1,2008-02,18,Mon,1
2008-02-19,2008,2,Feb,Feb 2008,Q1,2008-02,19,Tue,2
2008-02-20,2008,2,Feb,Feb 2008,Q1,2008-02,20,Wed,3
2008-02-21,2008,2,Feb,Feb 2008,Q1,2008-02,21,Thu,4
2008-02-22,2008,2,Feb,Feb 2008,Q1,2008-02,22,Fri,5
2008-02-23,2008,2,Feb,Feb 2008,Q1,2008-02,23,Sat,6
2008-02-24,2008,2,Feb,Feb 2008,Q1,2008-02,24,Sun,7
2008-02-25,2008,2,Feb,Feb 2008,Q1,2008-02,25,Mon,1
2008-02-26,2008,2,Feb,Feb 2008,Q1,2008-02,26,Tue,2
2008-02-27,2008,2,Feb,Feb 2008,Q1,2008-02,27,Wed,3
2008-02-28,2008,2,Feb,Feb 2008,Q1,2008-02,28,Thu,4
2008-02-29,2008,2,Feb,Feb 2008,Q1,2008-02,29,Fri,5
2008-03-01,2008,3,Mar,Mar 2008,Q1,2008-03,1,Sat,6
2008-03-02,2008,3,Mar,Mar 2008,Q1,2008-03,2,Sun,7
2008-03-03,2008,3,Mar,Mar 2008,Q1,2008-03,3,Mon,1
2008-03-04,2008,3,Mar,Mar 2008,Q1,2008-03,4,Tue,2
2008-03-05,2008,3,Mar,Mar 2008,Q1,2008-03,5,Wed,3
2008-03-06,2008,3,Mar,Mar 2008,Q1,2008-03,6,Thu,4
2008-03-07,2008,3,Mar,Mar 2008,Q1,2008-03,7,Fri,5
2008-03-08,2008,3,Mar,Mar 2008,Q1,2008-03,8,Sat,6
2008-03-09,2008,3,Mar,Mar 2008,Q1,2008-03,9,Sun,7
2008-03-10,2008,3,Mar,Mar 2008,Q1,2008-03,10,Mon,1
2008-03-11,2008,3,Mar,Mar 2008,Q1,2008-03,11,Tue,2
2008-03-12,2008,3,Mar,Mar 2008,Q1,2008-03,12,Wed,3
2008-03-13,2008,3,Mar,Mar 2008,Q1,2008-03,13,Thu,4
2008-03-14,2008,3,Mar,Mar 2008,Q1,2008-03,14,Fri,5
2008-03-15,2008,3,Mar,Mar 2008,Q1,2008-03,15,Sat,6
2008-03-16,2008,3,Mar,Mar 2008,Q1,2008-03,16,Sun,7
2008-03-17,2008,3,Mar,Mar 2008,Q1,2008-03,17,Mon,1
2008-03-18,2008,3,Mar,Mar 2008,Q1,2008-03,18,Tue,2
2008-03-19,2008,3,Mar,Mar 2008,Q1,2008-03,19,Wed,3
2008-03-20,2008,3,Mar,Mar 2008,Q1,2008-03,20,Thu,4
2008-03-21,2008,3,Mar,Mar 2008,Q1,2008-03,21,Fri,5
2008-03-22,2008,3,Mar,Mar 2008,Q1,2008-03,22,Sat,6
2008-03-23,2008,3,Mar,Mar 2008,Q1,2008-03,23,Sun,7
2008-03-24,2008,3,Mar,Mar 2008,Q1,2008-03,24,Mon,1
2008-03-25,2008,3,Mar,Mar 2008,Q1,2008-03,25,Tue,2
2008-03-26,2008,3,Mar,Mar 2008,Q1,2008-03,26,Wed,3
2008-03-27,2008,3,Mar,Mar 2008,Q1,2008-03,27,Thu,4
2008-03-28,2008,3,Mar,Mar 2008,Q1,2008-03,28,Fri,5
2008-03-29,2008,3,Mar,Mar 2008,Q1,2008-03,29,Sat,6
2008-03-30,2008,3,Mar,Mar 2008,Q1,2008-03,30,Sun,7
2008-03-31,2008,3,Mar,Mar 2008,Q1,2008-03,31,Mon,1
2008-04-01,2008,4,Apr,Apr 2008,Q2,2008-04,1,Tue,2
2008-04-02,2008,4,Apr,Apr 2008,Q2,2008-04,2,Wed,3
2008-04-03,2008,4,Apr,Apr 2008,Q2,2008-04,3,Thu,4
2008-04-04,2008,4,Apr,Apr 2008,Q2,2008-04,4,Fri,5
2008-04-05,2008,4,Apr,Apr 2008,Q2,2008-04,5,Sat,6
2008-04-06,2008,4,Apr,Apr 2008,Q2,2008-04,6,Sun,7
2008-04-07,2008,4,Apr,Apr 2008,Q2,2008-04,7,Mon,1
2008-04-08,2008,4,Apr,Apr 2008,Q2,2008-04,8,Tue,2
2008-04-09,2008,4,Apr,Apr 2008,Q2,2008-04,9,Wed,3
2008-04-10,2008,4,Apr,Apr 2008,Q2,2008-04,10,Thu,4
2008-04-11,2008,4,Apr,Apr 2008,Q2,2008-04,11,Fri,5
2008-04-12,2008,4,Apr,Apr 2008,Q2,2008-04,12,Sat,6
2008-04-13,2008,4,Apr,Apr 2008,Q2,2008-04,13,Sun,7
2008-04-14,2008,4,Apr,Apr 2008,Q2,2008-04,14,Mon,1
2008-04-15,2008,4,Apr,Apr 2008,Q2,2008-04,15,Tue,2
2008-04-16,2008,4,Apr,Apr 2008,Q2,2008-04,16,Wed,3
2008-04-17,2008,4,Apr,Apr 2008,Q2,2008-04,17,Thu,4
2008-04-18,2008,4,Apr,Apr 2008,Q2,2008-04,18,Fri,5
2008-04-19,2008,4,Apr,Apr 2008,Q2,2008-04,19,Sat,6
2008-04-20,2008,4,Apr,Apr 2008,Q2,2008-04,20,Sun,7
2008-04-21,2008,4,Apr,Apr 2008,Q2,2008-04,21,Mon,1
2008-04-22,2008,4,Apr,Apr 2008,Q2,2008-04,22,Tue,2
2008-04-23,2008,4,Apr,Apr 2008,Q2,2008-04,23,Wed,3
2008-04-24,2008,4,Apr,Apr 2008,Q2,2008-04,24,Thu,4
2008-04-25,2008,4,Apr,Apr 2008,Q2,2008-04,25,Fri,5
2008-04-26,2008,4,Apr,Apr 2008,Q2,2008-04,26,Sat,6
2008-04-27,2008,4,Apr,Apr 2008,Q2,2008-04,27,Sun,7
2008-04-28,2008,4,Apr,Apr 2008,Q2,2008-04,28,Mon,1
2008-04-29,2008,4,Apr,Apr 2008,Q2,2008-04,29,Tue,2
2008-04-30,2008,4,Apr,Apr 2008,Q2,2008-04,30,Wed,3
2008-05-01,2008,5,May,May 2008,Q2,2008-05,1,Thu,4
2008-05-02,2008,5,May,May 2008,Q2,2008-05,2,Fri,5
2008-05-03,2008,5,May,May 2008,Q2,2008-05,3,Sat,6
2008-05-04,2008,5,May,May 2008,Q2,2008-05,4,Sun,7
2008-05-05,2008,5,May,May 2008,Q2,2008-05,5,Mon,1
2008-05-06,2008,5,May,May 2008,Q2,2008-05,6,Tue,2
2008-05-07,2008,5,May,May 2008,Q2,2008-05,7,Wed,3
2008-05-08,2008,5,May,May 2008,Q2,2008-05,8,Thu,4
2008-05-09,2008,5,May,May 2008,Q2,2008-05,9,Fri,5
2008-05-10,2008,5,May,May 2008,Q2,2008-05,10,Sat,6
2008-05-11,2008,5,May,May 2008,Q2,2008-05,11,Sun,7
2008-05-12,2008,5,May,May 2008,Q2,2008-05,12,Mon,1
2008-05-13,2008,5,May,May 2008,Q2,2008-05,13,Tue,2
2008-05-14,2008,5,May,May 2008,Q2,2008-05,14,Wed,3
2008-05-15,2008,5,May,May 2008,Q2,2008-05,15,Thu,4
2008-05-16,2008,5,May,May 2008,Q2,2008-05,16,Fri,5
2008-05-17,2008,5,May,May 2008,Q2,2008-05,17,Sat,6
2008-05-18,2008,5,May,May 2008,Q2,2008-05,18,Sun,7
2008-05-19,2008,5,May,May 2008,Q2,2008-05,19,Mon,1
2008-05-20,2008,5,May,May 2008,Q2,2008-05,20,Tue,2
2008-05-21,2008,5,May,May 2008,Q2,2008-05,21,Wed,3
2008-05-22,2008,5,May,May 2008,Q2,2008-05,22,Thu,4
2008-05-23,2008,5,May,May 2008,Q2,2008-05,23,Fri,5
2008-05-24,2008,5,May,May 2008,Q2,2008-05,24,Sat,6
2008-05-25,2008,5,May,May 2008,Q2,2008-05,25,Sun,7
2008-05-26,2008,5,May,May 2008,Q2,2008-05,26,Mon,1
2008-05-27,2008,5,May,May 2008,Q2,2008-05,27,Tue,2
2008-05-28,2008,5,May,May 2008,Q2,2008-05,28,Wed,3
2008-05-29,2008,5,May,May 2008,Q2,2008-05,29,Thu,4
2008-05-30,2008,5,May,May 2008,Q2,2008-05,30,Fri,5
2008-05-31,2008,5,May,May 2008,Q2,2008-05,31,Sat,6
2008-06-01,2008,6,Jun,Jun 2008,Q2,2008-06,1,Sun,7
2008-06-02,2008,6,Jun,Jun 2008,Q2,2008-06,2,Mon,1
2008-06-03,2008,6,Jun,Jun 2008,Q2,2008-06,3,Tue,2
2008-06-04,2008,6,Jun,Jun 2008,Q2,2008-06,4,Wed,3
2008-06-05,2008,6,Jun,Jun 2008,Q2,2008-06,5,Thu,4
2008-06-06,2008,6,Jun,Jun 2008,Q2,2008-06,6,Fri,5
2008-06-07,2008,6,Jun,Jun 2008,Q2,2008-06,7,Sat,6
2008-06-08,2008,6,Jun,Jun 2008,Q2,2008-06,8,Sun,7
2008-06-09,2008,6,Jun,Jun 2008,Q2,2008-06,9,Mon,1
2008-06-10,2008,6,Jun,Jun 2008,Q2,2008-06,10,Tue,2
2008-06-11,2008,6,Jun,Jun 2008,Q2,2008-06,11,Wed,3
2008-06-12,2008,6,Jun,Jun 2008,Q2,2008-06,12,Thu,4
2008-06-13,2008,6,Jun,Jun 2008,Q2,2008-06,13,Fri,5
2008-06-14,2008,6,Jun,Jun 2008,Q2,2008-06,14,Sat,6
2008-06-15,2008,6,Jun,Jun 2008,Q2,2008-06,15,Sun,7
2008-06-16,2008,6,Jun,Jun 2008,Q2,2008-06,16,Mon,1
2008-06-17,2008,6,Jun,Jun 2008,Q2,2008-06,17,Tue,2
2008-06-18,2008,6,Jun,Jun 2008,Q2,2008-06,18,Wed,3
2008-06-19,2008,6,Jun,Jun 2008,Q2,2008-06,19,Thu,4
2008-06-20,2008,6,Jun,Jun 2008,Q2,2008-06,20,Fri,5
2008-06-21,2008,6,Jun,Jun 2008,Q2,2008-06,21,Sat,6
2008-06-22,2008,6,Jun,Jun 2008,Q2,2008-06,22,Sun,7
2008-06-23,2008,6,Jun,Jun 2008,Q2,2008-06,23,Mon,1
2008-06-24,2008,6,Jun,Jun 2008,Q2,2008-06,24,Tue,2
2008-06-25,2008,6,Jun,Jun 2008,Q2,2008-06,25,Wed,3
2008-06-26,2008,6,Jun,Jun 2008,Q2,2008-06,26,Thu,4
2008-06-27,2008,6,Jun,Jun 2008,Q2,2008-06,27,Fri,5
2008-06-28,2008,6,Jun,Jun 2008,Q2,2008-06,28,Sat,6
2008-06-29,2008,6,Jun,Jun 2008,Q2,2008-06,29,Sun,7
2008-06-30,2008,6,Jun,Jun 2008,Q2,2008-06,30,Mon,1
2008-07-01,2008,7,Jul,Jul 2008,Q3,2008-07,1,Tue,2
2008-07-02,2008,7,Jul,Jul 2008,Q3,2008-07,2,Wed,3
2008-07-03,2008,7,Jul,Jul 2008,Q3,2008-07,3,Thu,4
2008-07-04,2008,7,Jul,Jul 2008,Q3,2008-07,4,Fri,5
2008-07-05,2008,7,Jul,Jul 2008,Q3,2008-07,5,Sat,6
2008-07-06,2008,7,Jul,Jul 2008,Q3,2008-07,6,Sun,7
2008-07-07,2008,7,Jul,Jul 2008,Q3,2008-07,7,Mon,1
2008-07-08,2008,7,Jul,Jul 2008,Q3,2008-07,8,Tue,2
2008-07-09,2008,7,Jul,Jul 2008,Q3,2008-07,9,Wed,3
2008-07-10,2008,7,Jul,Jul 2008,Q3,2008-07,10,Thu,4
2008-07-11,2008,7,Jul,Jul 2008,Q3,2008-07,11,Fri,5
2008-07-12,2008,7,Jul,Jul 2008,Q3,2008-07,12,Sat,6
2008-07-13,2008,7,Jul,Jul 2008,Q3,2008-07,13,Sun,7
2008-07-14,2008,7,Jul,Jul 2008,Q3,2008-07,14,Mon,1
2008-07-15,2008,7,Jul,Jul 2008,Q3,2008-07,15,Tue,2
2008-07-16,2008,7,Jul,Jul 2008,Q3,2008-07,16,Wed,3
2008-07-17,2008,7,Jul,Jul 2008,Q3,2008-07,17,Thu,4
2008-07-18,2008,7,Jul,Jul 2008,Q3,2008-07,18,Fri,5
2008-07-19,2008,7,Jul,Jul 2008,Q3,2008-07,19,Sat,6
2008-07-20,2008,7,Jul,Jul 2008,Q3,2008-07,20,Sun,7
2008-07-21,2008,7,Jul,Jul 2008,Q3,2008-07,21,Mon,1
2008-07-22,2008,7,Jul,Jul 2008,Q3,2008-07,22,Tue,2
2008-07-23,2008,7,Jul,Jul 2008,Q3,2008-07,23,Wed,3
2008-07-24,2008,7,Jul,Jul 2008,Q3,2008-07,24,Thu,4
2008-07-25,2008,7,Jul,Jul 2008,Q3,2008-07,25,Fri,5
2008-07-26,2008,7,Jul,Jul 2008,Q3,2008-07,26,Sat,6
2008-07-27,2008,7,Jul,Jul 2008,Q3,2008-07,27,Sun,7
2008-07-28,2008,7,Jul,Jul 2008,Q3,2008-07,28,Mon,1
2008-07-29,2008,7,Jul,Jul 2008,Q3,2008-07,29,Tue,2
2008-07-30,2008,7,Jul,Jul 2008,Q3,2008-07,30,Wed,3
2008-07-31,2008,7,Jul,Jul 2008,Q3,2008-07,31,Thu,4
2008-08-01,2008,8,Aug,Aug 2008,Q3,2008-08,1,Fri,5
2008-08-02,2008,8,Aug,Aug 2008,Q3,2008-08,2,Sat,6
2008-08-03,2008,8,Aug,Aug 2008,Q3,2008-08,3,Sun,7
2008-08-04,2008,8,Aug,Aug 2008,Q3,2008-08,4,Mon,1
2008-08-05,2008,8,Aug,Aug 2008,Q3,2008-08,5,Tue,2
2008-08-06,2008,8,Aug,Aug 2008,Q3,2008-08,6,Wed,3
2008-08-07,2008,8,Aug,Aug 2008,Q3,2008-08,7,Thu,4
2008-08-08,2008,8,Aug,Aug 2008,Q3,2008-08,8,Fri,5
2008-08-09,2008,8,Aug,Aug 2008,Q3,2008-08,9,Sat,6
2008-08-10,2008,8,Aug,Aug 2008,Q3,2008-08,10,Sun,7
2008-08-11,2008,8,Aug,Aug 2008,Q3,2008-08,11,Mon,1
2008-08-12,2008,8,Aug,Aug 2008,Q3,2008-08,12,Tue,2
2008-08-13,2008,8,Aug,Aug 2008,Q3,2008-08,13,Wed,3
2008-08-14,2008,8,Aug,Aug 2008,Q3,2008-08,14,Thu,4
2008-08-15,2008,8,Aug,Aug 2008,Q3,2008-08,15,Fri,5
2008-08-16,2008,8,Aug,Aug 2008,Q3,2008-08,16,Sat,6
2008-08-17,2008,8,Aug,Aug 2008,Q3,2008-08,17,Sun,7
2008-08-18,2008,8,Aug,Aug 2008,Q3,2008-08,18,Mon,1
2008-08-19,2008,8,Aug,Aug 2008,Q3,2008-08,19,Tue,2
2008-08-20,2008,8,Aug,Aug 2008,Q3,2008-08,20,Wed,3
2008-08-21,2008,8,Aug,Aug 2008,Q3,2008-08,21,Thu,4
2008-08-22,2008,8,Aug,Aug 2008,Q3,2008-08,22,Fri,5
2008-08-23,2008,8,Aug,Aug 2008,Q3,2008-08,23,Sat,6
2008-08-24,2008,8,Aug,Aug 2008,Q3,2008-08,24,Sun,7
2008-08-25,2008,8,Aug,Aug 2008,Q3,2008-08,25,Mon,1
2008-08-26,2008,8,Aug,Aug 2008,Q3,2008-08,26,Tue,2
2008-08-27,2008,8,Aug,Aug 2008,Q3,2008-08,27,Wed,3
2008-08-28,2008,8,Aug,Aug 2008,Q3,2008-08,28,Thu,4
2008-08-29,2008,8,Aug,Aug 2008,Q3,2008-08,29,Fri,5
2008-08-30,2008,8,Aug,Aug 2008,Q3,2008-08,30,Sat,6
2008-08-31,2008,8,Aug,Aug 2008,Q3,2008-08,31,Sun,7
2008-09-01,2008,9,Sep,Sep 2008,Q3,2008-09,1,Mon,1
2008-09-02,2008,9,Sep,Sep 2008,Q3,2008-09,2,Tue,2
2008-09-03,2008,9,Sep,Sep 2008,Q3,2008-09,3,Wed,3
2008-09-04,2008,9,Sep,Sep 2008,Q3,2008-09,4,Thu,4
2008-09-05,2008,9,Sep,Sep 2008,Q3,2008-09,5,Fri,5
2008-09-06,2008,9,Sep,Sep 2008,Q3,2008-09,6,Sat,6
2008-09-07,2008,9,Sep,Sep 2008,Q3,2008-09,7,Sun,7
2008-09-08,2008,9,Sep,Sep 2008,Q3,2008-09,8,Mon,1
2008-09-09,2008,9,Sep,Sep 2008,Q3,2008-09,9,Tue,2
2008-09-10,2008,9,Sep,Sep 2008,Q3,2008-09,10,Wed,3
2008-09-11,2008,9,Sep,Sep 2008,Q3,2008-09,11,Thu,4
2008-09-12,2008,9,Sep,Sep 2008,Q3,2008-09,12,Fri,5
2008-09-13,2008,9,Sep,Sep 2008,Q3,2008-09,13,Sat,6
2008-09-14,2008,9,Sep,Sep 2008,Q3,2008-09,14,Sun,7
2008-09-15,2008,9,Sep,Sep 2008,Q3,2008-09,15,Mon,1
2008-09-16,2008,9,Sep,Sep 2008,Q3,2008-09,16,Tue,2
2008-09-17,2008,9,Sep,Sep 2008,Q3,2008-09,17,Wed,3
2008-09-18,2008,9,Sep,Sep 2008,Q3,2008-09,18,Thu,4
2008-09-19,2008,9,Sep,Sep 2008,Q3,2008-09,19,Fri,5
2008-09-20,2008,9,Sep,Sep 2008,Q3,2008-09,20,Sat,6
2008-09-21,2008,9,Sep,Sep 2008,Q3,2008-09,21,Sun,7
2008-09-22,2008,9,Sep,Sep 2008,Q3,2008-09,22,Mon,1
2008-09-23,2008,9,Sep,Sep 2008,Q3,2008-09,23,Tue,2
2008-09-24,2008,9,Sep,Sep 2008,Q3,2008-09,24,Wed,3
2008-09-25,2008,9,Sep,Sep 2008,Q3,2008-09,25,Thu,4
2008-09-26,2008,9,Sep,Sep 2008,Q3,2008-09,26,Fri,5
2008-09-27,2008,9,Sep,Sep 2008,Q3,2008-09,27,Sat,6
2008-09-28,2008,9,Sep,Sep 2008,Q3,2008-09,28,Sun,7
2008-09-29,2008,9,Sep,Sep 2008,Q3,2008-09,29,Mon,1
2008-09-30,2008,9,Sep,Sep 2008,Q3,2008-09,30,Tue,2
2008-10-01,2008,10,Oct,Oct 2008,Q4,2008-10,1,Wed,3
2008-10-02,2008,10,Oct,Oct 2008,Q4,2008-10,2,Thu,4
2008-10-03,2008,10,Oct,Oct 2008,Q4,2008-10,3,Fri,5
2008-10-04,2008,10,Oct,Oct 2008,Q4,2008-10,4,Sat,6
2008-10-05,2008,10,Oct,Oct 2008,Q4,2008-10,5,Sun,7
2008-10-06,2008,10,Oct,Oct 2008,Q4,2008-10,6,Mon,1
2008-10-07,2008,10,Oct,Oct 2008,Q4,2008-10,7,Tue,2
2008-10-08,2008,10,Oct,Oct 2008,Q4,2008-10,8,Wed,3
2008-10-09,2008,10,Oct,Oct 2008,Q4,2008-10,9,Thu,4
2008-10-10,2008,10,Oct,Oct 2008,Q4,2008-10,10,Fri,5
2008-10-11,2008,10,Oct,Oct 2008,Q4,2008-10,11,Sat,6
2008-10-12,2008,10,Oct,Oct 2008,Q4,2008-10,12,Sun,7
2008-10-13,2008,10,Oct,Oct 2008,Q4,2008-10,13,Mon,1
2008-10-14,2008,10,Oct,Oct 2008,Q4,2008-10,14,Tue,2
2008-10-15,2008,10,Oct,Oct 2008,Q4,2008-10,15,Wed,3
2008-10-16,2008,10,Oct,Oct 2008,Q4,2008-10,16,Thu,4
2008-10-17,2008,10,Oct,Oct 2008,Q4,2008-10,17,Fri,5
2008-10-18,2008,10,Oct,Oct 2008,Q4,2008-10,18,Sat,6
2008-10-19,2008,10,Oct,Oct 2008,Q4,2008-10,19,Sun,7
2008-10-20,2008,10,Oct,Oct 2008,Q4,2008-10,20,Mon,1
2008-10-21,2008,10,Oct,Oct 2008,Q4,2008-10,21,Tue,2
2008-10-22,2008,10,Oct,Oct 2008,Q4,2008-10,22,Wed,3
2008-10-23,2008,10,Oct,Oct 2008,Q4,2008-10,23,Thu,4
2008-10-24,2008,10,Oct,Oct 2008,Q4,2008-10,24,Fri,5
2008-10-25,2008,10,Oct,Oct 2008,Q4,2008-10,25,Sat,6
2008-10-26,2008,10,Oct,Oct 2008,Q4,2008-10,26,Sun,7
2008-10-27,2008,10,Oct,Oct 2008,Q4,2008-10,27,Mon,1
2008-10-28,2008,10,Oct,Oct 2008,Q4,2008-10,28,Tue,2
2008-10-29,2008,10,Oct,Oct 2008,Q4,2008-10,29,Wed,3
2008-10-30,2008,10,Oct,Oct 2008,Q4,2008-10,30,Thu,4
2008-10-31,2008,10,Oct,Oct 2008,Q4,2008-10,31,Fri,5
2008-11-01,2008,11,Nov,Nov 2008,Q4,2008-11,1,Sat,6
2008-11-02,2008,11,Nov,Nov 2008,Q4,2008-11,2,Sun,7
2008-11-03,2008,11,Nov,Nov 2008,Q4,2008-11,3,Mon,1
2008-11-04,2008,11,Nov,Nov 2008,Q4,2008-11,4,Tue,2
2008-11-05,2008,11,Nov,Nov 2008,Q4,2008-11,5,Wed,3
2008-11-06,2008,11,Nov,Nov 2008,Q4,2008-11,6,Thu,4
2008-11-07,2008,11,Nov,Nov 2008,Q4,2008-11,7,Fri,5
2008-11-08,2008,11,Nov,Nov 2008,Q4,2008-11,8,Sat,6
2008-11-09,2008,11,Nov,Nov 2008,Q4,2008-11,9,Sun,7
2008-11-10,2008,11,Nov,Nov 2008,Q4,2008-11,10,Mon,1
2008-11-11,2008,11,Nov,Nov 2008,Q4,2008-11,11,Tue,2
2008-11-12,2008,11,Nov,Nov 2008,Q4,2008-11,12,Wed,3
2008-11-13,2008,11,Nov,Nov 2008,Q4,2008-11,13,Thu,4
2008-11-14,2008,11,Nov,Nov 2008,Q4,2008-11,14,Fri,5
2008-11-15,2008,11,Nov,Nov 2008,Q4,2008-11,15,Sat,6
2008-11-16,2008,11,Nov,Nov 2008,Q4,2008-11,16,Sun,7
2008-11-17,2008,11,Nov,Nov 2008,Q4,2008-11,17,Mon,1
2008-11-18,2008,11,Nov,Nov 2008,Q4,2008-11,18,Tue,2
2008-11-19,2008,11,Nov,Nov 2008,Q4,2008-11,19,Wed,3
2008-11-20,2008,11,Nov,Nov 2008,Q4,2008-11,20,Thu,4
2008-11-21,2008,11,Nov,Nov 2008,Q4,2008-11,21,Fri,5
2008-11-22,2008,11,Nov,Nov 2008,Q4,2008-11,22,Sat,6
2008-11-23,2008,11,Nov,Nov 2008,Q4,2008-11,23,Sun,7
2008-11-24,2008,11,Nov,Nov 2008,Q4,2008-11,24,Mon,1
2008-11-25,2008,11,Nov,Nov 2008,Q4,2008-11,25,Tue,2
2008-11-26,2008,11,Nov,Nov 2008,Q4,2008-11,26,Wed,3
2008-11-27,2008,11,Nov,Nov 2008,Q4,2008-11,27,Thu,4
2008-11-28,2008,11,Nov,Nov 2008,Q4,2008-11,28,Fri,5
2008-11-29,2008,11,Nov,Nov 2008,Q4,2008-11,29,Sat,6
2008-11-30,2008,11,Nov,Nov 2008,Q4,2008-11,30,Sun,7
2008-12-01,2008,12,Dec,Dec 2008,Q4,2008-12,1,Mon,1
2008-12-02,2008,12,Dec,Dec 2008,Q4,2008-12,2,Tue,2
2008-12-03,2008,12,Dec,Dec 2008,Q4,2008-12,3,Wed,3
2008-12-04,2008,12,Dec,Dec 2008,Q4,2008-12,4,Thu,4
2008-12-05,2008,12,Dec,Dec 2008,Q4,2008-12,5,Fri,5
2008-12-06,2008,12,Dec,Dec 2008,Q4,2008-12,6,Sat,6
2008-12-07,2008,12,Dec,Dec 2008,Q4,2008-12,7,Sun,7
2008-12-08,2008,12,Dec,Dec 2008,Q4,2008-12,8,Mon,1
2008-12-09,2008,12,Dec,Dec 2008,Q4,2008-12,9,Tue,2
2008-12-10,2008,12,Dec,Dec 2008,Q4,2008-12,10,Wed,3
2008-12-11,2008,12,Dec,Dec 2008,Q4,2008-12,11,Thu,4
2008-12-12,2008,12,Dec,Dec 2008,Q4,2008-12,12,Fri,5
2008-12-13,2008,12,Dec,Dec 2008,Q4,2008-12,13,Sat,6
2008-12-14,2008,12,Dec,Dec 2008,Q4,2008-12,14,Sun,7
2008-12-15,2008,12,Dec,Dec 2008,Q4,2008-12,15,Mon,1
2008-12-16,2008,12,Dec,Dec 2008,Q4,2008-12,16,Tue,2
2008-12-17,2008,12,Dec,Dec 2008,Q4,2008-12,17,Wed,3
2008-12-18,2008,12,Dec,Dec 2008,Q4,2008-12,18,Thu,4
2008-12-19,2008,12,Dec,Dec 2008,Q4,2008-12,19,Fri,5
2008-12-20,2008,12,Dec,Dec 2008,Q4,2008-12,20,Sat,6
2008-12-21,2008,12,Dec,Dec 2008,Q4,2008-12,21,Sun,7
2008-12-22,2008,12,Dec,Dec 2008,Q4,2008-12,22,Mon,1
2008-12-23,2008,12,Dec,Dec 2008,Q4,2008-12,23,Tue,2
2008-12-24,2008,12,Dec,Dec 2008,Q4,2008-12,24,Wed,3
2008-12-25,2008,12,Dec,Dec 2008,Q4,2008-12,25,Thu,4
2008-12-26,2008,12,Dec,Dec 2008,Q4,2008-12,26,Fri,5
2008-12-27,2008,12,Dec,Dec 2008,Q4,2008-12,27,Sat,6
2008-12-28,2008,12,Dec,Dec 2008,Q4,2008-12,28,Sun,7
2008-12-29,2008,12,Dec,Dec 2008,Q4,2008-12,29,Mon,1
2008-12-30,2008,12,Dec,Dec 2008,Q4,2008-12,30,Tue,2
2008-12-31,2008,12,Dec,Dec 2008,Q4,2008-12,31,Wed,3
2009-01-01,2009,1,Jan,Jan 2009,Q1,2009-01,1,Thu,4
2009-01-02,2009,1,Jan,Jan 2009,Q1,2009-01,2,Fri,5
2009-01-03,2009,1,Jan,Jan 2009,Q1,2009-01,3,Sat,6
2009-01-04,2009,1,Jan,Jan 2009,Q1,2009-01,4,Sun,7
2009-01-05,2009,1,Jan,Jan 2009,Q1,2009-01,5,Mon,1
2009-01-06,2009,1,Jan,Jan 2009,Q1,2009-01,6,Tue,2
2009-01-07,2009,1,Jan,Jan 2009,Q1,2009-01,7,Wed,3
2009-01-08,2009,1,Jan,Jan 2009,Q1,2009-01,8,Thu,4
2009-01-09,2009,1,Jan,Jan 2009,Q1,2009-01,9,Fri,5
2009-01-10,2009,1,Jan,Jan 2009,Q1,2009-01,10,Sat,6
2009-01-11,2009,1,Jan,Jan 2009,Q1,2009-01,11,Sun,7
2009-01-12,2009,1,Jan,Jan 2009,Q1,2009-01,12,Mon,1
2009-01-13,2009,1,Jan,Jan 2009,Q1,2009-01,13,Tue,2
2009-01-14,2009,1,Jan,Jan 2009,Q1,2009-01,14,Wed,3
2009-01-15,2009,1,Jan,Jan 2009,Q1,2009-01,15,Thu,4
2009-01-16,2009,1,Jan,Jan 2009,Q1,2009-01,16,Fri,5
2009-01-17,2009,1,Jan,Jan 2009,Q1,2009-01,17,Sat,6
2009-01-18,2009,1,Jan,Jan 2009,Q1,2009-01,18,Sun,7
2009-01-19,2009,1,Jan,Jan 2009,Q1,2009-01,19,Mon,1
2009-01-20,2009,1,Jan,Jan 2009,Q1,2009-01,20,Tue,2
2009-01-21,2009,1,Jan,Jan 2009,Q1,2009-01,21,Wed,3
2009-01-22,2009,1,Jan,Jan 2009,Q1,2009-01,22,Thu,4
2009-01-23,2009,1,Jan,Jan 2009,Q1,2009-01,23,Fri,5
2009-01-24,2009,1,Jan,Jan 2009,Q1,2009-01,24,Sat,6
2009-01-25,2009,1,Jan,Jan 2009,Q1,2009-01,25,Sun,7
2009-01-26,2009,1,Jan,Jan 2009,Q1,2009-01,26,Mon,1
2009-01-27,2009,1,Jan,Jan 2009,Q1,2009-01,27,Tue,2
2009-01-28,2009,1,Jan,Jan 2009,Q1,2009-01,28,Wed,3
2009-01-29,2009,1,Jan,Jan 2009,Q1,2009-01,29,Thu,4
2009-01-30,2009,1,Jan,Jan 2009,Q1,2009-01,30,Fri,5
2009-01-31,2009,1,Jan,Jan 2009,Q1,2009-01,31,Sat,6
2009-02-01,2009,2,Feb,Feb 2009,Q1,2009-02,1,Sun,7
2009-02-02,2009,2,Feb,Feb 2009,Q1,2009-02,2,Mon,1
2009-02-03,2009,2,Feb,Feb 2009,Q1,2009-02,3,Tue,2
2009-02-04,2009,2,Feb,Feb 2009,Q1,2009-02,4,Wed,3
2009-02-05,2009,2,Feb,Feb 2009,Q1,2009-02,5,Thu,4
2009-02-06,2009,2,Feb,Feb 2009,Q1,2009-02,6,Fri,5
2009-02-07,2009,2,Feb,Feb 2009,Q1,2009-02,7,Sat,6
2009-02-08,2009,2,Feb,Feb 2009,Q1,2009-02,8,Sun,7
2009-02-09,2009,2,Feb,Feb 2009,Q1,2009-02,9,Mon,1
2009-02-10,2009,2,Feb,Feb 2009,Q1,2009-02,10,Tue,2
2009-02-11,2009,2,Feb,Feb 2009,Q1,2009-02,11,Wed,3
2009-02-12,2009,2,Feb,Feb 2009,Q1,2009-02,12,Thu,4
2009-02-13,2009,2,Feb,Feb 2009,Q1,2009-02,13,Fri,5
2009-02-14,2009,2,Feb,Feb 2009,Q1,2009-02,14,Sat,6
2009-02-15,2009,2,Feb,Feb 2009,Q1,2009-02,15,Sun,7
2009-02-16,2009,2,Feb,Feb 2009,Q1,2009-02,16,Mon,1
2009-02-17,2009,2,Feb,Feb 2009,Q1,2009-02,17,Tue,2
2009-02-18,2009,2,Feb,Feb 2009,Q1,2009-02,18,Wed,3
2009-02-19,2009,2,Feb,Feb 2009,Q1,2009-02,19,Thu,4
2009-02-20,2009,2,Feb,Feb 2009,Q1,2009-02,20,Fri,5
2009-02-21,2009,2,Feb,Feb 2009,Q1,2009-02,21,Sat,6
2009-02-22,2009,2,Feb,Feb 2009,Q1,2009-02,22,Sun,7
2009-02-23,2009,2,Feb,Feb 2009,Q1,2009-02,23,Mon,1
2009-02-24,2009,2,Feb,Feb 2009,Q1,2009-02,24,Tue,2
2009-02-25,2009,2,Feb,Feb 2009,Q1,2009-02,25,Wed,3
2009-02-26,2009,2,Feb,Feb 2009,Q1,2009-02,26,Thu,4
2009-02-27,2009,2,Feb,Feb 2009,Q1,2009-02,27,Fri,5
2009-02-28,2009,2,Feb,Feb 2009,Q1,2009-02,28,Sat,6
2009-03-01,2009,3,Mar,Mar 2009,Q1,2009-03,1,Sun,7
2009-03-02,2009,3,Mar,Mar 2009,Q1,2009-03,2,Mon,1
2009-03-03,2009,3,Mar,Mar 2009,Q1,2009-03,3,Tue,2
2009-03-04,2009,3,Mar,Mar 2009,Q1,2009-03,4,Wed,3
2009-03-05,2009,3,Mar,Mar 2009,Q1,2009-03,5,Thu,4
2009-03-06,2009,3,Mar,Mar 2009,Q1,2009-03,6,Fri,5
2009-03-07,2009,3,Mar,Mar 2009,Q1,2009-03,7,Sat,6
2009-03-08,2009,3,Mar,Mar 2009,Q1,2009-03,8,Sun,7
2009-03-09,2009,3,Mar,Mar 2009,Q1,2009-03,9,Mon,1
2009-03-10,2009,3,Mar,Mar 2009,Q1,2009-03,10,Tue,2
2009-03-11,2009,3,Mar,Mar 2009,Q1,2009-03,11,Wed,3
2009-03-12,2009,3,Mar,Mar 2009,Q1,2009-03,12,Thu,4
2009-03-13,2009,3,Mar,Mar 2009,Q1,2009-03,13,Fri,5
2009-03-14,2009,3,Mar,Mar 2009,Q1,2009-03,14,Sat,6
2009-03-15,2009,3,Mar,Mar 2009,Q1,2009-03,15,Sun,7
2009-03-16,2009,3,Mar,Mar 2009,Q1,2009-03,16,Mon,1
2009-03-17,2009,3,Mar,Mar 2009,Q1,2009-03,17,Tue,2
2009-03-18,2009,3,Mar,Mar 2009,Q1,2009-03,18,Wed,3
2009-03-19,2009,3,Mar,Mar 2009,Q1,2009-03,19,Thu,4
2009-03-20,2009,3,Mar,Mar 2009,Q1,2009-03,20,Fri,5
2009-03-21,2009,3,Mar,Mar 2009,Q1,2009-03,21,Sat,6
2009-03-22,2009,3,Mar,Mar 2009,Q1,2009-03,22,Sun,7
2009-03-23,2009,3,Mar,Mar 2009,Q1,2009-03,23,Mon,1
2009-03-24,2009,3,Mar,Mar 2009,Q1,2009-03,24,Tue,2
2009-03-25,2009,3,Mar,Mar 2009,Q1,2009-03,25,Wed,3
2009-03-26,2009,3,Mar,Mar 2009,Q1,2009-03,26,Thu,4
2009-03-27,2009,3,Mar,Mar 2009,Q1,2009-03,27,Fri,5
2009-03-28,2009,3,Mar,Mar 2009,Q1,2009-03,28,Sat,6
2009-03-29,2009,3,Mar,Mar 2009,Q1,2009-03,29,Sun,7
2009-03-30,2009,3,Mar,Mar 2009,Q1,2009-03,30,Mon,1
2009-03-31,2009,3,Mar,Mar 2009,Q1,2009-03,31,Tue,2
2009-04-01,2009,4,Apr,Apr 2009,Q2,2009-04,1,Wed,3
2009-04-02,2009,4,Apr,Apr 2009,Q2,2009-04,2,Thu,4
2009-04-03,2009,4,Apr,Apr 2009,Q2,2009-04,3,Fri,5
2009-04-04,2009,4,Apr,Apr 2009,Q2,2009-04,4,Sat,6
2009-04-05,2009,4,Apr,Apr 2009,Q2,2009-04,5,Sun,7
2009-04-06,2009,4,Apr,Apr 2009,Q2,2009-04,6,Mon,1
2009-04-07,2009,4,Apr,Apr 2009,Q2,2009-04,7,Tue,2
2009-04-08,2009,4,Apr,Apr 2009,Q2,2009-04,8,Wed,3
2009-04-09,2009,4,Apr,Apr 2009,Q2,2009-04,9,Thu,4
2009-04-10,2009,4,Apr,Apr 2009,Q2,2009-04,10,Fri,5
2009-04-11,2009,4,Apr,Apr 2009,Q2,2009-04,11,Sat,6
2009-04-12,2009,4,Apr,Apr 2009,Q2,2009-04,12,Sun,7
2009-04-13,2009,4,Apr,Apr 2009,Q2,2009-04,13,Mon,1
2009-04-14,2009,4,Apr,Apr 2009,Q2,2009-04,14,Tue,2
2009-04-15,2009,4,Apr,Apr 2009,Q2,2009-04,15,Wed,3
2009-04-16,2009,4,Apr,Apr 2009,Q2,2009-04,16,Thu,4
2009-04-17,2009,4,Apr,Apr 2009,Q2,2009-04,17,Fri,5
2009-04-18,2009,4,Apr,Apr 2009,Q2,2009-04,18,Sat,6
2009-04-19,2009,4,Apr,Apr 2009,Q2,2009-04,19,Sun,7
2009-04-20,2009,4,Apr,Apr 2009,Q2,2009-04,20,Mon,1
2009-04-21,2009,4,Apr,Apr 2009,Q2,2009-04,21,Tue,2
2009-04-22,2009,4,Apr,Apr 2009,Q2,2009-04,22,Wed,3
2009-04-23,2009,4,Apr,Apr 2009,Q2,2009-04,23,Thu,4
2009-04-24,2009,4,Apr,Apr 2009,Q2,2009-04,24,Fri,5
2009-04-25,2009,4,Apr,Apr 2009,Q2,2009-04,25,Sat,6
2009-04-26,2009,4,Apr,Apr 2009,Q2,2009-04,26,Sun,7
2009-04-27,2009,4,Apr,Apr 2009,Q2,2009-04,27,Mon,1
2009-04-28,2009,4,Apr,Apr 2009,Q2,2009-04,28,Tue,2
2009-04-29,2009,4,Apr,Apr 2009,Q2,2009-04,29,Wed,3
2009-04-30,2009,4,Apr,Apr 2009,Q2,2009-04,30,Thu,4
2009-05-01,2009,5,May,May 2009,Q2,2009-05,1,Fri,5
2009-05-02,2009,5,May,May 2009,Q2,2009-05,2,Sat,6
2009-05-03,2009,5,May,May 2009,Q2,2009-05,3,Sun,7
2009-05-04,2009,5,May,May 2009,Q2,2009-05,4,Mon,1
2009-05-05,2009,5,May,May 2009,Q2,2009-05,5,Tue,2
2009-05-06,2009,5,May,May 2009,Q2,2009-05,6,Wed,3
2009-05-07,2009,5,May,May 2009,Q2,2009-05,7,Thu,4
2009-05-08,2009,5,May,May 2009,Q2,2009-05,8,Fri,5
2009-05-09,2009,5,May,May 2009,Q2,2009-05,9,Sat,6
2009-05-10,2009,5,May,May 2009,Q2,2009-05,10,Sun,7
2009-05-11,2009,5,May,May 2009,Q2,2009-05,11,Mon,1
2009-05-12,2009,5,May,May 2009,Q2,2009-05,12,Tue,2
2009-05-13,2009,5,May,May 2009,Q2,2009-05,13,Wed,3
2009-05-14,2009,5,May,May 2009,Q2,2009-05,14,Thu,4
2009-05-15,2009,5,May,May 2009,Q2,2009-05,15,Fri,5
2009-05-16,2009,5,May,May 2009,Q2,2009-05,16,Sat,6
2009-05-17,2009,5,May,May 2009,Q2,2009-05,17,Sun,7
2009-05-18,2009,5,May,May 2009,Q2,2009-05,18,Mon,1
2009-05-19,2009,5,May,May 2009,Q2,2009-05,19,Tue,2
2009-05-20,2009,5,May,May 2009,Q2,2009-05,20,Wed,3
2009-05-21,2009,5,May,May 2009,Q2,2009-05,21,Thu,4
2009-05-22,2009,5,May,May 2009,Q2,2009-05,22,Fri,5
2009-05-23,2009,5,May,May 2009,Q2,2009-05,23,Sat,6
2009-05-24,2009,5,May,May 2009,Q2,2009-05,24,Sun,7
2009-05-25,2009,5,May,May 2009,Q2,2009-05,25,Mon,1
2009-05-26,2009,5,May,May 2009,Q2,2009-05,26,Tue,2
2009-05-27,2009,5,May,May 2009,Q2,2009-05,27,Wed,3
2009-05-28,2009,5,May,May 2009,Q2,2009-05,28,Thu,4
2009-05-29,2009,5,May,May 2009,Q2,2009-05,29,Fri,5
2009-05-30,2009,5,May,May 2009,Q2,2009-05,30,Sat,6
2009-05-31,2009,5,May,May 2009,Q2,2009-05,31,Sun,7
2009-06-01,2009,6,Jun,Jun 2009,Q2,2009-06,1,Mon,1
2009-06-02,2009,6,Jun,Jun 2009,Q2,2009-06,2,Tue,2
2009-06-03,2009,6,Jun,Jun 2009,Q2,2009-06,3,Wed,3
2009-06-04,2009,6,Jun,Jun 2009,Q2,2009-06,4,Thu,4
2009-06-05,2009,6,Jun,Jun 2009,Q2,2009-06,5,Fri,5
2009-06-06,2009,6,Jun,Jun 2009,Q2,2009-06,6,Sat,6
2009-06-07,2009,6,Jun,Jun 2009,Q2,2009-06,7,Sun,7
2009-06-08,2009,6,Jun,Jun 2009,Q2,2009-06,8,Mon,1
2009-06-09,2009,6,Jun,Jun 2009,Q2,2009-06,9,Tue,2
2009-06-10,2009,6,Jun,Jun 2009,Q2,2009-06,10,Wed,3
2009-06-11,2009,6,Jun,Jun 2009,Q2,2009-06,11,Thu,4
2009-06-12,2009,6,Jun,Jun 2009,Q2,2009-06,12,Fri,5
2009-06-13,2009,6,Jun,Jun 2009,Q2,2009-06,13,Sat,6
2009-06-14,2009,6,Jun,Jun 2009,Q2,2009-06,14,Sun,7
2009-06-15,2009,6,Jun,Jun 2009,Q2,2009-06,15,Mon,1
2009-06-16,2009,6,Jun,Jun 2009,Q2,2009-06,16,Tue,2
2009-06-17,2009,6,Jun,Jun 2009,Q2,2009-06,17,Wed,3
2009-06-18,2009,6,Jun,Jun 2009,Q2,2009-06,18,Thu,4
2009-06-19,2009,6,Jun,Jun 2009,Q2,2009-06,19,Fri,5
2009-06-20,2009,6,Jun,Jun 2009,Q2,2009-06,20,Sat,6
2009-06-21,2009,6,Jun,Jun 2009,Q2,2009-06,21,Sun,7
2009-06-22,2009,6,Jun,Jun 2009,Q2,2009-06,22,Mon,1
2009-06-23,2009,6,Jun,Jun 2009,Q2,2009-06,23,Tue,2
2009-06-24,2009,6,Jun,Jun 2009,Q2,2009-06,24,Wed,3
2009-06-25,2009,6,Jun,Jun 2009,Q2,2009-06,25,Thu,4
2009-06-26,2009,6,Jun,Jun 2009,Q2,2009-06,26,Fri,5
2009-06-27,2009,6,Jun,Jun 2009,Q2,2009-06,27,Sat,6
2009-06-28,2009,6,Jun,Jun 2009,Q2,2009-06,28,Sun,7
2009-06-29,2009,6,Jun,Jun 2009,Q2,2009-06,29,Mon,1
2009-06-30,2009,6,Jun,Jun 2009,Q2,2009-06,30,Tue,2
2009-07-01,2009,7,Jul,Jul 2009,Q3,2009-07,1,Wed,3
2009-07-02,2009,7,Jul,Jul 2009,Q3,2009-07,2,Thu,4
2009-07-03,2009,7,Jul,Jul 2009,Q3,2009-07,3,Fri,5
2009-07-04,2009,7,Jul,Jul 2009,Q3,2009-07,4,Sat,6
2009-07-05,2009,7,Jul,Jul 2009,Q3,2009-07,5,Sun,7
2009-07-06,2009,7,Jul,Jul 2009,Q3,2009-07,6,Mon,1
2009-07-07,2009,7,Jul,Jul 2009,Q3,2009-07,7,Tue,2
2009-07-08,2009,7,Jul,Jul 2009,Q3,2009-07,8,Wed,3
2009-07-09,2009,7,Jul,Jul 2009,Q3,2009-07,9,Thu,4
2009-07-10,2009,7,Jul,Jul 2009,Q3,2009-07,10,Fri,5
2009-07-11,2009,7,Jul,Jul 2009,Q3,2009-07,11,Sat,6
2009-07-12,2009,7,Jul,Jul 2009,Q3,2009-07,12,Sun,7
2009-07-13,2009,7,Jul,Jul 2009,Q3,2009-07,13,Mon,1
2009-07-14,2009,7,Jul,Jul 2009,Q3,2009-07,14,Tue,2
2009-07-15,2009,7,Jul,Jul 2009,Q3,2009-07,15,Wed,3
2009-07-16,2009,7,Jul,Jul 2009,Q3,2009-07,16,Thu,4
2009-07-17,2009,7,Jul,Jul 2009,Q3,2009-07,17,Fri,5
2009-07-18,2009,7,Jul,Jul 2009,Q3,2009-07,18,Sat,6
2009-07-19,2009,7,Jul,Jul 2009,Q3,2009-07,19,Sun,7
2009-07-20,2009,7,Jul,Jul 2009,Q3,2009-07,20,Mon,1
2009-07-21,2009,7,Jul,Jul 2009,Q3,2009-07,21,Tue,2
2009-07-22,2009,7,Jul,Jul 2009,Q3,2009-07,22,Wed,3
2009-07-23,2009,7,Jul,Jul 2009,Q3,2009-07,23,Thu,4
2009-07-24,2009,7,Jul,Jul 2009,Q3,2009-07,24,Fri,5
2009-07-25,2009,7,Jul,Jul 2009,Q3,2009-07,25,Sat,6
2009-07-26,2009,7,Jul,Jul 2009,Q3,2009-07,26,Sun,7
2009-07-27,2009,7,Jul,Jul 2009,Q3,2009-07,27,Mon,1
2009-07-28,2009,7,Jul,Jul 2009,Q3,2009-07,28,Tue,2
2009-07-29,2009,7,Jul,Jul 2009,Q3,2009-07,29,Wed,3
2009-07-30,2009,7,Jul,Jul 2009,Q3,2009-07,30,Thu,4
2009-07-31,2009,7,Jul,Jul 2009,Q3,2009-07,31,Fri,5
2009-08-01,2009,8,Aug,Aug 2009,Q3,2009-08,1,Sat,6
2009-08-02,2009,8,Aug,Aug 2009,Q3,2009-08,2,Sun,7
2009-08-03,2009,8,Aug,Aug 2009,Q3,2009-08,3,Mon,1
2009-08-04,2009,8,Aug,Aug 2009,Q3,2009-08,4,Tue,2
2009-08-05,2009,8,Aug,Aug 2009,Q3,2009-08,5,Wed,3
2009-08-06,2009,8,Aug,Aug 2009,Q3,2009-08,6,Thu,4
2009-08-07,2009,8,Aug,Aug 2009,Q3,2009-08,7,Fri,5
2009-08-08,2009,8,Aug,Aug 2009,Q3,2009-08,8,Sat,6
2009-08-09,2009,8,Aug,Aug 2009,Q3,2009-08,9,Sun,7
2009-08-10,2009,8,Aug,Aug 2009,Q3,2009-08,10,Mon,1
2009-08-11,2009,8,Aug,Aug 2009,Q3,2009-08,11,Tue,2
2009-08-12,2009,8,Aug,Aug 2009,Q3,2009-08,12,Wed,3
2009-08-13,2009,8,Aug,Aug 2009,Q3,2009-08,13,Thu,4
2009-08-14,2009,8,Aug,Aug 2009,Q3,2009-08,14,Fri,5
2009-08-15,2009,8,Aug,Aug 2009,Q3,2009-08,15,Sat,6
2009-08-16,2009,8,Aug,Aug 2009,Q3,2009-08,16,Sun,7
2009-08-17,2009,8,Aug,Aug 2009,Q3,2009-08,17,Mon,1
2009-08-18,2009,8,Aug,Aug 2009,Q3,2009-08,18,Tue,2
2009-08-19,2009,8,Aug,Aug 2009,Q3,2009-08,19,Wed,3
2009-08-20,2009,8,Aug,Aug 2009,Q3,2009-08,20,Thu,4
2009-08-21,2009,8,Aug,Aug 2009,Q3,2009-08,21,Fri,5
2009-08-22,2009,8,Aug,Aug 2009,Q3,2009-08,22,Sat,6
2009-08-23,2009,8,Aug,Aug 2009,Q3,2009-08,23,Sun,7
2009-08-24,2009,8,Aug,Aug 2009,Q3,2009-08,24,Mon,1
2009-08-25,2009,8,Aug,Aug 2009,Q3,2009-08,25,Tue,2
2009-08-26,2009,8,Aug,Aug 2009,Q3,2009-08,26,Wed,3
2009-08-27,2009,8,Aug,Aug 2009,Q3,2009-08,27,Thu,4
2009-08-28,2009,8,Aug,Aug 2009,Q3,2009-08,28,Fri,5
2009-08-29,2009,8,Aug,Aug 2009,Q3,2009-08,29,Sat,6
2009-08-30,2009,8,Aug,Aug 2009,Q3,2009-08,30,Sun,7
2009-08-31,2009,8,Aug,Aug 2009,Q3,2009-08,31,Mon,1
2009-09-01,2009,9,Sep,Sep 2009,Q3,2009-09,1,Tue,2
2009-09-02,2009,9,Sep,Sep 2009,Q3,2009-09,2,Wed,3
2009-09-03,2009,9,Sep,Sep 2009,Q3,2009-09,3,Thu,4
2009-09-04,2009,9,Sep,Sep 2009,Q3,2009-09,4,Fri,5
2009-09-05,2009,9,Sep,Sep 2009,Q3,2009-09,5,Sat,6
2009-09-06,2009,9,Sep,Sep 2009,Q3,2009-09,6,Sun,7
2009-09-07,2009,9,Sep,Sep 2009,Q3,2009-09,7,Mon,1
2009-09-08,2009,9,Sep,Sep 2009,Q3,2009-09,8,Tue,2
2009-09-09,2009,9,Sep,Sep 2009,Q3,2009-09,9,Wed,3
2009-09-10,2009,9,Sep,Sep 2009,Q3,2009-09,10,Thu,4
2009-09-11,2009,9,Sep,Sep 2009,Q3,2009-09,11,Fri,5
2009-09-12,2009,9,Sep,Sep 2009,Q3,2009-09,12,Sat,6
2009-09-13,2009,9,Sep,Sep 2009,Q3,2009-09,13,Sun,7
2009-09-14,2009,9,Sep,Sep 2009,Q3,2009-09,14,Mon,1
2009-09-15,2009,9,Sep,Sep 2009,Q3,2009-09,15,Tue,2
2009-09-16,2009,9,Sep,Sep 2009,Q3,2009-09,16,Wed,3
2009-09-17,2009,9,Sep,Sep 2009,Q3,2009-09,17,Thu,4
2009-09-18,2009,9,Sep,Sep 2009,Q3,2009-09,18,Fri,5
2009-09-19,2009,9,Sep,Sep 2009,Q3,2009-09,19,Sat,6
2009-09-20,2009,9,Sep,Sep 2009,Q3,2009-09,20,Sun,7
2009-09-21,2009,9,Sep,Sep 2009,Q3,2009-09,21,Mon,1
2009-09-22,2009,9,Sep,Sep 2009,Q3,2009-09,22,Tue,2
2009-09-23,2009,9,Sep,Sep 2009,Q3,2009-09,23,Wed,3
2009-09-24,2009,9,Sep,Sep 2009,Q3,2009-09,24,Thu,4
2009-09-25,2009,9,Sep,Sep 2009,Q3,2009-09,25,Fri,5
2009-09-26,2009,9,Sep,Sep 2009,Q3,2009-09,26,Sat,6
2009-09-27,2009,9,Sep,Sep 2009,Q3,2009-09,27,Sun,7
2009-09-28,2009,9,Sep,Sep 2009,Q3,2009-09,28,Mon,1
2009-09-29,2009,9,Sep,Sep 2009,Q3,2009-09,29,Tue,2
2009-09-30,2009,9,Sep,Sep 2009,Q3,2009-09,30,Wed,3
2009-10-01,2009,10,Oct,Oct 2009,Q4,2009-10,1,Thu,4
2009-10-02,2009,10,Oct,Oct 2009,Q4,2009-10,2,Fri,5
2009-10-03,2009,10,Oct,Oct 2009,Q4,2009-10,3,Sat,6
2009-10-04,2009,10,Oct,Oct 2009,Q4,2009-10,4,Sun,7
2009-10-05,2009,10,Oct,Oct 2009,Q4,2009-10,5,Mon,1
2009-10-06,2009,10,Oct,Oct 2009,Q4,2009-10,6,Tue,2
2009-10-07,2009,10,Oct,Oct 2009,Q4,2009-10,7,Wed,3
2009-10-08,2009,10,Oct,Oct 2009,Q4,2009-10,8,Thu,4
2009-10-09,2009,10,Oct,Oct 2009,Q4,2009-10,9,Fri,5
2009-10-10,2009,10,Oct,Oct 2009,Q4,2009-10,10,Sat,6
2009-10-11,2009,10,Oct,Oct 2009,Q4,2009-10,11,Sun,7
2009-10-12,2009,10,Oct,Oct 2009,Q4,2009-10,12,Mon,1
2009-10-13,2009,10,Oct,Oct 2009,Q4,2009-10,13,Tue,2
2009-10-14,2009,10,Oct,Oct 2009,Q4,2009-10,14,Wed,3
2009-10-15,2009,10,Oct,Oct 2009,Q4,2009-10,15,Thu,4
2009-10-16,2009,10,Oct,Oct 2009,Q4,2009-10,16,Fri,5
2009-10-17,2009,10,Oct,Oct 2009,Q4,2009-10,17,Sat,6
2009-10-18,2009,10,Oct,Oct 2009,Q4,2009-10,18,Sun,7
2009-10-19,2009,10,Oct,Oct 2009,Q4,2009-10,19,Mon,1
2009-10-20,2009,10,Oct,Oct 2009,Q4,2009-10,20,Tue,2
2009-10-21,2009,10,Oct,Oct 2009,Q4,2009-10,21,Wed,3
2009-10-22,2009,10,Oct,Oct 2009,Q4,2009-10,22,Thu,4
2009-10-23,2009,10,Oct,Oct 2009,Q4,2009-10,23,Fri,5
2009-10-24,2009,10,Oct,Oct 2009,Q4,2009-10,24,Sat,6
2009-10-25,2009,10,Oct,Oct 2009,Q4,2009-10,25,Sun,7
2009-10-26,2009,10,Oct,Oct 2009,Q4,2009-10,26,Mon,1
2009-10-27,2009,10,Oct,Oct 2009,Q4,2009-10,27,Tue,2
2009-10-28,2009,10,Oct,Oct 2009,Q4,2009-10,28,Wed,3
2009-10-29,2009,10,Oct,Oct 2009,Q4,2009-10,29,Thu,4
2009-10-30,2009,10,Oct,Oct 2009,Q4,2009-10,30,Fri,5
2009-10-31,2009,10,Oct,Oct 2009,Q4,2009-10,31,Sat,6
2009-11-01,2009,11,Nov,Nov 2009,Q4,2009-11,1,Sun,7
2009-11-02,2009,11,Nov,Nov 2009,Q4,2009-11,2,Mon,1
2009-11-03,2009,11,Nov,Nov 2009,Q4,2009-11,3,Tue,2
2009-11-04,2009,11,Nov,Nov 2009,Q4,2009-11,4,Wed,3
2009-11-05,2009,11,Nov,Nov 2009,Q4,2009-11,5,Thu,4
2009-11-06,2009,11,Nov,Nov 2009,Q4,2009-11,6,Fri,5
2009-11-07,2009,11,Nov,Nov 2009,Q4,2009-11,7,Sat,6
2009-11-08,2009,11,Nov,Nov 2009,Q4,2009-11,8,Sun,7
2009-11-09,2009,11,Nov,Nov 2009,Q4,2009-11,9,Mon,1
2009-11-10,2009,11,Nov,Nov 2009,Q4,2009-11,10,Tue,2
2009-11-11,2009,11,Nov,Nov 2009,Q4,2009-11,11,Wed,3
2009-11-12,2009,11,Nov,Nov 2009,Q4,2009-11,12,Thu,4
2009-11-13,2009,11,Nov,Nov 2009,Q4,2009-11,13,Fri,5
2009-11-14,2009,11,Nov,Nov 2009,Q4,2009-11,14,Sat,6
2009-11-15,2009,11,Nov,Nov 2009,Q4,2009-11,15,Sun,7
2009-11-16,2009,11,Nov,Nov 2009,Q4,2009-11,16,Mon,1
2009-11-17,2009,11,Nov,Nov 2009,Q4,2009-11,17,Tue,2
2009-11-18,2009,11,Nov,Nov 2009,Q4,2009-11,18,Wed,3
2009-11-19,2009,11,Nov,Nov 2009,Q4,2009-11,19,Thu,4
2009-11-20,2009,11,Nov,Nov 2009,Q4,2009-11,20,Fri,5
2009-11-21,2009,11,Nov,Nov 2009,Q4,2009-11,21,Sat,6
2009-11-22,2009,11,Nov,Nov 2009,Q4,2009-11,22,Sun,7
2009-11-23,2009,11,Nov,Nov 2009,Q4,2009-11,23,Mon,1
2009-11-24,2009,11,Nov,Nov 2009,Q4,2009-11,24,Tue,2
2009-11-25,2009,11,Nov,Nov 2009,Q4,2009-11,25,Wed,3
2009-11-26,2009,11,Nov,Nov 2009,Q4,2009-11,26,Thu,4
2009-11-27,2009,11,Nov,Nov 2009,Q4,2009-11,27,Fri,5
2009-11-28,2009,11,Nov,Nov 2009,Q4,2009-11,28,Sat,6
2009-11-29,2009,11,Nov,Nov 2009,Q4,2009-11,29,Sun,7
2009-11-30,2009,11,Nov,Nov 2009,Q4,2009-11,30,Mon,1
2009-12-01,2009,12,Dec,Dec 2009,Q4,2009-12,1,Tue,2
2009-12-02,2009,12,Dec,Dec 2009,Q4,2009-12,2,Wed,3
2009-12-03,2009,12,Dec,Dec 2009,Q4,2009-12,3,Thu,4
2009-12-04,2009,12,Dec,Dec 2009,Q4,2009-12,4,Fri,5
2009-12-05,2009,12,Dec,Dec 2009,Q4,2009-12,5,Sat,6
2009-12-06,2009,12,Dec,Dec 2009,Q4,2009-12,6,Sun,7
2009-12-07,2009,12,Dec,Dec 2009,Q4,2009-12,7,Mon,1
2009-12-08,2009,12,Dec,Dec 2009,Q4,2009-12,8,Tue,2
2009-12-09,2009,12,Dec,Dec 2009,Q4,2009-12,9,Wed,3
2009-12-10,2009,12,Dec,Dec 2009,Q4,2009-12,10,Thu,4
2009-12-11,2009,12,Dec,Dec 2009,Q4,2009-12,11,Fri,5
2009-12-12,2009,12,Dec,Dec 2009,Q4,2009-12,12,Sat,6
2009-12-13,2009,12,Dec,Dec 2009,Q4,2009-12,13,Sun,7
2009-12-14,2009,12,Dec,Dec 2009,Q4,2009-12,14,Mon,1
2009-12-15,2009,12,Dec,Dec 2009,Q4,2009-12,15,Tue,2
2009-12-16,2009,12,Dec,Dec 2009,Q4,2009-12,16,Wed,3
2009-12-17,2009,12,Dec,Dec 2009,Q4,2009-12,17,Thu,4
2009-12-18,2009,12,Dec,Dec 2009,Q4,2009-12,18,Fri,5
2009-12-19,2009,12,Dec,Dec 2009,Q4,2009-12,19,Sat,6
2009-12-20,2009,12,Dec,Dec 2009,Q4,2009-12,20,Sun,7
2009-12-21,2009,12,Dec,Dec 2009,Q4,2009-12,21,Mon,1
2009-12-22,2009,12,Dec,Dec 2009,Q4,2009-12,22,Tue,2
2009-12-23,2009,12,Dec,Dec 2009,Q4,2009-12,23,Wed,3
2009-12-24,2009,12,Dec,Dec 2009,Q4,2009-12,24,Thu,4
2009-12-25,2009,12,Dec,Dec 2009,Q4,2009-12,25,Fri,5
2009-12-26,2009,12,Dec,Dec 2009,Q4,2009-12,26,Sat,6
2009-12-27,2009,12,Dec,Dec 2009,Q4,2009-12,27,Sun,7
2009-12-28,2009,12,Dec,Dec 2009,Q4,2009-12,28,Mon,1
2009-12-29,2009,12,Dec,Dec 2009,Q4,2009-12,29,Tue,2
2009-12-30,2009,12,Dec,Dec 2009,Q4,2009-12,30,Wed,3
2009-12-31,2009,12,Dec,Dec 2009,Q4,2009-12,31,Thu,4
2010-01-01,2010,1,Jan,Jan 2010,Q1,2010-01,1,Fri,5
2010-01-02,2010,1,Jan,Jan 2010,Q1,2010-01,2,Sat,6
2010-01-03,2010,1,Jan,Jan 2010,Q1,2010-01,3,Sun,7
2010-01-04,2010,1,Jan,Jan 2010,Q1,2010-01,4,Mon,1
2010-01-05,2010,1,Jan,Jan 2010,Q1,2010-01,5,Tue,2
2010-01-06,2010,1,Jan,Jan 2010,Q1,2010-01,6,Wed,3
2010-01-07,2010,1,Jan,Jan 2010,Q1,2010-01,7,Thu,4
2010-01-08,2010,1,Jan,Jan 2010,Q1,2010-01,8,Fri,5
2010-01-09,2010,1,Jan,Jan 2010,Q1,2010-01,9,Sat,6
2010-01-10,2010,1,Jan,Jan 2010,Q1,2010-01,10,Sun,7
2010-01-11,2010,1,Jan,Jan 2010,Q1,2010-01,11,Mon,1
2010-01-12,2010,1,Jan,Jan 2010,Q1,2010-01,12,Tue,2
2010-01-13,2010,1,Jan,Jan 2010,Q1,2010-01,13,Wed,3
2010-01-14,2010,1,Jan,Jan 2010,Q1,2010-01,14,Thu,4
2010-01-15,2010,1,Jan,Jan 2010,Q1,2010-01,15,Fri,5
2010-01-16,2010,1,Jan,Jan 2010,Q1,2010-01,16,Sat,6
2010-01-17,2010,1,Jan,Jan 2010,Q1,2010-01,17,Sun,7
2010-01-18,2010,1,Jan,Jan 2010,Q1,2010-01,18,Mon,1
2010-01-19,2010,1,Jan,Jan 2010,Q1,2010-01,19,Tue,2
2010-01-20,2010,1,Jan,Jan 2010,Q1,2010-01,20,Wed,3
2010-01-21,2010,1,Jan,Jan 2010,Q1,2010-01,21,Thu,4
2010-01-22,2010,1,Jan,Jan 2010,Q1,2010-01,22,Fri,5
2010-01-23,2010,1,Jan,Jan 2010,Q1,2010-01,23,Sat,6
2010-01-24,2010,1,Jan,Jan 2010,Q1,2010-01,24,Sun,7
2010-01-25,2010,1,Jan,Jan 2010,Q1,2010-01,25,Mon,1
2010-01-26,2010,1,Jan,Jan 2010,Q1,2010-01,26,Tue,2
2010-01-27,2010,1,Jan,Jan 2010,Q1,2010-01,27,Wed,3
2010-01-28,2010,1,Jan,Jan 2010,Q1,2010-01,28,Thu,4
2010-01-29,2010,1,Jan,Jan 2010,Q1,2010-01,29,Fri,5
2010-01-30,2010,1,Jan,Jan 2010,Q1,2010-01,30,Sat,6
2010-01-31,2010,1,Jan,Jan 2010,Q1,2010-01,31,Sun,7
2010-02-01,2010,2,Feb,Feb 2010,Q1,2010-02,1,Mon,1
2010-02-02,2010,2,Feb,Feb 2010,Q1,2010-02,2,Tue,2
2010-02-03,2010,2,Feb,Feb 2010,Q1,2010-02,3,Wed,3
2010-02-04,2010,2,Feb,Feb 2010,Q1,2010-02,4,Thu,4
2010-02-05,2010,2,Feb,Feb 2010,Q1,2010-02,5,Fri,5
2010-02-06,2010,2,Feb,Feb 2010,Q1,2010-02,6,Sat,6
2010-02-07,2010,2,Feb,Feb 2010,Q1,2010-02,7,Sun,7
2010-02-08,2010,2,Feb,Feb 2010,Q1,2010-02,8,Mon,1
2010-02-09,2010,2,Feb,Feb 2010,Q1,2010-02,9,Tue,2
2010-02-10,2010,2,Feb,Feb 2010,Q1,2010-02,10,Wed,3
2010-02-11,2010,2,Feb,Feb 2010,Q1,2010-02,11,Thu,4
2010-02-12,2010,2,Feb,Feb 2010,Q1,2010-02,12,Fri,5
2010-02-13,2010,2,Feb,Feb 2010,Q1,2010-02,13,Sat,6
2010-02-14,2010,2,Feb,Feb 2010,Q1,2010-02,14,Sun,7
2010-02-15,2010,2,Feb,Feb 2010,Q1,2010-02,15,Mon,1
2010-02-16,2010,2,Feb,Feb 2010,Q1,2010-02,16,Tue,2
2010-02-17,2010,2,Feb,Feb 2010,Q1,2010-02,17,Wed,3
2010-02-18,2010,2,Feb,Feb 2010,Q1,2010-02,18,Thu,4
2010-02-19,2010,2,Feb,Feb 2010,Q1,2010-02,19,Fri,5
2010-02-20,2010,2,Feb,Feb 2010,Q1,2010-02,20,Sat,6
2010-02-21,2010,2,Feb,Feb 2010,Q1,2010-02,21,Sun,7
2010-02-22,2010,2,Feb,Feb 2010,Q1,2010-02,22,Mon,1
2010-02-23,2010,2,Feb,Feb 2010,Q1,2010-02,23,Tue,2
2010-02-24,2010,2,Feb,Feb 2010,Q1,2010-02,24,Wed,3
2010-02-25,2010,2,Feb,Feb 2010,Q1,2010-02,25,Thu,4
2010-02-26,2010,2,Feb,Feb 2010,Q1,2010-02,26,Fri,5
2010-02-27,2010,2,Feb,Feb 2010,Q1,2010-02,27,Sat,6
2010-02-28,2010,2,Feb,Feb 2010,Q1,2010-02,28,Sun,7
2010-03-01,2010,3,Mar,Mar 2010,Q1,2010-03,1,Mon,1
2010-03-02,2010,3,Mar,Mar 2010,Q1,2010-03,2,Tue,2
2010-03-03,2010,3,Mar,Mar 2010,Q1,2010-03,3,Wed,3
2010-03-04,2010,3,Mar,Mar 2010,Q1,2010-03,4,Thu,4
2010-03-05,2010,3,Mar,Mar 2010,Q1,2010-03,5,Fri,5
2010-03-06,2010,3,Mar,Mar 2010,Q1,2010-03,6,Sat,6
2010-03-07,2010,3,Mar,Mar 2010,Q1,2010-03,7,Sun,7
2010-03-08,2010,3,Mar,Mar 2010,Q1,2010-03,8,Mon,1
2010-03-09,2010,3,Mar,Mar 2010,Q1,2010-03,9,Tue,2
2010-03-10,2010,3,Mar,Mar 2010,Q1,2010-03,10,Wed,3
2010-03-11,2010,3,Mar,Mar 2010,Q1,2010-03,11,Thu,4
2010-03-12,2010,3,Mar,Mar 2010,Q1,2010-03,12,Fri,5
2010-03-13,2010,3,Mar,Mar 2010,Q1,2010-03,13,Sat,6
2010-03-14,2010,3,Mar,Mar 2010,Q1,2010-03,14,Sun,7
2010-03-15,2010,3,Mar,Mar 2010,Q1,2010-03,15,Mon,1
2010-03-16,2010,3,Mar,Mar 2010,Q1,2010-03,16,Tue,2
2010-03-17,2010,3,Mar,Mar 2010,Q1,2010-03,17,Wed,3
2010-03-18,2010,3,Mar,Mar 2010,Q1,2010-03,18,Thu,4
2010-03-19,2010,3,Mar,Mar 2010,Q1,2010-03,19,Fri,5
2010-03-20,2010,3,Mar,Mar 2010,Q1,2010-03,20,Sat,6
2010-03-21,2010,3,Mar,Mar 2010,Q1,2010-03,21,Sun,7
2010-03-22,2010,3,Mar,Mar 2010,Q1,2010-03,22,Mon,1
2010-03-23,2010,3,Mar,Mar 2010,Q1,2010-03,23,Tue,2
2010-03-24,2010,3,Mar,Mar 2010,Q1,2010-03,24,Wed,3
2010-03-25,2010,3,Mar,Mar 2010,Q1,2010-03,25,Thu,4
2010-03-26,2010,3,Mar,Mar 2010,Q1,2010-03,26,Fri,5
2010-03-27,2010,3,Mar,Mar 2010,Q1,2010-03,27,Sat,6
2010-03-28,2010,3,Mar,Mar 2010,Q1,2010-03,28,Sun,7
2010-03-29,2010,3,Mar,Mar 2010,Q1,2010-03,29,Mon,1
2010-03-30,2010,3,Mar,Mar 2010,Q1,2010-03,30,Tue,2
2010-03-31,2010,3,Mar,Mar 2010,Q1,2010-03,31,Wed,3
2010-04-01,2010,4,Apr,Apr 2010,Q2,2010-04,1,Thu,4
2010-04-02,2010,4,Apr,Apr 2010,Q2,2010-04,2,Fri,5
2010-04-03,2010,4,Apr,Apr 2010,Q2,2010-04,3,Sat,6
2010-04-04,2010,4,Apr,Apr 2010,Q2,2010-04,4,Sun,7
2010-04-05,2010,4,Apr,Apr 2010,Q2,2010-04,5,Mon,1
2010-04-06,2010,4,Apr,Apr 2010,Q2,2010-04,6,Tue,2
2010-04-07,2010,4,Apr,Apr 2010,Q2,2010-04,7,Wed,3
2010-04-08,2010,4,Apr,Apr 2010,Q2,2010-04,8,Thu,4
2010-04-09,2010,4,Apr,Apr 2010,Q2,2010-04,9,Fri,5
2010-04-10,2010,4,Apr,Apr 2010,Q2,2010-04,10,Sat,6
2010-04-11,2010,4,Apr,Apr 2010,Q2,2010-04,11,Sun,7
2010-04-12,2010,4,Apr,Apr 2010,Q2,2010-04,12,Mon,1
2010-04-13,2010,4,Apr,Apr 2010,Q2,2010-04,13,Tue,2
2010-04-14,2010,4,Apr,Apr 2010,Q2,2010-04,14,Wed,3
2010-04-15,2010,4,Apr,Apr 2010,Q2,2010-04,15,Thu,4
2010-04-16,2010,4,Apr,Apr 2010,Q2,2010-04,16,Fri,5
2010-04-17,2010,4,Apr,Apr 2010,Q2,2010-04,17,Sat,6
2010-04-18,2010,4,Apr,Apr 2010,Q2,2010-04,18,Sun,7
2010-04-19,2010,4,Apr,Apr 2010,Q2,2010-04,19,Mon,1
2010-04-20,2010,4,Apr,Apr 2010,Q2,2010-04,20,Tue,2
2010-04-21,2010,4,Apr,Apr 2010,Q2,2010-04,21,Wed,3
2010-04-22,2010,4,Apr,Apr 2010,Q2,2010-04,22,Thu,4
2010-04-23,2010,4,Apr,Apr 2010,Q2,2010-04,23,Fri,5
2010-04-24,2010,4,Apr,Apr 2010,Q2,2010-04,24,Sat,6
2010-04-25,2010,4,Apr,Apr 2010,Q2,2010-04,25,Sun,7
2010-04-26,2010,4,Apr,Apr 2010,Q2,2010-04,26,Mon,1
2010-04-27,2010,4,Apr,Apr 2010,Q2,2010-04,27,Tue,2
2010-04-28,2010,4,Apr,Apr 2010,Q2,2010-04,28,Wed,3
2010-04-29,2010,4,Apr,Apr 2010,Q2,2010-04,29,Thu,4
2010-04-30,2010,4,Apr,Apr 2010,Q2,2010-04,30,Fri,5
2010-05-01,2010,5,May,May 2010,Q2,2010-05,1,Sat,6
2010-05-02,2010,5,May,May 2010,Q2,2010-05,2,Sun,7
2010-05-03,2010,5,May,May 2010,Q2,2010-05,3,Mon,1
2010-05-04,2010,5,May,May 2010,Q2,2010-05,4,Tue,2
2010-05-05,2010,5,May,May 2010,Q2,2010-05,5,Wed,3
2010-05-06,2010,5,May,May 2010,Q2,2010-05,6,Thu,4
2010-05-07,2010,5,May,May 2010,Q2,2010-05,7,Fri,5
2010-05-08,2010,5,May,May 2010,Q2,2010-05,8,Sat,6
2010-05-09,2010,5,May,May 2010,Q2,2010-05,9,Sun,7
2010-05-10,2010,5,May,May 2010,Q2,2010-05,10,Mon,1
2010-05-11,2010,5,May,May 2010,Q2,2010-05,11,Tue,2
2010-05-12,2010,5,May,May 2010,Q2,2010-05,12,Wed,3
2010-05-13,2010,5,May,May 2010,Q2,2010-05,13,Thu,4
2010-05-14,2010,5,May,May 2010,Q2,2010-05,14,Fri,5
2010-05-15,2010,5,May,May 2010,Q2,2010-05,15,Sat,6
2010-05-16,2010,5,May,May 2010,Q2,2010-05,16,Sun,7
2010-05-17,2010,5,May,May 2010,Q2,2010-05,17,Mon,1
2010-05-18,2010,5,May,May 2010,Q2,2010-05,18,Tue,2
2010-05-19,2010,5,May,May 2010,Q2,2010-05,19,Wed,3
2010-05-20,2010,5,May,May 2010,Q2,2010-05,20,Thu,4
2010-05-21,2010,5,May,May 2010,Q2,2010-05,21,Fri,5
2010-05-22,2010,5,May,May 2010,Q2,2010-05,22,Sat,6
2010-05-23,2010,5,May,May 2010,Q2,2010-05,23,Sun,7
2010-05-24,2010,5,May,May 2010,Q2,2010-05,24,Mon,1
2010-05-25,2010,5,May,May 2010,Q2,2010-05,25,Tue,2
2010-05-26,2010,5,May,May 2010,Q2,2010-05,26,Wed,3
2010-05-27,2010,5,May,May 2010,Q2,2010-05,27,Thu,4
2010-05-28,2010,5,May,May 2010,Q2,2010-05,28,Fri,5
2010-05-29,2010,5,May,May 2010,Q2,2010-05,29,Sat,6
2010-05-30,2010,5,May,May 2010,Q2,2010-05,30,Sun,7
2010-05-31,2010,5,May,May 2010,Q2,2010-05,31,Mon,1
2010-06-01,2010,6,Jun,Jun 2010,Q2,2010-06,1,Tue,2
2010-06-02,2010,6,Jun,Jun 2010,Q2,2010-06,2,Wed,3
2010-06-03,2010,6,Jun,Jun 2010,Q2,2010-06,3,Thu,4
2010-06-04,2010,6,Jun,Jun 2010,Q2,2010-06,4,Fri,5
2010-06-05,2010,6,Jun,Jun 2010,Q2,2010-06,5,Sat,6
2010-06-06,2010,6,Jun,Jun 2010,Q2,2010-06,6,Sun,7
2010-06-07,2010,6,Jun,Jun 2010,Q2,2010-06,7,Mon,1
2010-06-08,2010,6,Jun,Jun 2010,Q2,2010-06,8,Tue,2
2010-06-09,2010,6,Jun,Jun 2010,Q2,2010-06,9,Wed,3
2010-06-10,2010,6,Jun,Jun 2010,Q2,2010-06,10,Thu,4
2010-06-11,2010,6,Jun,Jun 2010,Q2,2010-06,11,Fri,5
2010-06-12,2010,6,Jun,Jun 2010,Q2,2010-06,12,Sat,6
2010-06-13,2010,6,Jun,Jun 2010,Q2,2010-06,13,Sun,7
2010-06-14,2010,6,Jun,Jun 2010,Q2,2010-06,14,Mon,1
2010-06-15,2010,6,Jun,Jun 2010,Q2,2010-06,15,Tue,2
2010-06-16,2010,6,Jun,Jun 2010,Q2,2010-06,16,Wed,3
2010-06-17,2010,6,Jun,Jun 2010,Q2,2010-06,17,Thu,4
2010-06-18,2010,6,Jun,Jun 2010,Q2,2010-06,18,Fri,5
2010-06-19,2010,6,Jun,Jun 2010,Q2,2010-06,19,Sat,6
2010-06-20,2010,6,Jun,Jun 2010,Q2,2010-06,20,Sun,7
2010-06-21,2010,6,Jun,Jun 2010,Q2,2010-06,21,Mon,1
2010-06-22,2010,6,Jun,Jun 2010,Q2,2010-06,22,Tue,2
2010-06-23,2010,6,Jun,Jun 2010,Q2,2010-06,23,Wed,3
2010-06-24,2010,6,Jun,Jun 2010,Q2,2010-06,24,Thu,4
2010-06-25,2010,6,Jun,Jun 2010,Q2,2010-06,25,Fri,5
2010-06-26,2010,6,Jun,Jun 2010,Q2,2010-06,26,Sat,6
2010-06-27,2010,6,Jun,Jun 2010,Q2,2010-06,27,Sun,7
2010-06-28,2010,6,Jun,Jun 2010,Q2,2010-06,28,Mon,1
2010-06-29,2010,6,Jun,Jun 2010,Q2,2010-06,29,Tue,2
2010-06-30,2010,6,Jun,Jun 2010,Q2,2010-06,30,Wed,3
2010-07-01,2010,7,Jul,Jul 2010,Q3,2010-07,1,Thu,4
2010-07-02,2010,7,Jul,Jul 2010,Q3,2010-07,2,Fri,5
2010-07-03,2010,7,Jul,Jul 2010,Q3,2010-07,3,Sat,6
2010-07-04,2010,7,Jul,Jul 2010,Q3,2010-07,4,Sun,7
2010-07-05,2010,7,Jul,Jul 2010,Q3,2010-07,5,Mon,1
2010-07-06,2010,7,Jul,Jul 2010,Q3,2010-07,6,Tue,2
2010-07-07,2010,7,Jul,Jul 2010,Q3,2010-07,7,Wed,3
2010-07-08,2010,7,Jul,Jul 2010,Q3,2010-07,8,Thu,4
2010-07-09,2010,7,Jul,Jul 2010,Q3,2010-07,9,Fri,5
2010-07-10,2010,7,Jul,Jul 2010,Q3,2010-07,10,Sat,6
2010-07-11,2010,7,Jul,Jul 2010,Q3,2010-07,11,Sun,7
2010-07-12,2010,7,Jul,Jul 2010,Q3,2010-07,12,Mon,1
2010-07-13,2010,7,Jul,Jul 2010,Q3,2010-07,13,Tue,2
2010-07-14,2010,7,Jul,Jul 2010,Q3,2010-07,14,Wed,3
2010-07-15,2010,7,Jul,Jul 2010,Q3,2010-07,15,Thu,4
2010-07-16,2010,7,Jul,Jul 2010,Q3,2010-07,16,Fri,5
2010-07-17,2010,7,Jul,Jul 2010,Q3,2010-07,17,Sat,6
2010-07-18,2010,7,Jul,Jul 2010,Q3,2010-07,18,Sun,7
2010-07-19,2010,7,Jul,Jul 2010,Q3,2010-07,19,Mon,1
2010-07-20,2010,7,Jul,Jul 2010,Q3,2010-07,20,Tue,2
2010-07-21,2010,7,Jul,Jul 2010,Q3,2010-07,21,Wed,3
2010-07-22,2010,7,Jul,Jul 2010,Q3,2010-07,22,Thu,4
2010-07-23,2010,7,Jul,Jul 2010,Q3,2010-07,23,Fri,5
2010-07-24,2010,7,Jul,Jul 2010,Q3,2010-07,24,Sat,6
2010-07-25,2010,7,Jul,Jul 2010,Q3,2010-07,25,Sun,7
2010-07-26,2010,7,Jul,Jul 2010,Q3,2010-07,26,Mon,1
2010-07-27,2010,7,Jul,Jul 2010,Q3,2010-07,27,Tue,2
2010-07-28,2010,7,Jul,Jul 2010,Q3,2010-07,28,Wed,3
2010-07-29,2010,7,Jul,Jul 2010,Q3,2010-07,29,Thu,4
2010-07-30,2010,7,Jul,Jul 2010,Q3,2010-07,30,Fri,5
2010-07-31,2010,7,Jul,Jul 2010,Q3,2010-07,31,Sat,6
2010-08-01,2010,8,Aug,Aug 2010,Q3,2010-08,1,Sun,7
2010-08-02,2010,8,Aug,Aug 2010,Q3,2010-08,2,Mon,1
2010-08-03,2010,8,Aug,Aug 2010,Q3,2010-08,3,Tue,2
2010-08-04,2010,8,Aug,Aug 2010,Q3,2010-08,4,Wed,3
2010-08-05,2010,8,Aug,Aug 2010,Q3,2010-08,5,Thu,4
2010-08-06,2010,8,Aug,Aug 2010,Q3,2010-08,6,Fri,5
2010-08-07,2010,8,Aug,Aug 2010,Q3,2010-08,7,Sat,6
2010-08-08,2010,8,Aug,Aug 2010,Q3,2010-08,8,Sun,7
2010-08-09,2010,8,Aug,Aug 2010,Q3,2010-08,9,Mon,1
2010-08-10,2010,8,Aug,Aug 2010,Q3,2010-08,10,Tue,2
2010-08-11,2010,8,Aug,Aug 2010,Q3,2010-08,11,Wed,3
2010-08-12,2010,8,Aug,Aug 2010,Q3,2010-08,12,Thu,4
2010-08-13,2010,8,Aug,Aug 2010,Q3,2010-08,13,Fri,5
2010-08-14,2010,8,Aug,Aug 2010,Q3,2010-08,14,Sat,6
2010-08-15,2010,8,Aug,Aug 2010,Q3,2010-08,15,Sun,7
2010-08-16,2010,8,Aug,Aug 2010,Q3,2010-08,16,Mon,1
2010-08-17,2010,8,Aug,Aug 2010,Q3,2010-08,17,Tue,2
2010-08-18,2010,8,Aug,Aug 2010,Q3,2010-08,18,Wed,3
2010-08-19,2010,8,Aug,Aug 2010,Q3,2010-08,19,Thu,4
2010-08-20,2010,8,Aug,Aug 2010,Q3,2010-08,20,Fri,5
2010-08-21,2010,8,Aug,Aug 2010,Q3,2010-08,21,Sat,6
2010-08-22,2010,8,Aug,Aug 2010,Q3,2010-08,22,Sun,7
2010-08-23,2010,8,Aug,Aug 2010,Q3,2010-08,23,Mon,1
2010-08-24,2010,8,Aug,Aug 2010,Q3,2010-08,24,Tue,2
2010-08-25,2010,8,Aug,Aug 2010,Q3,2010-08,25,Wed,3
2010-08-26,2010,8,Aug,Aug 2010,Q3,2010-08,26,Thu,4
2010-08-27,2010,8,Aug,Aug 2010,Q3,2010-08,27,Fri,5
2010-08-28,2010,8,Aug,Aug 2010,Q3,2010-08,28,Sat,6
2010-08-29,2010,8,Aug,Aug 2010,Q3,2010-08,29,Sun,7
2010-08-30,2010,8,Aug,Aug 2010,Q3,2010-08,30,Mon,1
2010-08-31,2010,8,Aug,Aug 2010,Q3,2010-08,31,Tue,2
2010-09-01,2010,9,Sep,Sep 2010,Q3,2010-09,1,Wed,3
2010-09-02,2010,9,Sep,Sep 2010,Q3,2010-09,2,Thu,4
2010-09-03,2010,9,Sep,Sep 2010,Q3,2010-09,3,Fri,5
2010-09-04,2010,9,Sep,Sep 2010,Q3,2010-09,4,Sat,6
2010-09-05,2010,9,Sep,Sep 2010,Q3,2010-09,5,Sun,7
2010-09-06,2010,9,Sep,Sep 2010,Q3,2010-09,6,Mon,1
2010-09-07,2010,9,Sep,Sep 2010,Q3,2010-09,7,Tue,2
2010-09-08,2010,9,Sep,Sep 2010,Q3,2010-09,8,Wed,3
2010-09-09,2010,9,Sep,Sep 2010,Q3,2010-09,9,Thu,4
2010-09-10,2010,9,Sep,Sep 2010,Q3,2010-09,10,Fri,5
2010-09-11,2010,9,Sep,Sep 2010,Q3,2010-09,11,Sat,6
2010-09-12,2010,9,Sep,Sep 2010,Q3,2010-09,12,Sun,7
2010-09-13,2010,9,Sep,Sep 2010,Q3,2010-09,13,Mon,1
2010-09-14,2010,9,Sep,Sep 2010,Q3,2010-09,14,Tue,2
2010-09-15,2010,9,Sep,Sep 2010,Q3,2010-09,15,Wed,3
2010-09-16,2010,9,Sep,Sep 2010,Q3,2010-09,16,Thu,4
2010-09-17,2010,9,Sep,Sep 2010,Q3,2010-09,17,Fri,5
2010-09-18,2010,9,Sep,Sep 2010,Q3,2010-09,18,Sat,6
2010-09-19,2010,9,Sep,Sep 2010,Q3,2010-09,19,Sun,7
2010-09-20,2010,9,Sep,Sep 2010,Q3,2010-09,20,Mon,1
2010-09-21,2010,9,Sep,Sep 2010,Q3,2010-09,21,Tue,2
2010-09-22,2010,9,Sep,Sep 2010,Q3,2010-09,22,Wed,3
2010-09-23,2010,9,Sep,Sep 2010,Q3,2010-09,23,Thu,4
2010-09-24,2010,9,Sep,Sep 2010,Q3,2010-09,24,Fri,5
2010-09-25,2010,9,Sep,Sep 2010,Q3,2010-09,25,Sat,6
2010-09-26,2010,9,Sep,Sep 2010,Q3,2010-09,26,Sun,7
2010-09-27,2010,9,Sep,Sep 2010,Q3,2010-09,27,Mon,1
2010-09-28,2010,9,Sep,Sep 2010,Q3,2010-09,28,Tue,2
2010-09-29,2010,9,Sep,Sep 2010,Q3,2010-09,29,Wed,3
2010-09-30,2010,9,Sep,Sep 2010,Q3,2010-09,30,Thu,4
2010-10-01,2010,10,Oct,Oct 2010,Q4,2010-10,1,Fri,5
2010-10-02,2010,10,Oct,Oct 2010,Q4,2010-10,2,Sat,6
2010-10-03,2010,10,Oct,Oct 2010,Q4,2010-10,3,Sun,7
2010-10-04,2010,10,Oct,Oct 2010,Q4,2010-10,4,Mon,1
2010-10-05,2010,10,Oct,Oct 2010,Q4,2010-10,5,Tue,2
2010-10-06,2010,10,Oct,Oct 2010,Q4,2010-10,6,Wed,3
2010-10-07,2010,10,Oct,Oct 2010,Q4,2010-10,7,Thu,4
2010-10-08,2010,10,Oct,Oct 2010,Q4,2010-10,8,Fri,5
2010-10-09,2010,10,Oct,Oct 2010,Q4,2010-10,9,Sat,6
2010-10-10,2010,10,Oct,Oct 2010,Q4,2010-10,10,Sun,7
2010-10-11,2010,10,Oct,Oct 2010,Q4,2010-10,11,Mon,1
2010-10-12,2010,10,Oct,Oct 2010,Q4,2010-10,12,Tue,2
2010-10-13,2010,10,Oct,Oct 2010,Q4,2010-10,13,Wed,3
2010-10-14,2010,10,Oct,Oct 2010,Q4,2010-10,14,Thu,4
2010-10-15,2010,10,Oct,Oct 2010,Q4,2010-10,15,Fri,5
2010-10-16,2010,10,Oct,Oct 2010,Q4,2010-10,16,Sat,6
2010-10-17,2010,10,Oct,Oct 2010,Q4,2010-10,17,Sun,7
2010-10-18,2010,10,Oct,Oct 2010,Q4,2010-10,18,Mon,1
2010-10-19,2010,10,Oct,Oct 2010,Q4,2010-10,19,Tue,2
2010-10-20,2010,10,Oct,Oct 2010,Q4,2010-10,20,Wed,3
2010-10-21,2010,10,Oct,Oct 2010,Q4,2010-10,21,Thu,4
2010-10-22,2010,10,Oct,Oct 2010,Q4,2010-10,22,Fri,5
2010-10-23,2010,10,Oct,Oct 2010,Q4,2010-10,23,Sat,6
2010-10-24,2010,10,Oct,Oct 2010,Q4,2010-10,24,Sun,7
2010-10-25,2010,10,Oct,Oct 2010,Q4,2010-10,25,Mon,1
2010-10-26,2010,10,Oct,Oct 2010,Q4,2010-10,26,Tue,2
2010-10-27,2010,10,Oct,Oct 2010,Q4,2010-10,27,Wed,3
2010-10-28,2010,10,Oct,Oct 2010,Q4,2010-10,28,Thu,4
2010-10-29,2010,10,Oct,Oct 2010,Q4,2010-10,29,Fri,5
2010-10-30,2010,10,Oct,Oct 2010,Q4,2010-10,30,Sat,6
2010-10-31,2010,10,Oct,Oct 2010,Q4,2010-10,31,Sun,7
2010-11-01,2010,11,Nov,Nov 2010,Q4,2010-11,1,Mon,1
2010-11-02,2010,11,Nov,Nov 2010,Q4,2010-11,2,Tue,2
2010-11-03,2010,11,Nov,Nov 2010,Q4,2010-11,3,Wed,3
2010-11-04,2010,11,Nov,Nov 2010,Q4,2010-11,4,Thu,4
2010-11-05,2010,11,Nov,Nov 2010,Q4,2010-11,5,Fri,5
2010-11-06,2010,11,Nov,Nov 2010,Q4,2010-11,6,Sat,6
2010-11-07,2010,11,Nov,Nov 2010,Q4,2010-11,7,Sun,7
2010-11-08,2010,11,Nov,Nov 2010,Q4,2010-11,8,Mon,1
2010-11-09,2010,11,Nov,Nov 2010,Q4,2010-11,9,Tue,2
2010-11-10,2010,11,Nov,Nov 2010,Q4,2010-11,10,Wed,3
2010-11-11,2010,11,Nov,Nov 2010,Q4,2010-11,11,Thu,4
2010-11-12,2010,11,Nov,Nov 2010,Q4,2010-11,12,Fri,5
2010-11-13,2010,11,Nov,Nov 2010,Q4,2010-11,13,Sat,6
2010-11-14,2010,11,Nov,Nov 2010,Q4,2010-11,14,Sun,7
2010-11-15,2010,11,Nov,Nov 2010,Q4,2010-11,15,Mon,1
2010-11-16,2010,11,Nov,Nov 2010,Q4,2010-11,16,Tue,2
2010-11-17,2010,11,Nov,Nov 2010,Q4,2010-11,17,Wed,3
2010-11-18,2010,11,Nov,Nov 2010,Q4,2010-11,18,Thu,4
2010-11-19,2010,11,Nov,Nov 2010,Q4,2010-11,19,Fri,5
2010-11-20,2010,11,Nov,Nov 2010,Q4,2010-11,20,Sat,6
2010-11-21,2010,11,Nov,Nov 2010,Q4,2010-11,21,Sun,7
2010-11-22,2010,11,Nov,Nov 2010,Q4,2010-11,22,Mon,1
2010-11-23,2010,11,Nov,Nov 2010,Q4,2010-11,23,Tue,2
2010-11-24,2010,11,Nov,Nov 2010,Q4,2010-11,24,Wed,3
2010-11-25,2010,11,Nov,Nov 2010,Q4,2010-11,25,Thu,4
2010-11-26,2010,11,Nov,Nov 2010,Q4,2010-11,26,Fri,5
2010-11-27,2010,11,Nov,Nov 2010,Q4,2010-11,27,Sat,6
2010-11-28,2010,11,Nov,Nov 2010,Q4,2010-11,28,Sun,7
2010-11-29,2010,11,Nov,Nov 2010,Q4,2010-11,29,Mon,1
2010-11-30,2010,11,Nov,Nov 2010,Q4,2010-11,30,Tue,2
2010-12-01,2010,12,Dec,Dec 2010,Q4,2010-12,1,Wed,3
2010-12-02,2010,12,Dec,Dec 2010,Q4,2010-12,2,Thu,4
2010-12-03,2010,12,Dec,Dec 2010,Q4,2010-12,3,Fri,5
2010-12-04,2010,12,Dec,Dec 2010,Q4,2010-12,4,Sat,6
2010-12-05,2010,12,Dec,Dec 2010,Q4,2010-12,5,Sun,7
2010-12-06,2010,12,Dec,Dec 2010,Q4,2010-12,6,Mon,1
2010-12-07,2010,12,Dec,Dec 2010,Q4,2010-12,7,Tue,2
2010-12-08,2010,12,Dec,Dec 2010,Q4,2010-12,8,Wed,3
2010-12-09,2010,12,Dec,Dec 2010,Q4,2010-12,9,Thu,4
2010-12-10,2010,12,Dec,Dec 2010,Q4,2010-12,10,Fri,5
2010-12-11,2010,12,Dec,Dec 2010,Q4,2010-12,11,Sat,6
2010-12-12,2010,12,Dec,Dec 2010,Q4,2010-12,12,Sun,7
2010-12-13,2010,12,Dec,Dec 2010,Q4,2010-12,13,Mon,1
2010-12-14,2010,12,Dec,Dec 2010,Q4,2010-12,14,Tue,2
2010-12-15,2010,12,Dec,Dec 2010,Q4,2010-12,15,Wed,3
2010-12-16,2010,12,Dec,Dec 2010,Q4,2010-12,16,Thu,4
2010-12-17,2010,12,Dec,Dec 2010,Q4,2010-12,17,Fri,5
2010-12-18,2010,12,Dec,Dec 2010,Q4,2010-12,18,Sat,6
2010-12-19,2010,12,Dec,Dec 2010,Q4,2010-12,19,Sun,7
2010-12-20,2010,12,Dec,Dec 2010,Q4,2010-12,20,Mon,1
2010-12-21,2010,12,Dec,Dec 2010,Q4,2010-12,21,Tue,2
2010-12-22,2010,12,Dec,Dec 2010,Q4,2010-12,22,Wed,3
2010-12-23,2010,12,Dec,Dec 2010,Q4,2010-12,23,Thu,4
2010-12-24,2010,12,Dec,Dec 2010,Q4,2010-12,24,Fri,5
2010-12-25,2010,12,Dec,Dec 2010,Q4,2010-12,25,Sat,6
2010-12-26,2010,12,Dec,Dec 2010,Q4,2010-12,26,Sun,7
2010-12-27,2010,12,Dec,Dec 2010,Q4,2010-12,27,Mon,1
2010-12-28,2010,12,Dec,Dec 2010,Q4,2010-12,28,Tue,2
2010-12-29,2010,12,Dec,Dec 2010,Q4,2010-12,29,Wed,3
2010-12-30,2010,12,Dec,Dec 2010,Q4,2010-12,30,Thu,4
2010-12-31,2010,12,Dec,Dec 2010,Q4,2010-12,31,Fri,5
2011-01-01,2011,1,Jan,Jan 2011,Q1,2011-01,1,Sat,6
2011-01-02,2011,1,Jan,Jan 2011,Q1,2011-01,2,Sun,7
2011-01-03,2011,1,Jan,Jan 2011,Q1,2011-01,3,Mon,1
2011-01-04,2011,1,Jan,Jan 2011,Q1,2011-01,4,Tue,2
2011-01-05,2011,1,Jan,Jan 2011,Q1,2011-01,5,Wed,3
2011-01-06,2011,1,Jan,Jan 2011,Q1,2011-01,6,Thu,4
2011-01-07,2011,1,Jan,Jan 2011,Q1,2011-01,7,Fri,5
2011-01-08,2011,1,Jan,Jan 2011,Q1,2011-01,8,Sat,6
2011-01-09,2011,1,Jan,Jan 2011,Q1,2011-01,9,Sun,7
2011-01-10,2011,1,Jan,Jan 2011,Q1,2011-01,10,Mon,1
2011-01-11,2011,1,Jan,Jan 2011,Q1,2011-01,11,Tue,2
2011-01-12,2011,1,Jan,Jan 2011,Q1,2011-01,12,Wed,3
2011-01-13,2011,1,Jan,Jan 2011,Q1,2011-01,13,Thu,4
2011-01-14,2011,1,Jan,Jan 2011,Q1,2011-01,14,Fri,5
2011-01-15,2011,1,Jan,Jan 2011,Q1,2011-01,15,Sat,6
2011-01-16,2011,1,Jan,Jan 2011,Q1,2011-01,16,Sun,7
2011-01-17,2011,1,Jan,Jan 2011,Q1,2011-01,17,Mon,1
2011-01-18,2011,1,Jan,Jan 2011,Q1,2011-01,18,Tue,2
2011-01-19,2011,1,Jan,Jan 2011,Q1,2011-01,19,Wed,3
2011-01-20,2011,1,Jan,Jan 2011,Q1,2011-01,20,Thu,4
2011-01-21,2011,1,Jan,Jan 2011,Q1,2011-01,21,Fri,5
2011-01-22,2011,1,Jan,Jan 2011,Q1,2011-01,22,Sat,6
2011-01-23,2011,1,Jan,Jan 2011,Q1,2011-01,23,Sun,7
2011-01-24,2011,1,Jan,Jan 2011,Q1,2011-01,24,Mon,1
2011-01-25,2011,1,Jan,Jan 2011,Q1,2011-01,25,Tue,2
2011-01-26,2011,1,Jan,Jan 2011,Q1,2011-01,26,Wed,3
2011-01-27,2011,1,Jan,Jan 2011,Q1,2011-01,27,Thu,4
2011-01-28,2011,1,Jan,Jan 2011,Q1,2011-01,28,Fri,5
2011-01-29,2011,1,Jan,Jan 2011,Q1,2011-01,29,Sat,6
2011-01-30,2011,1,Jan,Jan 2011,Q1,2011-01,30,Sun,7
2011-01-31,2011,1,Jan,Jan 2011,Q1,2011-01,31,Mon,1
2011-02-01,2011,2,Feb,Feb 2011,Q1,2011-02,1,Tue,2
2011-02-02,2011,2,Feb,Feb 2011,Q1,2011-02,2,Wed,3
2011-02-03,2011,2,Feb,Feb 2011,Q1,2011-02,3,Thu,4
2011-02-04,2011,2,Feb,Feb 2011,Q1,2011-02,4,Fri,5
2011-02-05,2011,2,Feb,Feb 2011,Q1,2011-02,5,Sat,6
2011-02-06,2011,2,Feb,Feb 2011,Q1,2011-02,6,Sun,7
2011-02-07,2011,2,Feb,Feb 2011,Q1,2011-02,7,Mon,1
2011-02-08,2011,2,Feb,Feb 2011,Q1,2011-02,8,Tue,2
2011-02-09,2011,2,Feb,Feb 2011,Q1,2011-02,9,Wed,3
2011-02-10,2011,2,Feb,Feb 2011,Q1,2011-02,10,Thu,4
2011-02-11,2011,2,Feb,Feb 2011,Q1,2011-02,11,Fri,5
2011-02-12,2011,2,Feb,Feb 2011,Q1,2011-02,12,Sat,6
2011-02-13,2011,2,Feb,Feb 2011,Q1,2011-02,13,Sun,7
2011-02-14,2011,2,Feb,Feb 2011,Q1,2011-02,14,Mon,1
2011-02-15,2011,2,Feb,Feb 2011,Q1,2011-02,15,Tue,2
2011-02-16,2011,2,Feb,Feb 2011,Q1,2011-02,16,Wed,3
2011-02-17,2011,2,Feb,Feb 2011,Q1,2011-02,17,Thu,4
2011-02-18,2011,2,Feb,Feb 2011,Q1,2011-02,18,Fri,5
2011-02-19,2011,2,Feb,Feb 2011,Q1,2011-02,19,Sat,6
2011-02-20,2011,2,Feb,Feb 2011,Q1,2011-02,20,Sun,7
2011-02-21,2011,2,Feb,Feb 2011,Q1,2011-02,21,Mon,1
2011-02-22,2011,2,Feb,Feb 2011,Q1,2011-02,22,Tue,2
2011-02-23,2011,2,Feb,Feb 2011,Q1,2011-02,23,Wed,3
2011-02-24,2011,2,Feb,Feb 2011,Q1,2011-02,24,Thu,4
2011-02-25,2011,2,Feb,Feb 2011,Q1,2011-02,25,Fri,5
2011-02-26,2011,2,Feb,Feb 2011,Q1,2011-02,26,Sat,6
2011-02-27,2011,2,Feb,Feb 2011,Q1,2011-02,27,Sun,7
2011-02-28,2011,2,Feb,Feb 2011,Q1,2011-02,28,Mon,1
2011-03-01,2011,3,Mar,Mar 2011,Q1,2011-03,1,Tue,2
2011-03-02,2011,3,Mar,Mar 2011,Q1,2011-03,2,Wed,3
2011-03-03,2011,3,Mar,Mar 2011,Q1,2011-03,3,Thu,4
2011-03-04,2011,3,Mar,Mar 2011,Q1,2011-03,4,Fri,5
2011-03-05,2011,3,Mar,Mar 2011,Q1,2011-03,5,Sat,6
2011-03-06,2011,3,Mar,Mar 2011,Q1,2011-03,6,Sun,7
2011-03-07,2011,3,Mar,Mar 2011,Q1,2011-03,7,Mon,1
2011-03-08,2011,3,Mar,Mar 2011,Q1,2011-03,8,Tue,2
2011-03-09,2011,3,Mar,Mar 2011,Q1,2011-03,9,Wed,3
2011-03-10,2011,3,Mar,Mar 2011,Q1,2011-03,10,Thu,4
2011-03-11,2011,3,Mar,Mar 2011,Q1,2011-03,11,Fri,5
2011-03-12,2011,3,Mar,Mar 2011,Q1,2011-03,12,Sat,6
2011-03-13,2011,3,Mar,Mar 2011,Q1,2011-03,13,Sun,7
2011-03-14,2011,3,Mar,Mar 2011,Q1,2011-03,14,Mon,1
2011-03-15,2011,3,Mar,Mar 2011,Q1,2011-03,15,Tue,2
2011-03-16,2011,3,Mar,Mar 2011,Q1,2011-03,16,Wed,3
2011-03-17,2011,3,Mar,Mar 2011,Q1,2011-03,17,Thu,4
2011-03-18,2011,3,Mar,Mar 2011,Q1,2011-03,18,Fri,5
2011-03-19,2011,3,Mar,Mar 2011,Q1,2011-03,19,Sat,6
2011-03-20,2011,3,Mar,Mar 2011,Q1,2011-03,20,Sun,7
2011-03-21,2011,3,Mar,Mar 2011,Q1,2011-03,21,Mon,1
2011-03-22,2011,3,Mar,Mar 2011,Q1,2011-03,22,Tue,2
2011-03-23,2011,3,Mar,Mar 2011,Q1,2011-03,23,Wed,3
2011-03-24,2011,3,Mar,Mar 2011,Q1,2011-03,24,Thu,4
2011-03-25,2011,3,Mar,Mar 2011,Q1,2011-03,25,Fri,5
2011-03-26,2011,3,Mar,Mar 2011,Q1,2011-03,26,Sat,6
2011-03-27,2011,3,Mar,Mar 2011,Q1,2011-03,27,Sun,7
2011-03-28,2011,3,Mar,Mar 2011,Q1,2011-03,28,Mon,1
2011-03-29,2011,3,Mar,Mar 2011,Q1,2011-03,29,Tue,2
2011-03-30,2011,3,Mar,Mar 2011,Q1,2011-03,30,Wed,3
2011-03-31,2011,3,Mar,Mar 2011,Q1,2011-03,31,Thu,4
2011-04-01,2011,4,Apr,Apr 2011,Q2,2011-04,1,Fri,5
2011-04-02,2011,4,Apr,Apr 2011,Q2,2011-04,2,Sat,6
2011-04-03,2011,4,Apr,Apr 2011,Q2,2011-04,3,Sun,7
2011-04-04,2011,4,Apr,Apr 2011,Q2,2011-04,4,Mon,1
2011-04-05,2011,4,Apr,Apr 2011,Q2,2011-04,5,Tue,2
2011-04-06,2011,4,Apr,Apr 2011,Q2,2011-04,6,Wed,3
2011-04-07,2011,4,Apr,Apr 2011,Q2,2011-04,7,Thu,4
2011-04-08,2011,4,Apr,Apr 2011,Q2,2011-04,8,Fri,5
2011-04-09,2011,4,Apr,Apr 2011,Q2,2011-04,9,Sat,6
2011-04-10,2011,4,Apr,Apr 2011,Q2,2011-04,10,Sun,7
2011-04-11,2011,4,Apr,Apr 2011,Q2,2011-04,11,Mon,1
2011-04-12,2011,4,Apr,Apr 2011,Q2,2011-04,12,Tue,2
2011-04-13,2011,4,Apr,Apr 2011,Q2,2011-04,13,Wed,3
2011-04-14,2011,4,Apr,Apr 2011,Q2,2011-04,14,Thu,4
2011-04-15,2011,4,Apr,Apr 2011,Q2,2011-04,15,Fri,5
2011-04-16,2011,4,Apr,Apr 2011,Q2,2011-04,16,Sat,6
2011-04-17,2011,4,Apr,Apr 2011,Q2,2011-04,17,Sun,7
2011-04-18,2011,4,Apr,Apr 2011,Q2,2011-04,18,Mon,1
2011-04-19,2011,4,Apr,Apr 2011,Q2,2011-04,19,Tue,2
2011-04-20,2011,4,Apr,Apr 2011,Q2,2011-04,20,Wed,3
2011-04-21,2011,4,Apr,Apr 2011,Q2,2011-04,21,Thu,4
2011-04-22,2011,4,Apr,Apr 2011,Q2,2011-04,22,Fri,5
2011-04-23,2011,4,Apr,Apr 2011,Q2,2011-04,23,Sat,6
2011-04-24,2011,4,Apr,Apr 2011,Q2,2011-04,24,Sun,7
2011-04-25,2011,4,Apr,Apr 2011,Q2,2011-04,25,Mon,1
2011-04-26,2011,4,Apr,Apr 2011,Q2,2011-04,26,Tue,2
2011-04-27,2011,4,Apr,Apr 2011,Q2,2011-04,27,Wed,3
2011-04-28,2011,4,Apr,Apr 2011,Q2,2011-04,28,Thu,4
2011-04-29,2011,4,Apr,Apr 2011,Q2,2011-04,29,Fri,5
2011-04-30,2011,4,Apr,Apr 2011,Q2,2011-04,30,Sat,6
2011-05-01,2011,5,May,May 2011,Q2,2011-05,1,Sun,7
2011-05-02,2011,5,May,May 2011,Q2,2011-05,2,Mon,1
2011-05-03,2011,5,May,May 2011,Q2,2011-05,3,Tue,2
2011-05-04,2011,5,May,May 2011,Q2,2011-05,4,Wed,3
2011-05-05,2011,5,May,May 2011,Q2,2011-05,5,Thu,4
2011-05-06,2011,5,May,May 2011,Q2,2011-05,6,Fri,5
2011-05-07,2011,5,May,May 2011,Q2,2011-05,7,Sat,6
2011-05-08,2011,5,May,May 2011,Q2,2011-05,8,Sun,7
2011-05-09,2011,5,May,May 2011,Q2,2011-05,9,Mon,1
2011-05-10,2011,5,May,May 2011,Q2,2011-05,10,Tue,2
2011-05-11,2011,5,May,May 2011,Q2,2011-05,11,Wed,3
2011-05-12,2011,5,May,May 2011,Q2,2011-05,12,Thu,4
2011-05-13,2011,5,May,May 2011,Q2,2011-05,13,Fri,5
2011-05-14,2011,5,May,May 2011,Q2,2011-05,14,Sat,6
2011-05-15,2011,5,May,May 2011,Q2,2011-05,15,Sun,7
2011-05-16,2011,5,May,May 2011,Q2,2011-05,16,Mon,1
2011-05-17,2011,5,May,May 2011,Q2,2011-05,17,Tue,2
2011-05-18,2011,5,May,May 2011,Q2,2011-05,18,Wed,3
2011-05-19,2011,5,May,May 2011,Q2,2011-05,19,Thu,4
2011-05-20,2011,5,May,May 2011,Q2,2011-05,20,Fri,5
2011-05-21,2011,5,May,May 2011,Q2,2011-05,21,Sat,6
2011-05-22,2011,5,May,May 2011,Q2,2011-05,22,Sun,7
2011-05-23,2011,5,May,May 2011,Q2,2011-05,23,Mon,1
2011-05-24,2011,5,May,May 2011,Q2,2011-05,24,Tue,2
2011-05-25,2011,5,May,May 2011,Q2,2011-05,25,Wed,3
2011-05-26,2011,5,May,May 2011,Q2,2011-05,26,Thu,4
2011-05-27,2011,5,May,May 2011,Q2,2011-05,27,Fri,5
2011-05-28,2011,5,May,May 2011,Q2,2011-05,28,Sat,6
2011-05-29,2011,5,May,May 2011,Q2,2011-05,29,Sun,7
2011-05-30,2011,5,May,May 2011,Q2,2011-05,30,Mon,1
2011-05-31,2011,5,May,May 2011,Q2,2011-05,31,Tue,2
2011-06-01,2011,6,Jun,Jun 2011,Q2,2011-06,1,Wed,3
2011-06-02,2011,6,Jun,Jun 2011,Q2,2011-06,2,Thu,4
2011-06-03,2011,6,Jun,Jun 2011,Q2,2011-06,3,Fri,5
2011-06-04,2011,6,Jun,Jun 2011,Q2,2011-06,4,Sat,6
2011-06-05,2011,6,Jun,Jun 2011,Q2,2011-06,5,Sun,7
2011-06-06,2011,6,Jun,Jun 2011,Q2,2011-06,6,Mon,1
2011-06-07,2011,6,Jun,Jun 2011,Q2,2011-06,7,Tue,2
2011-06-08,2011,6,Jun,Jun 2011,Q2,2011-06,8,Wed,3
2011-06-09,2011,6,Jun,Jun 2011,Q2,2011-06,9,Thu,4
2011-06-10,2011,6,Jun,Jun 2011,Q2,2011-06,10,Fri,5
2011-06-11,2011,6,Jun,Jun 2011,Q2,2011-06,11,Sat,6
2011-06-12,2011,6,Jun,Jun 2011,Q2,2011-06,12,Sun,7
2011-06-13,2011,6,Jun,Jun 2011,Q2,2011-06,13,Mon,1
2011-06-14,2011,6,Jun,Jun 2011,Q2,2011-06,14,Tue,2
2011-06-15,2011,6,Jun,Jun 2011,Q2,2011-06,15,Wed,3
2011-06-16,2011,6,Jun,Jun 2011,Q2,2011-06,16,Thu,4
2011-06-17,2011,6,Jun,Jun 2011,Q2,2011-06,17,Fri,5
2011-06-18,2011,6,Jun,Jun 2011,Q2,2011-06,18,Sat,6
2011-06-19,2011,6,Jun,Jun 2011,Q2,2011-06,19,Sun,7
2011-06-20,2011,6,Jun,Jun 2011,Q2,2011-06,20,Mon,1
2011-06-21,2011,6,Jun,Jun 2011,Q2,2011-06,21,Tue,2
2011-06-22,2011,6,Jun,Jun 2011,Q2,2011-06,22,Wed,3
2011-06-23,2011,6,Jun,Jun 2011,Q2,2011-06,23,Thu,4
2011-06-24,2011,6,Jun,Jun 2011,Q2,2011-06,24,Fri,5
2011-06-25,2011,6,Jun,Jun 2011,Q2,2011-06,25,Sat,6
2011-06-26,2011,6,Jun,Jun 2011,Q2,2011-06,26,Sun,7
2011-06-27,2011,6,Jun,Jun 2011,Q2,2011-06,27,Mon,1
2011-06-28,2011,6,Jun,Jun 2011,Q2,2011-06,28,Tue,2
2011-06-29,2011,6,Jun,Jun 2011,Q2,2011-06,29,Wed,3
2011-06-30,2011,6,Jun,Jun 2011,Q2,2011-06,30,Thu,4
2011-07-01,2011,7,Jul,Jul 2011,Q3,2011-07,1,Fri,5
2011-07-02,2011,7,Jul,Jul 2011,Q3,2011-07,2,Sat,6
2011-07-03,2011,7,Jul,Jul 2011,Q3,2011-07,3,Sun,7
2011-07-04,2011,7,Jul,Jul 2011,Q3,2011-07,4,Mon,1
2011-07-05,2011,7,Jul,Jul 2011,Q3,2011-07,5,Tue,2
2011-07-06,2011,7,Jul,Jul 2011,Q3,2011-07,6,Wed,3
2011-07-07,2011,7,Jul,Jul 2011,Q3,2011-07,7,Thu,4
2011-07-08,2011,7,Jul,Jul 2011,Q3,2011-07,8,Fri,5
2011-07-09,2011,7,Jul,Jul 2011,Q3,2011-07,9,Sat,6
2011-07-10,2011,7,Jul,Jul 2011,Q3,2011-07,10,Sun,7
2011-07-11,2011,7,Jul,Jul 2011,Q3,2011-07,11,Mon,1
2011-07-12,2011,7,Jul,Jul 2011,Q3,2011-07,12,Tue,2
2011-07-13,2011,7,Jul,Jul 2011,Q3,2011-07,13,Wed,3
2011-07-14,2011,7,Jul,Jul 2011,Q3,2011-07,14,Thu,4
2011-07-15,2011,7,Jul,Jul 2011,Q3,2011-07,15,Fri,5
2011-07-16,2011,7,Jul,Jul 2011,Q3,2011-07,16,Sat,6
2011-07-17,2011,7,Jul,Jul 2011,Q3,2011-07,17,Sun,7
2011-07-18,2011,7,Jul,Jul 2011,Q3,2011-07,18,Mon,1
2011-07-19,2011,7,Jul,Jul 2011,Q3,2011-07,19,Tue,2
2011-07-20,2011,7,Jul,Jul 2011,Q3,2011-07,20,Wed,3
2011-07-21,2011,7,Jul,Jul 2011,Q3,2011-07,21,Thu,4
2011-07-22,2011,7,Jul,Jul 2011,Q3,2011-07,22,Fri,5
2011-07-23,2011,7,Jul,Jul 2011,Q3,2011-07,23,Sat,6
2011-07-24,2011,7,Jul,Jul 2011,Q3,2011-07,24,Sun,7
2011-07-25,2011,7,Jul,Jul 2011,Q3,2011-07,25,Mon,1
2011-07-26,2011,7,Jul,Jul 2011,Q3,2011-07,26,Tue,2
2011-07-27,2011,7,Jul,Jul 2011,Q3,2011-07,27,Wed,3
2011-07-28,2011,7,Jul,Jul 2011,Q3,2011-07,28,Thu,4
2011-07-29,2011,7,Jul,Jul 2011,Q3,2011-07,29,Fri,5
2011-07-30,2011,7,Jul,Jul 2011,Q3,2011-07,30,Sat,6
2011-07-31,2011,7,Jul,Jul 2011,Q3,2011-07,31,Sun,7
2011-08-01,2011,8,Aug,Aug 2011,Q3,2011-08,1,Mon,1
2011-08-02,2011,8,Aug,Aug 2011,Q3,2011-08,2,Tue,2
2011-08-03,2011,8,Aug,Aug 2011,Q3,2011-08,3,Wed,3
2011-08-04,2011,8,Aug,Aug 2011,Q3,2011-08,4,Thu,4
2011-08-05,2011,8,Aug,Aug 2011,Q3,2011-08,5,Fri,5
2011-08-06,2011,8,Aug,Aug 2011,Q3,2011-08,6,Sat,6
2011-08-07,2011,8,Aug,Aug 2011,Q3,2011-08,7,Sun,7
2011-08-08,2011,8,Aug,Aug 2011,Q3,2011-08,8,Mon,1
2011-08-09,2011,8,Aug,Aug 2011,Q3,2011-08,9,Tue,2
2011-08-10,2011,8,Aug,Aug 2011,Q3,2011-08,10,Wed,3
2011-08-11,2011,8,Aug,Aug 2011,Q3,2011-08,11,Thu,4
2011-08-12,2011,8,Aug,Aug 2011,Q3,2011-08,12,Fri,5
2011-08-13,2011,8,Aug,Aug 2011,Q3,2011-08,13,Sat,6
2011-08-14,2011,8,Aug,Aug 2011,Q3,2011-08,14,Sun,7
2011-08-15,2011,8,Aug,Aug 2011,Q3,2011-08,15,Mon,1
2011-08-16,2011,8,Aug,Aug 2011,Q3,2011-08,16,Tue,2
2011-08-17,2011,8,Aug,Aug 2011,Q3,2011-08,17,Wed,3
2011-08-18,2011,8,Aug,Aug 2011,Q3,2011-08,18,Thu,4
2011-08-19,2011,8,Aug,Aug 2011,Q3,2011-08,19,Fri,5
2011-08-20,2011,8,Aug,Aug 2011,Q3,2011-08,20,Sat,6
2011-08-21,2011,8,Aug,Aug 2011,Q3,2011-08,21,Sun,7
2011-08-22,2011,8,Aug,Aug 2011,Q3,2011-08,22,Mon,1
2011-08-23,2011,8,Aug,Aug 2011,Q3,2011-08,23,Tue,2
2011-08-24,2011,8,Aug,Aug 2011,Q3,2011-08,24,Wed,3
2011-08-25,2011,8,Aug,Aug 2011,Q3,2011-08,25,Thu,4
2011-08-26,2011,8,Aug,Aug 2011,Q3,2011-08,26,Fri,5
2011-08-27,2011,8,Aug,Aug 2011,Q3,2011-08,27,Sat,6
2011-08-28,2011,8,Aug,Aug 2011,Q3,2011-08,28,Sun,7
2011-08-29,2011,8,Aug,Aug 2011,Q3,2011-08,29,Mon,1
2011-08-30,2011,8,Aug,Aug 2011,Q3,2011-08,30,Tue,2
2011-08-31,2011,8,Aug,Aug 2011,Q3,2011-08,31,Wed,3
2011-09-01,2011,9,Sep,Sep 2011,Q3,2011-09,1,Thu,4
2011-09-02,2011,9,Sep,Sep 2011,Q3,2011-09,2,Fri,5
2011-09-03,2011,9,Sep,Sep 2011,Q3,2011-09,3,Sat,6
2011-09-04,2011,9,Sep,Sep 2011,Q3,2011-09,4,Sun,7
2011-09-05,2011,9,Sep,Sep 2011,Q3,2011-09,5,Mon,1
2011-09-06,2011,9,Sep,Sep 2011,Q3,2011-09,6,Tue,2
2011-09-07,2011,9,Sep,Sep 2011,Q3,2011-09,7,Wed,3
2011-09-08,2011,9,Sep,Sep 2011,Q3,2011-09,8,Thu,4
2011-09-09,2011,9,Sep,Sep 2011,Q3,2011-09,9,Fri,5
2011-09-10,2011,9,Sep,Sep 2011,Q3,2011-09,10,Sat,6
2011-09-11,2011,9,Sep,Sep 2011,Q3,2011-09,11,Sun,7
2011-09-12,2011,9,Sep,Sep 2011,Q3,2011-09,12,Mon,1
2011-09-13,2011,9,Sep,Sep 2011,Q3,2011-09,13,Tue,2
2011-09-14,2011,9,Sep,Sep 2011,Q3,2011-09,14,Wed,3
2011-09-15,2011,9,Sep,Sep 2011,Q3,2011-09,15,Thu,4
2011-09-16,2011,9,Sep,Sep 2011,Q3,2011-09,16,Fri,5
2011-09-17,2011,9,Sep,Sep 2011,Q3,2011-09,17,Sat,6
2011-09-18,2011,9,Sep,Sep 2011,Q3,2011-09,18,Sun,7
2011-09-19,2011,9,Sep,Sep 2011,Q3,2011-09,19,Mon,1
2011-09-20,2011,9,Sep,Sep 2011,Q3,2011-09,20,Tue,2
2011-09-21,2011,9,Sep,Sep 2011,Q3,2011-09,21,Wed,3
2011-09-22,2011,9,Sep,Sep 2011,Q3,2011-09,22,Thu,4
2011-09-23,2011,9,Sep,Sep 2011,Q3,2011-09,23,Fri,5
2011-09-24,2011,9,Sep,Sep 2011,Q3,2011-09,24,Sat,6
2011-09-25,2011,9,Sep,Sep 2011,Q3,2011-09,25,Sun,7
2011-09-26,2011,9,Sep,Sep 2011,Q3,2011-09,26,Mon,1
2011-09-27,2011,9,Sep,Sep 2011,Q3,2011-09,27,Tue,2
2011-09-28,2011,9,Sep,Sep 2011,Q3,2011-09,28,Wed,3
2011-09-29,2011,9,Sep,Sep 2011,Q3,2011-09,29,Thu,4
2011-09-30,2011,9,Sep,Sep 2011,Q3,2011-09,30,Fri,5
2011-10-01,2011,10,Oct,Oct 2011,Q4,2011-10,1,Sat,6
2011-10-02,2011,10,Oct,Oct 2011,Q4,2011-10,2,Sun,7
2011-10-03,2011,10,Oct,Oct 2011,Q4,2011-10,3,Mon,1
2011-10-04,2011,10,Oct,Oct 2011,Q4,2011-10,4,Tue,2
2011-10-05,2011,10,Oct,Oct 2011,Q4,2011-10,5,Wed,3
2011-10-06,2011,10,Oct,Oct 2011,Q4,2011-10,6,Thu,4
2011-10-07,2011,10,Oct,Oct 2011,Q4,2011-10,7,Fri,5
2011-10-08,2011,10,Oct,Oct 2011,Q4,2011-10,8,Sat,6
2011-10-09,2011,10,Oct,Oct 2011,Q4,2011-10,9,Sun,7
2011-10-10,2011,10,Oct,Oct 2011,Q4,2011-10,10,Mon,1
2011-10-11,2011,10,Oct,Oct 2011,Q4,2011-10,11,Tue,2
2011-10-12,2011,10,Oct,Oct 2011,Q4,2011-10,12,Wed,3
2011-10-13,2011,10,Oct,Oct 2011,Q4,2011-10,13,Thu,4
2011-10-14,2011,10,Oct,Oct 2011,Q4,2011-10,14,Fri,5
2011-10-15,2011,10,Oct,Oct 2011,Q4,2011-10,15,Sat,6
2011-10-16,2011,10,Oct,Oct 2011,Q4,2011-10,16,Sun,7
2011-10-17,2011,10,Oct,Oct 2011,Q4,2011-10,17,Mon,1
2011-10-18,2011,10,Oct,Oct 2011,Q4,2011-10,18,Tue,2
2011-10-19,2011,10,Oct,Oct 2011,Q4,2011-10,19,Wed,3
2011-10-20,2011,10,Oct,Oct 2011,Q4,2011-10,20,Thu,4
2011-10-21,2011,10,Oct,Oct 2011,Q4,2011-10,21,Fri,5
2011-10-22,2011,10,Oct,Oct 2011,Q4,2011-10,22,Sat,6
2011-10-23,2011,10,Oct,Oct 2011,Q4,2011-10,23,Sun,7
2011-10-24,2011,10,Oct,Oct 2011,Q4,2011-10,24,Mon,1
2011-10-25,2011,10,Oct,Oct 2011,Q4,2011-10,25,Tue,2
2011-10-26,2011,10,Oct,Oct 2011,Q4,2011-10,26,Wed,3
2011-10-27,2011,10,Oct,Oct 2011,Q4,2011-10,27,Thu,4
2011-10-28,2011,10,Oct,Oct 2011,Q4,2011-10,28,Fri,5
2011-10-29,2011,10,Oct,Oct 2011,Q4,2011-10,29,Sat,6
2011-10-30,2011,10,Oct,Oct 2011,Q4,2011-10,30,Sun,7
2011-10-31,2011,10,Oct,Oct 2011,Q4,2011-10,31,Mon,1
2011-11-01,2011,11,Nov,Nov 2011,Q4,2011-11,1,Tue,2
2011-11-02,2011,11,Nov,Nov 2011,Q4,2011-11,2,Wed,3
2011-11-03,2011,11,Nov,Nov 2011,Q4,2011-11,3,Thu,4
2011-11-04,2011,11,Nov,Nov 2011,Q4,2011-11,4,Fri,5
2011-11-05,2011,11,Nov,Nov 2011,Q4,2011-11,5,Sat,6
2011-11-06,2011,11,Nov,Nov 2011,Q4,2011-11,6,Sun,7
2011-11-07,2011,11,Nov,Nov 2011,Q4,2011-11,7,Mon,1
2011-11-08,2011,11,Nov,Nov 2011,Q4,2011-11,8,Tue,2
2011-11-09,2011,11,Nov,Nov 2011,Q4,2011-11,9,Wed,3
2011-11-10,2011,11,Nov,Nov 2011,Q4,2011-11,10,Thu,4
2011-11-11,2011,11,Nov,Nov 2011,Q4,2011-11,11,Fri,5
2011-11-12,2011,11,Nov,Nov 2011,Q4,2011-11,12,Sat,6
2011-11-13,2011,11,Nov,Nov 2011,Q4,2011-11,13,Sun,7
2011-11-14,2011,11,Nov,Nov 2011,Q4,2011-11,14,Mon,1
2011-11-15,2011,11,Nov,Nov 2011,Q4,2011-11,15,Tue,2
2011-11-16,2011,11,Nov,Nov 2011,Q4,2011-11,16,Wed,3
2011-11-17,2011,11,Nov,Nov 2011,Q4,2011-11,17,Thu,4
2011-11-18,2011,11,Nov,Nov 2011,Q4,2011-11,18,Fri,5
2011-11-19,2011,11,Nov,Nov 2011,Q4,2011-11,19,Sat,6
2011-11-20,2011,11,Nov,Nov 2011,Q4,2011-11,20,Sun,7
2011-11-21,2011,11,Nov,Nov 2011,Q4,2011-11,21,Mon,1
2011-11-22,2011,11,Nov,Nov 2011,Q4,2011-11,22,Tue,2
2011-11-23,2011,11,Nov,Nov 2011,Q4,2011-11,23,Wed,3
2011-11-24,2011,11,Nov,Nov 2011,Q4,2011-11,24,Thu,4
2011-11-25,2011,11,Nov,Nov 2011,Q4,2011-11,25,Fri,5
2011-11-26,2011,11,Nov,Nov 2011,Q4,2011-11,26,Sat,6
2011-11-27,2011,11,Nov,Nov 2011,Q4,2011-11,27,Sun,7
2011-11-28,2011,11,Nov,Nov 2011,Q4,2011-11,28,Mon,1
2011-11-29,2011,11,Nov,Nov 2011,Q4,2011-11,29,Tue,2
2011-11-30,2011,11,Nov,Nov 2011,Q4,2011-11,30,Wed,3
2011-12-01,2011,12,Dec,Dec 2011,Q4,2011-12,1,Thu,4
2011-12-02,2011,12,Dec,Dec 2011,Q4,2011-12,2,Fri,5
2011-12-03,2011,12,Dec,Dec 2011,Q4,2011-12,3,Sat,6
2011-12-04,2011,12,Dec,Dec 2011,Q4,2011-12,4,Sun,7
2011-12-05,2011,12,Dec,Dec 2011,Q4,2011-12,5,Mon,1
2011-12-06,2011,12,Dec,Dec 2011,Q4,2011-12,6,Tue,2
2011-12-07,2011,12,Dec,Dec 2011,Q4,2011-12,7,Wed,3
2011-12-08,2011,12,Dec,Dec 2011,Q4,2011-12,8,Thu,4
2011-12-09,2011,12,Dec,Dec 2011,Q4,2011-12,9,Fri,5
2011-12-10,2011,12,Dec,Dec 2011,Q4,2011-12,10,Sat,6
2011-12-11,2011,12,Dec,Dec 2011,Q4,2011-12,11,Sun,7
2011-12-12,2011,12,Dec,Dec 2011,Q4,2011-12,12,Mon,1
2011-12-13,2011,12,Dec,Dec 2011,Q4,2011-12,13,Tue,2
2011-12-14,2011,12,Dec,Dec 2011,Q4,2011-12,14,Wed,3
2011-12-15,2011,12,Dec,Dec 2011,Q4,2011-12,15,Thu,4
2011-12-16,2011,12,Dec,Dec 2011,Q4,2011-12,16,Fri,5
2011-12-17,2011,12,Dec,Dec 2011,Q4,2011-12,17,Sat,6
2011-12-18,2011,12,Dec,Dec 2011,Q4,2011-12,18,Sun,7
2011-12-19,2011,12,Dec,Dec 2011,Q4,2011-12,19,Mon,1
2011-12-20,2011,12,Dec,Dec 2011,Q4,2011-12,20,Tue,2
2011-12-21,2011,12,Dec,Dec 2011,Q4,2011-12,21,Wed,3
2011-12-22,2011,12,Dec,Dec 2011,Q4,2011-12,22,Thu,4
2011-12-23,2011,12,Dec,Dec 2011,Q4,2011-12,23,Fri,5
2011-12-24,2011,12,Dec,Dec 2011,Q4,2011-12,24,Sat,6
2011-12-25,2011,12,Dec,Dec 2011,Q4,2011-12,25,Sun,7
2011-12-26,2011,12,Dec,Dec 2011,Q4,2011-12,26,Mon,1
2011-12-27,2011,12,Dec,Dec 2011,Q4,2011-12,27,Tue,2
2011-12-28,2011,12,Dec,Dec 2011,Q4,2011-12,28,Wed,3
2011-12-29,2011,12,Dec,Dec 2011,Q4,2011-12,29,Thu,4
2011-12-30,2011,12,Dec,Dec 2011,Q4,2011-12,30,Fri,5
2011-12-31,2011,12,Dec,Dec 2011,Q4,2011-12,31,Sat,6
2012-01-01,2012,1,Jan,Jan 2012,Q1,2012-01,1,Sun,7
2012-01-02,2012,1,Jan,Jan 2012,Q1,2012-01,2,Mon,1
2012-01-03,2012,1,Jan,Jan 2012,Q1,2012-01,3,Tue,2
2012-01-04,2012,1,Jan,Jan 2012,Q1,2012-01,4,Wed,3
2012-01-05,2012,1,Jan,Jan 2012,Q1,2012-01,5,Thu,4
2012-01-06,2012,1,Jan,Jan 2012,Q1,2012-01,6,Fri,5
2012-01-07,2012,1,Jan,Jan 2012,Q1,2012-01,7,Sat,6
2012-01-08,2012,1,Jan,Jan 2012,Q1,2012-01,8,Sun,7
2012-01-09,2012,1,Jan,Jan 2012,Q1,2012-01,9,Mon,1
2012-01-10,2012,1,Jan,Jan 2012,Q1,2012-01,10,Tue,2
2012-01-11,2012,1,Jan,Jan 2012,Q1,2012-01,11,Wed,3
2012-01-12,2012,1,Jan,Jan 2012,Q1,2012-01,12,Thu,4
2012-01-13,2012,1,Jan,Jan 2012,Q1,2012-01,13,Fri,5
2012-01-14,2012,1,Jan,Jan 2012,Q1,2012-01,14,Sat,6
2012-01-15,2012,1,Jan,Jan 2012,Q1,2012-01,15,Sun,7
2012-01-16,2012,1,Jan,Jan 2012,Q1,2012-01,16,Mon,1
2012-01-17,2012,1,Jan,Jan 2012,Q1,2012-01,17,Tue,2
2012-01-18,2012,1,Jan,Jan 2012,Q1,2012-01,18,Wed,3
2012-01-19,2012,1,Jan,Jan 2012,Q1,2012-01,19,Thu,4
2012-01-20,2012,1,Jan,Jan 2012,Q1,2012-01,20,Fri,5
2012-01-21,2012,1,Jan,Jan 2012,Q1,2012-01,21,Sat,6
2012-01-22,2012,1,Jan,Jan 2012,Q1,2012-01,22,Sun,7
2012-01-23,2012,1,Jan,Jan 2012,Q1,2012-01,23,Mon,1
2012-01-24,2012,1,Jan,Jan 2012,Q1,2012-01,24,Tue,2
2012-01-25,2012,1,Jan,Jan 2012,Q1,2012-01,25,Wed,3
2012-01-26,2012,1,Jan,Jan 2012,Q1,2012-01,26,Thu,4
2012-01-27,2012,1,Jan,Jan 2012,Q1,2012-01,27,Fri,5
2012-01-28,2012,1,Jan,Jan 2012,Q1,2012-01,28,Sat,6
2012-01-29,2012,1,Jan,Jan 2012,Q1,2012-01,29,Sun,7
2012-01-30,2012,1,Jan,Jan 2012,Q1,2012-01,30,Mon,1
2012-01-31,2012,1,Jan,Jan 2012,Q1,2012-01,31,Tue,2
2012-02-01,2012,2,Feb,Feb 2012,Q1,2012-02,1,Wed,3
2012-02-02,2012,2,Feb,Feb 2012,Q1,2012-02,2,Thu,4
2012-02-03,2012,2,Feb,Feb 2012,Q1,2012-02,3,Fri,5
2012-02-04,2012,2,Feb,Feb 2012,Q1,2012-02,4,Sat,6
2012-02-05,2012,2,Feb,Feb 2012,Q1,2012-02,5,Sun,7
2012-02-06,2012,2,Feb,Feb 2012,Q1,2012-02,6,Mon,1
2012-02-07,2012,2,Feb,Feb 2012,Q1,2012-02,7,Tue,2
2012-02-08,2012,2,Feb,Feb 2012,Q1,2012-02,8,Wed,3
2012-02-09,2012,2,Feb,Feb 2012,Q1,2012-02,9,Thu,4
2012-02-10,2012,2,Feb,Feb 2012,Q1,2012-02,10,Fri,5
2012-02-11,2012,2,Feb,Feb 2012,Q1,2012-02,11,Sat,6
2012-02-12,2012,2,Feb,Feb 2012,Q1,2012-02,12,Sun,7
2012-02-13,2012,2,Feb,Feb 2012,Q1,2012-02,13,Mon,1
2012-02-14,2012,2,Feb,Feb 2012,Q1,2012-02,14,Tue,2
2012-02-15,2012,2,Feb,Feb 2012,Q1,2012-02,15,Wed,3
2012-02-16,2012,2,Feb,Feb 2012,Q1,2012-02,16,Thu,4
2012-02-17,2012,2,Feb,Feb 2012,Q1,2012-02,17,Fri,5
2012-02-18,2012,2,Feb,Feb 2012,Q1,2012-02,18,Sat,6
2012-02-19,2012,2,Feb,Feb 2012,Q1,2012-02,19,Sun,7
2012-02-20,2012,2,Feb,Feb 2012,Q1,2012-02,20,Mon,1
2012-02-21,2012,2,Feb,Feb 2012,Q1,2012-02,21,Tue,2
2012-02-22,2012,2,Feb,Feb 2012,Q1,2012-02,22,Wed,3
2012-02-23,2012,2,Feb,Feb 2012,Q1,2012-02,23,Thu,4
2012-02-24,2012,2,Feb,Feb 2012,Q1,2012-02,24,Fri,5
2012-02-25,2012,2,Feb,Feb 2012,Q1,2012-02,25,Sat,6
2012-02-26,2012,2,Feb,Feb 2012,Q1,2012-02,26,Sun,7
2012-02-27,2012,2,Feb,Feb 2012,Q1,2012-02,27,Mon,1
2012-02-28,2012,2,Feb,Feb 2012,Q1,2012-02,28,Tue,2
2012-02-29,2012,2,Feb,Feb 2012,Q1,2012-02,29,Wed,3
2012-03-01,2012,3,Mar,Mar 2012,Q1,2012-03,1,Thu,4
2012-03-02,2012,3,Mar,Mar 2012,Q1,2012-03,2,Fri,5
2012-03-03,2012,3,Mar,Mar 2012,Q1,2012-03,3,Sat,6
2012-03-04,2012,3,Mar,Mar 2012,Q1,2012-03,4,Sun,7
2012-03-05,2012,3,Mar,Mar 2012,Q1,2012-03,5,Mon,1
2012-03-06,2012,3,Mar,Mar 2012,Q1,2012-03,6,Tue,2
2012-03-07,2012,3,Mar,Mar 2012,Q1,2012-03,7,Wed,3
2012-03-08,2012,3,Mar,Mar 2012,Q1,2012-03,8,Thu,4
2012-03-09,2012,3,Mar,Mar 2012,Q1,2012-03,9,Fri,5
2012-03-10,2012,3,Mar,Mar 2012,Q1,2012-03,10,Sat,6
2012-03-11,2012,3,Mar,Mar 2012,Q1,2012-03,11,Sun,7
2012-03-12,2012,3,Mar,Mar 2012,Q1,2012-03,12,Mon,1
2012-03-13,2012,3,Mar,Mar 2012,Q1,2012-03,13,Tue,2
2012-03-14,2012,3,Mar,Mar 2012,Q1,2012-03,14,Wed,3
2012-03-15,2012,3,Mar,Mar 2012,Q1,2012-03,15,Thu,4
2012-03-16,2012,3,Mar,Mar 2012,Q1,2012-03,16,Fri,5
2012-03-17,2012,3,Mar,Mar 2012,Q1,2012-03,17,Sat,6
2012-03-18,2012,3,Mar,Mar 2012,Q1,2012-03,18,Sun,7
2012-03-19,2012,3,Mar,Mar 2012,Q1,2012-03,19,Mon,1
2012-03-20,2012,3,Mar,Mar 2012,Q1,2012-03,20,Tue,2
2012-03-21,2012,3,Mar,Mar 2012,Q1,2012-03,21,Wed,3
2012-03-22,2012,3,Mar,Mar 2012,Q1,2012-03,22,Thu,4
2012-03-23,2012,3,Mar,Mar 2012,Q1,2012-03,23,Fri,5
2012-03-24,2012,3,Mar,Mar 2012,Q1,2012-03,24,Sat,6
2012-03-25,2012,3,Mar,Mar 2012,Q1,2012-03,25,Sun,7
2012-03-26,2012,3,Mar,Mar 2012,Q1,2012-03,26,Mon,1
2012-03-27,2012,3,Mar,Mar 2012,Q1,2012-03,27,Tue,2
2012-03-28,2012,3,Mar,Mar 2012,Q1,2012-03,28,Wed,3
2012-03-29,2012,3,Mar,Mar 2012,Q1,2012-03,29,Thu,4
2012-03-30,2012,3,Mar,Mar 2012,Q1,2012-03,30,Fri,5
2012-03-31,2012,3,Mar,Mar 2012,Q1,2012-03,31,Sat,6
2012-04-01,2012,4,Apr,Apr 2012,Q2,2012-04,1,Sun,7
2012-04-02,2012,4,Apr,Apr 2012,Q2,2012-04,2,Mon,1
2012-04-03,2012,4,Apr,Apr 2012,Q2,2012-04,3,Tue,2
2012-04-04,2012,4,Apr,Apr 2012,Q2,2012-04,4,Wed,3
2012-04-05,2012,4,Apr,Apr 2012,Q2,2012-04,5,Thu,4
2012-04-06,2012,4,Apr,Apr 2012,Q2,2012-04,6,Fri,5
2012-04-07,2012,4,Apr,Apr 2012,Q2,2012-04,7,Sat,6
2012-04-08,2012,4,Apr,Apr 2012,Q2,2012-04,8,Sun,7
2012-04-09,2012,4,Apr,Apr 2012,Q2,2012-04,9,Mon,1
2012-04-10,2012,4,Apr,Apr 2012,Q2,2012-04,10,Tue,2
2012-04-11,2012,4,Apr,Apr 2012,Q2,2012-04,11,Wed,3
2012-04-12,2012,4,Apr,Apr 2012,Q2,2012-04,12,Thu,4
2012-04-13,2012,4,Apr,Apr 2012,Q2,2012-04,13,Fri,5
2012-04-14,2012,4,Apr,Apr 2012,Q2,2012-04,14,Sat,6
2012-04-15,2012,4,Apr,Apr 2012,Q2,2012-04,15,Sun,7
2012-04-16,2012,4,Apr,Apr 2012,Q2,2012-04,16,Mon,1
2012-04-17,2012,4,Apr,Apr 2012,Q2,2012-04,17,Tue,2
2012-04-18,2012,4,Apr,Apr 2012,Q2,2012-04,18,Wed,3
2012-04-19,2012,4,Apr,Apr 2012,Q2,2012-04,19,Thu,4
2012-04-20,2012,4,Apr,Apr 2012,Q2,2012-04,20,Fri,5
2012-04-21,2012,4,Apr,Apr 2012,Q2,2012-04,21,Sat,6
2012-04-22,2012,4,Apr,Apr 2012,Q2,2012-04,22,Sun,7
2012-04-23,2012,4,Apr,Apr 2012,Q2,2012-04,23,Mon,1
2012-04-24,2012,4,Apr,Apr 2012,Q2,2012-04,24,Tue,2
2012-04-25,2012,4,Apr,Apr 2012,Q2,2012-04,25,Wed,3
2012-04-26,2012,4,Apr,Apr 2012,Q2,2012-04,26,Thu,4
2012-04-27,2012,4,Apr,Apr 2012,Q2,2012-04,27,Fri,5
2012-04-28,2012,4,Apr,Apr 2012,Q2,2012-04,28,Sat,6
2012-04-29,2012,4,Apr,Apr 2012,Q2,2012-04,29,Sun,7
2012-04-30,2012,4,Apr,Apr 2012,Q2,2012-04,30,Mon,1
2012-05-01,2012,5,May,May 2012,Q2,2012-05,1,Tue,2
2012-05-02,2012,5,May,May 2012,Q2,2012-05,2,Wed,3
2012-05-03,2012,5,May,May 2012,Q2,2012-05,3,Thu,4
2012-05-04,2012,5,May,May 2012,Q2,2012-05,4,Fri,5
2012-05-05,2012,5,May,May 2012,Q2,2012-05,5,Sat,6
2012-05-06,2012,5,May,May 2012,Q2,2012-05,6,Sun,7
2012-05-07,2012,5,May,May 2012,Q2,2012-05,7,Mon,1
2012-05-08,2012,5,May,May 2012,Q2,2012-05,8,Tue,2
2012-05-09,2012,5,May,May 2012,Q2,2012-05,9,Wed,3
2012-05-10,2012,5,May,May 2012,Q2,2012-05,10,Thu,4
2012-05-11,2012,5,May,May 2012,Q2,2012-05,11,Fri,5
2012-05-12,2012,5,May,May 2012,Q2,2012-05,12,Sat,6
2012-05-13,2012,5,May,May 2012,Q2,2012-05,13,Sun,7
2012-05-14,2012,5,May,May 2012,Q2,2012-05,14,Mon,1
2012-05-15,2012,5,May,May 2012,Q2,2012-05,15,Tue,2
2012-05-16,2012,5,May,May 2012,Q2,2012-05,16,Wed,3
2012-05-17,2012,5,May,May 2012,Q2,2012-05,17,Thu,4
2012-05-18,2012,5,May,May 2012,Q2,2012-05,18,Fri,5
2012-05-19,2012,5,May,May 2012,Q2,2012-05,19,Sat,6
2012-05-20,2012,5,May,May 2012,Q2,2012-05,20,Sun,7
2012-05-21,2012,5,May,May 2012,Q2,2012-05,21,Mon,1
2012-05-22,2012,5,May,May 2012,Q2,2012-05,22,Tue,2
2012-05-23,2012,5,May,May 2012,Q2,2012-05,23,Wed,3
2012-05-24,2012,5,May,May 2012,Q2,2012-05,24,Thu,4
2012-05-25,2012,5,May,May 2012,Q2,2012-05,25,Fri,5
2012-05-26,2012,5,May,May 2012,Q2,2012-05,26,Sat,6
2012-05-27,2012,5,May,May 2012,Q2,2012-05,27,Sun,7
2012-05-28,2012,5,May,May 2012,Q2,2012-05,28,Mon,1
2012-05-29,2012,5,May,May 2012,Q2,2012-05,29,Tue,2
2012-05-30,2012,5,May,May 2012,Q2,2012-05,30,Wed,3
2012-05-31,2012,5,May,May 2012,Q2,2012-05,31,Thu,4
2012-06-01,2012,6,Jun,Jun 2012,Q2,2012-06,1,Fri,5
2012-06-02,2012,6,Jun,Jun 2012,Q2,2012-06,2,Sat,6
2012-06-03,2012,6,Jun,Jun 2012,Q2,2012-06,3,Sun,7
2012-06-04,2012,6,Jun,Jun 2012,Q2,2012-06,4,Mon,1
2012-06-05,2012,6,Jun,Jun 2012,Q2,2012-06,5,Tue,2
2012-06-06,2012,6,Jun,Jun 2012,Q2,2012-06,6,Wed,3
2012-06-07,2012,6,Jun,Jun 2012,Q2,2012-06,7,Thu,4
2012-06-08,2012,6,Jun,Jun 2012,Q2,2012-06,8,Fri,5
2012-06-09,2012,6,Jun,Jun 2012,Q2,2012-06,9,Sat,6
2012-06-10,2012,6,Jun,Jun 2012,Q2,2012-06,10,Sun,7
2012-06-11,2012,6,Jun,Jun 2012,Q2,2012-06,11,Mon,1
2012-06-12,2012,6,Jun,Jun 2012,Q2,2012-06,12,Tue,2
2012-06-13,2012,6,Jun,Jun 2012,Q2,2012-06,13,Wed,3
2012-06-14,2012,6,Jun,Jun 2012,Q2,2012-06,14,Thu,4
2012-06-15,2012,6,Jun,Jun 2012,Q2,2012-06,15,Fri,5
2012-06-16,2012,6,Jun,Jun 2012,Q2,2012-06,16,Sat,6
2012-06-17,2012,6,Jun,Jun 2012,Q2,2012-06,17,Sun,7
2012-06-18,2012,6,Jun,Jun 2012,Q2,2012-06,18,Mon,1
2012-06-19,2012,6,Jun,Jun 2012,Q2,2012-06,19,Tue,2
2012-06-20,2012,6,Jun,Jun 2012,Q2,2012-06,20,Wed,3
2012-06-21,2012,6,Jun,Jun 2012,Q2,2012-06,21,Thu,4
2012-06-22,2012,6,Jun,Jun 2012,Q2,2012-06,22,Fri,5
2012-06-23,2012,6,Jun,Jun 2012,Q2,2012-06,23,Sat,6
2012-06-24,2012,6,Jun,Jun 2012,Q2,2012-06,24,Sun,7
2012-06-25,2012,6,Jun,Jun 2012,Q2,2012-06,25,Mon,1
2012-06-26,2012,6,Jun,Jun 2012,Q2,2012-06,26,Tue,2
2012-06-27,2012,6,Jun,Jun 2012,Q2,2012-06,27,Wed,3
2012-06-28,2012,6,Jun,Jun 2012,Q2,2012-06,28,Thu,4
2012-06-29,2012,6,Jun,Jun 2012,Q2,2012-06,29,Fri,5
2012-06-30,2012,6,Jun,Jun 2012,Q2,2012-06,30,Sat,6
2012-07-01,2012,7,Jul,Jul 2012,Q3,2012-07,1,Sun,7
2012-07-02,2012,7,Jul,Jul 2012,Q3,2012-07,2,Mon,1
2012-07-03,2012,7,Jul,Jul 2012,Q3,2012-07,3,Tue,2
2012-07-04,2012,7,Jul,Jul 2012,Q3,2012-07,4,Wed,3
2012-07-05,2012,7,Jul,Jul 2012,Q3,2012-07,5,Thu,4
2012-07-06,2012,7,Jul,Jul 2012,Q3,2012-07,6,Fri,5
2012-07-07,2012,7,Jul,Jul 2012,Q3,2012-07,7,Sat,6
2012-07-08,2012,7,Jul,Jul 2012,Q3,2012-07,8,Sun,7
2012-07-09,2012,7,Jul,Jul 2012,Q3,2012-07,9,Mon,1
2012-07-10,2012,7,Jul,Jul 2012,Q3,2012-07,10,Tue,2
2012-07-11,2012,7,Jul,Jul 2012,Q3,2012-07,11,Wed,3
2012-07-12,2012,7,Jul,Jul 2012,Q3,2012-07,12,Thu,4
2012-07-13,2012,7,Jul,Jul 2012,Q3,2012-07,13,Fri,5
2012-07-14,2012,7,Jul,Jul 2012,Q3,2012-07,14,Sat,6
2012-07-15,2012,7,Jul,Jul 2012,Q3,2012-07,15,Sun,7
2012-07-16,2012,7,Jul,Jul 2012,Q3,2012-07,16,Mon,1
2012-07-17,2012,7,Jul,Jul 2012,Q3,2012-07,17,Tue,2
2012-07-18,2012,7,Jul,Jul 2012,Q3,2012-07,18,Wed,3
2012-07-19,2012,7,Jul,Jul 2012,Q3,2012-07,19,Thu,4
2012-07-20,2012,7,Jul,Jul 2012,Q3,2012-07,20,Fri,5
2012-07-21,2012,7,Jul,Jul 2012,Q3,2012-07,21,Sat,6
2012-07-22,2012,7,Jul,Jul 2012,Q3,2012-07,22,Sun,7
2012-07-23,2012,7,Jul,Jul 2012,Q3,2012-07,23,Mon,1
2012-07-24,2012,7,Jul,Jul 2012,Q3,2012-07,24,Tue,2
2012-07-25,2012,7,Jul,Jul 2012,Q3,2012-07,25,Wed,3
2012-07-26,2012,7,Jul,Jul 2012,Q3,2012-07,26,Thu,4
2012-07-27,2012,7,Jul,Jul 2012,Q3,2012-07,27,Fri,5
2012-07-28,2012,7,Jul,Jul 2012,Q3,2012-07,28,Sat,6
2012-07-29,2012,7,Jul,Jul 2012,Q3,2012-07,29,Sun,7
2012-07-30,2012,7,Jul,Jul 2012,Q3,2012-07,30,Mon,1
2012-07-31,2012,7,Jul,Jul 2012,Q3,2012-07,31,Tue,2
2012-08-01,2012,8,Aug,Aug 2012,Q3,2012-08,1,Wed,3
2012-08-02,2012,8,Aug,Aug 2012,Q3,2012-08,2,Thu,4
2012-08-03,2012,8,Aug,Aug 2012,Q3,2012-08,3,Fri,5
2012-08-04,2012,8,Aug,Aug 2012,Q3,2012-08,4,Sat,6
2012-08-05,2012,8,Aug,Aug 2012,Q3,2012-08,5,Sun,7
2012-08-06,2012,8,Aug,Aug 2012,Q3,2012-08,6,Mon,1
2012-08-07,2012,8,Aug,Aug 2012,Q3,2012-08,7,Tue,2
2012-08-08,2012,8,Aug,Aug 2012,Q3,2012-08,8,Wed,3
2012-08-09,2012,8,Aug,Aug 2012,Q3,2012-08,9,Thu,4
2012-08-10,2012,8,Aug,Aug 2012,Q3,2012-08,10,Fri,5
2012-08-11,2012,8,Aug,Aug 2012,Q3,2012-08,11,Sat,6
2012-08-12,2012,8,Aug,Aug 2012,Q3,2012-08,12,Sun,7
2012-08-13,2012,8,Aug,Aug 2012,Q3,2012-08,13,Mon,1
2012-08-14,2012,8,Aug,Aug 2012,Q3,2012-08,14,Tue,2
2012-08-15,2012,8,Aug,Aug 2012,Q3,2012-08,15,Wed,3
2012-08-16,2012,8,Aug,Aug 2012,Q3,2012-08,16,Thu,4
2012-08-17,2012,8,Aug,Aug 2012,Q3,2012-08,17,Fri,5
2012-08-18,2012,8,Aug,Aug 2012,Q3,2012-08,18,Sat,6
2012-08-19,2012,8,Aug,Aug 2012,Q3,2012-08,19,Sun,7
2012-08-20,2012,8,Aug,Aug 2012,Q3,2012-08,20,Mon,1
2012-08-21,2012,8,Aug,Aug 2012,Q3,2012-08,21,Tue,2
2012-08-22,2012,8,Aug,Aug 2012,Q3,2012-08,22,Wed,3
2012-08-23,2012,8,Aug,Aug 2012,Q3,2012-08,23,Thu,4
2012-08-24,2012,8,Aug,Aug 2012,Q3,2012-08,24,Fri,5
2012-08-25,2012,8,Aug,Aug 2012,Q3,2012-08,25,Sat,6
2012-08-26,2012,8,Aug,Aug 2012,Q3,2012-08,26,Sun,7
2012-08-27,2012,8,Aug,Aug 2012,Q3,2012-08,27,Mon,1
2012-08-28,2012,8,Aug,Aug 2012,Q3,2012-08,28,Tue,2
2012-08-29,2012,8,Aug,Aug 2012,Q3,2012-08,29,Wed,3
2012-08-30,2012,8,Aug,Aug 2012,Q3,2012-08,30,Thu,4
2012-08-31,2012,8,Aug,Aug 2012,Q3,2012-08,31,Fri,5
2012-09-01,2012,9,Sep,Sep 2012,Q3,2012-09,1,Sat,6
2012-09-02,2012,9,Sep,Sep 2012,Q3,2012-09,2,Sun,7
2012-09-03,2012,9,Sep,Sep 2012,Q3,2012-09,3,Mon,1
2012-09-04,2012,9,Sep,Sep 2012,Q3,2012-09,4,Tue,2
2012-09-05,2012,9,Sep,Sep 2012,Q3,2012-09,5,Wed,3
2012-09-06,2012,9,Sep,Sep 2012,Q3,2012-09,6,Thu,4
2012-09-07,2012,9,Sep,Sep 2012,Q3,2012-09,7,Fri,5
2012-09-08,2012,9,Sep,Sep 2012,Q3,2012-09,8,Sat,6
2012-09-09,2012,9,Sep,Sep 2012,Q3,2012-09,9,Sun,7
2012-09-10,2012,9,Sep,Sep 2012,Q3,2012-09,10,Mon,1
2012-09-11,2012,9,Sep,Sep 2012,Q3,2012-09,11,Tue,2
2012-09-12,2012,9,Sep,Sep 2012,Q3,2012-09,12,Wed,3
2012-09-13,2012,9,Sep,Sep 2012,Q3,2012-09,13,Thu,4
2012-09-14,2012,9,Sep,Sep 2012,Q3,2012-09,14,Fri,5
2012-09-15,2012,9,Sep,Sep 2012,Q3,2012-09,15,Sat,6
2012-09-16,2012,9,Sep,Sep 2012,Q3,2012-09,16,Sun,7
2012-09-17,2012,9,Sep,Sep 2012,Q3,2012-09,17,Mon,1
2012-09-18,2012,9,Sep,Sep 2012,Q3,2012-09,18,Tue,2
2012-09-19,2012,9,Sep,Sep 2012,Q3,2012-09,19,Wed,3
2012-09-20,2012,9,Sep,Sep 2012,Q3,2012-09,20,Thu,4
2012-09-21,2012,9,Sep,Sep 2012,Q3,2012-09,21,Fri,5
2012-09-22,2012,9,Sep,Sep 2012,Q3,2012-09,22,Sat,6
2012-09-23,2012,9,Sep,Sep 2012,Q3,2012-09,23,Sun,7
2012-09-24,2012,9,Sep,Sep 2012,Q3,2012-09,24,Mon,1
2012-09-25,2012,9,Sep,Sep 2012,Q3,2012-09,25,Tue,2
2012-09-26,2012,9,Sep,Sep 2012,Q3,2012-09,26,Wed,3
2012-09-27,2012,9,Sep,Sep 2012,Q3,2012-09,27,Thu,4
2012-09-28,2012,9,Sep,Sep 2012,Q3,2012-09,28,Fri,5
2012-09-29,2012,9,Sep,Sep 2012,Q3,2012-09,29,Sat,6
2012-09-30,2012,9,Sep,Sep 2012,Q3,2012-09,30,Sun,7
2012-10-01,2012,10,Oct,Oct 2012,Q4,2012-10,1,Mon,1
2012-10-02,2012,10,Oct,Oct 2012,Q4,2012-10,2,Tue,2
2012-10-03,2012,10,Oct,Oct 2012,Q4,2012-10,3,Wed,3
2012-10-04,2012,10,Oct,Oct 2012,Q4,2012-10,4,Thu,4
2012-10-05,2012,10,Oct,Oct 2012,Q4,2012-10,5,Fri,5
2012-10-06,2012,10,Oct,Oct 2012,Q4,2012-10,6,Sat,6
2012-10-07,2012,10,Oct,Oct 2012,Q4,2012-10,7,Sun,7
2012-10-08,2012,10,Oct,Oct 2012,Q4,2012-10,8,Mon,1
2012-10-09,2012,10,Oct,Oct 2012,Q4,2012-10,9,Tue,2
2012-10-10,2012,10,Oct,Oct 2012,Q4,2012-10,10,Wed,3
2012-10-11,2012,10,Oct,Oct 2012,Q4,2012-10,11,Thu,4
2012-10-12,2012,10,Oct,Oct 2012,Q4,2012-10,12,Fri,5
2012-10-13,2012,10,Oct,Oct 2012,Q4,2012-10,13,Sat,6
2012-10-14,2012,10,Oct,Oct 2012,Q4,2012-10,14,Sun,7
2012-10-15,2012,10,Oct,Oct 2012,Q4,2012-10,15,Mon,1
2012-10-16,2012,10,Oct,Oct 2012,Q4,2012-10,16,Tue,2
2012-10-17,2012,10,Oct,Oct 2012,Q4,2012-10,17,Wed,3
2012-10-18,2012,10,Oct,Oct 2012,Q4,2012-10,18,Thu,4
2012-10-19,2012,10,Oct,Oct 2012,Q4,2012-10,19,Fri,5
2012-10-20,2012,10,Oct,Oct 2012,Q4,2012-10,20,Sat,6
2012-10-21,2012,10,Oct,Oct 2012,Q4,2012-10,21,Sun,7
2012-10-22,2012,10,Oct,Oct 2012,Q4,2012-10,22,Mon,1
2012-10-23,2012,10,Oct,Oct 2012,Q4,2012-10,23,Tue,2
2012-10-24,2012,10,Oct,Oct 2012,Q4,2012-10,24,Wed,3
2012-10-25,2012,10,Oct,Oct 2012,Q4,2012-10,25,Thu,4
2012-10-26,2012,10,Oct,Oct 2012,Q4,2012-10,26,Fri,5
2012-10-27,2012,10,Oct,Oct 2012,Q4,2012-10,27,Sat,6
2012-10-28,2012,10,Oct,Oct 2012,Q4,2012-10,28,Sun,7
2012-10-29,2012,10,Oct,Oct 2012,Q4,2012-10,29,Mon,1
2012-10-30,2012,10,Oct,Oct 2012,Q4,2012-10,30,Tue,2
2012-10-31,2012,10,Oct,Oct 2012,Q4,2012-10,31,Wed,3
2012-11-01,2012,11,Nov,Nov 2012,Q4,2012-11,1,Thu,4
2012-11-02,2012,11,Nov,Nov 2012,Q4,2012-11,2,Fri,5
2012-11-03,2012,11,Nov,Nov 2012,Q4,2012-11,3,Sat,6
2012-11-04,2012,11,Nov,Nov 2012,Q4,2012-11,4,Sun,7
2012-11-05,2012,11,Nov,Nov 2012,Q4,2012-11,5,Mon,1
2012-11-06,2012,11,Nov,Nov 2012,Q4,2012-11,6,Tue,2
2012-11-07,2012,11,Nov,Nov 2012,Q4,2012-11,7,Wed,3
2012-11-08,2012,11,Nov,Nov 2012,Q4,2012-11,8,Thu,4
2012-11-09,2012,11,Nov,Nov 2012,Q4,2012-11,9,Fri,5
2012-11-10,2012,11,Nov,Nov 2012,Q4,2012-11,10,Sat,6
2012-11-11,2012,11,Nov,Nov 2012,Q4,2012-11,11,Sun,7
2012-11-12,2012,11,Nov,Nov 2012,Q4,2012-11,12,Mon,1
2012-11-13,2012,11,Nov,Nov 2012,Q4,2012-11,13,Tue,2
2012-11-14,2012,11,Nov,Nov 2012,Q4,2012-11,14,Wed,3
2012-11-15,2012,11,Nov,Nov 2012,Q4,2012-11,15,Thu,4
2012-11-16,2012,11,Nov,Nov 2012,Q4,2012-11,16,Fri,5
2012-11-17,2012,11,Nov,Nov 2012,Q4,2012-11,17,Sat,6
2012-11-18,2012,11,Nov,Nov 2012,Q4,2012-11,18,Sun,7
2012-11-19,2012,11,Nov,Nov 2012,Q4,2012-11,19,Mon,1
2012-11-20,2012,11,Nov,Nov 2012,Q4,2012-11,20,Tue,2
2012-11-21,2012,11,Nov,Nov 2012,Q4,2012-11,21,Wed,3
2012-11-22,2012,11,Nov,Nov 2012,Q4,2012-11,22,Thu,4
2012-11-23,2012,11,Nov,Nov 2012,Q4,2012-11,23,Fri,5
2012-11-24,2012,11,Nov,Nov 2012,Q4,2012-11,24,Sat,6
2012-11-25,2012,11,Nov,Nov 2012,Q4,2012-11,25,Sun,7
2012-11-26,2012,11,Nov,Nov 2012,Q4,2012-11,26,Mon,1
2012-11-27,2012,11,Nov,Nov 2012,Q4,2012-11,27,Tue,2
2012-11-28,2012,11,Nov,Nov 2012,Q4,2012-11,28,Wed,3
2012-11-29,2012,11,Nov,Nov 2012,Q4,2012-11,29,Thu,4
2012-11-30,2012,11,Nov,Nov 2012,Q4,2012-11,30,Fri,5
2012-12-01,2012,12,Dec,Dec 2012,Q4,2012-12,1,Sat,6
2012-12-02,2012,12,Dec,Dec 2012,Q4,2012-12,2,Sun,7
2012-12-03,2012,12,Dec,Dec 2012,Q4,2012-12,3,Mon,1
2012-12-04,2012,12,Dec,Dec 2012,Q4,2012-12,4,Tue,2
2012-12-05,2012,12,Dec,Dec 2012,Q4,2012-12,5,Wed,3
2012-12-06,2012,12,Dec,Dec 2012,Q4,2012-12,6,Thu,4
2012-12-07,2012,12,Dec,Dec 2012,Q4,2012-12,7,Fri,5
2012-12-08,2012,12,Dec,Dec 2012,Q4,2012-12,8,Sat,6
2012-12-09,2012,12,Dec,Dec 2012,Q4,2012-12,9,Sun,7
2012-12-10,2012,12,Dec,Dec 2012,Q4,2012-12,10,Mon,1
2012-12-11,2012,12,Dec,Dec 2012,Q4,2012-12,11,Tue,2
2012-12-12,2012,12,Dec,Dec 2012,Q4,2012-12,12,Wed,3
2012-12-13,2012,12,Dec,Dec 2012,Q4,2012-12,13,Thu,4
2012-12-14,2012,12,Dec,Dec 2012,Q4,2012-12,14,Fri,5
2012-12-15,2012,12,Dec,Dec 2012,Q4,2012-12,15,Sat,6
2012-12-16,2012,12,Dec,Dec 2012,Q4,2012-12,16,Sun,7
2012-12-17,2012,12,Dec,Dec 2012,Q4,2012-12,17,Mon,1
2012-12-18,2012,12,Dec,Dec 2012,Q4,2012-12,18,Tue,2
2012-12-19,2012,12,Dec,Dec 2012,Q4,2012-12,19,Wed,3
2012-12-20,2012,12,Dec,Dec 2012,Q4,2012-12,20,Thu,4
2012-12-21,2012,12,Dec,Dec 2012,Q4,2012-12,21,Fri,5
2012-12-22,2012,12,Dec,Dec 2012,Q4,2012-12,22,Sat,6
2012-12-23,2012,12,Dec,Dec 2012,Q4,2012-12,23,Sun,7
2012-12-24,2012,12,Dec,Dec 2012,Q4,2012-12,24,Mon,1
2012-12-25,2012,12,Dec,Dec 2012,Q4,2012-12,25,Tue,2
2012-12-26,2012,12,Dec,Dec 2012,Q4,2012-12,26,Wed,3
2012-12-27,2012,12,Dec,Dec 2012,Q4,2012-12,27,Thu,4
2012-12-28,2012,12,Dec,Dec 2012,Q4,2012-12,28,Fri,5
2012-12-29,2012,12,Dec,Dec 2012,Q4,2012-12,29,Sat,6
2012-12-30,2012,12,Dec,Dec 2012,Q4,2012-12,30,Sun,7
2012-12-31,2012,12,Dec,Dec 2012,Q4,2012-12,31,Mon,1
2013-01-01,2013,1,Jan,Jan 2013,Q1,2013-01,1,Tue,2
2013-01-02,2013,1,Jan,Jan 2013,Q1,2013-01,2,Wed,3
2013-01-03,2013,1,Jan,Jan 2013,Q1,2013-01,3,Thu,4
2013-01-04,2013,1,Jan,Jan 2013,Q1,2013-01,4,Fri,5
2013-01-05,2013,1,Jan,Jan 2013,Q1,2013-01,5,Sat,6
2013-01-06,2013,1,Jan,Jan 2013,Q1,2013-01,6,Sun,7
2013-01-07,2013,1,Jan,Jan 2013,Q1,2013-01,7,Mon,1
2013-01-08,2013,1,Jan,Jan 2013,Q1,2013-01,8,Tue,2
2013-01-09,2013,1,Jan,Jan 2013,Q1,2013-01,9,Wed,3
2013-01-10,2013,1,Jan,Jan 2013,Q1,2013-01,10,Thu,4
2013-01-11,2013,1,Jan,Jan 2013,Q1,2013-01,11,Fri,5
2013-01-12,2013,1,Jan,Jan 2013,Q1,2013-01,12,Sat,6
2013-01-13,2013,1,Jan,Jan 2013,Q1,2013-01,13,Sun,7
2013-01-14,2013,1,Jan,Jan 2013,Q1,2013-01,14,Mon,1
2013-01-15,2013,1,Jan,Jan 2013,Q1,2013-01,15,Tue,2
2013-01-16,2013,1,Jan,Jan 2013,Q1,2013-01,16,Wed,3
2013-01-17,2013,1,Jan,Jan 2013,Q1,2013-01,17,Thu,4
2013-01-18,2013,1,Jan,Jan 2013,Q1,2013-01,18,Fri,5
2013-01-19,2013,1,Jan,Jan 2013,Q1,2013-01,19,Sat,6
2013-01-20,2013,1,Jan,Jan 2013,Q1,2013-01,20,Sun,7
2013-01-21,2013,1,Jan,Jan 2013,Q1,2013-01,21,Mon,1
2013-01-22,2013,1,Jan,Jan 2013,Q1,2013-01,22,Tue,2
2013-01-23,2013,1,Jan,Jan 2013,Q1,2013-01,23,Wed,3
2013-01-24,2013,1,Jan,Jan 2013,Q1,2013-01,24,Thu,4
2013-01-25,2013,1,Jan,Jan 2013,Q1,2013-01,25,Fri,5
2013-01-26,2013,1,Jan,Jan 2013,Q1,2013-01,26,Sat,6
2013-01-27,2013,1,Jan,Jan 2013,Q1,2013-01,27,Sun,7
2013-01-28,2013,1,Jan,Jan 2013,Q1,2013-01,28,Mon,1
2013-01-29,2013,1,Jan,Jan 2013,Q1,2013-01,29,Tue,2
2013-01-30,2013,1,Jan,Jan 2013,Q1,2013-01,30,Wed,3
2013-01-31,2013,1,Jan,Jan 2013,Q1,2013-01,31,Thu,4
2013-02-01,2013,2,Feb,Feb 2013,Q1,2013-02,1,Fri,5
2013-02-02,2013,2,Feb,Feb 2013,Q1,2013-02,2,Sat,6
2013-02-03,2013,2,Feb,Feb 2013,Q1,2013-02,3,Sun,7
2013-02-04,2013,2,Feb,Feb 2013,Q1,2013-02,4,Mon,1
2013-02-05,2013,2,Feb,Feb 2013,Q1,2013-02,5,Tue,2
2013-02-06,2013,2,Feb,Feb 2013,Q1,2013-02,6,Wed,3
2013-02-07,2013,2,Feb,Feb 2013,Q1,2013-02,7,Thu,4
2013-02-08,2013,2,Feb,Feb 2013,Q1,2013-02,8,Fri,5
2013-02-09,2013,2,Feb,Feb 2013,Q1,2013-02,9,Sat,6
2013-02-10,2013,2,Feb,Feb 2013,Q1,2013-02,10,Sun,7
2013-02-11,2013,2,Feb,Feb 2013,Q1,2013-02,11,Mon,1
2013-02-12,2013,2,Feb,Feb 2013,Q1,2013-02,12,Tue,2
2013-02-13,2013,2,Feb,Feb 2013,Q1,2013-02,13,Wed,3
2013-02-14,2013,2,Feb,Feb 2013,Q1,2013-02,14,Thu,4
2013-02-15,2013,2,Feb,Feb 2013,Q1,2013-02,15,Fri,5
2013-02-16,2013,2,Feb,Feb 2013,Q1,2013-02,16,Sat,6
2013-02-17,2013,2,Feb,Feb 2013,Q1,2013-02,17,Sun,7
2013-02-18,2013,2,Feb,Feb 2013,Q1,2013-02,18,Mon,1
2013-02-19,2013,2,Feb,Feb 2013,Q1,2013-02,19,Tue,2
2013-02-20,2013,2,Feb,Feb 2013,Q1,2013-02,20,Wed,3
2013-02-21,2013,2,Feb,Feb 2013,Q1,2013-02,21,Thu,4
2013-02-22,2013,2,Feb,Feb 2013,Q1,2013-02,22,Fri,5
2013-02-23,2013,2,Feb,Feb 2013,Q1,2013-02,23,Sat,6
2013-02-24,2013,2,Feb,Feb 2013,Q1,2013-02,24,Sun,7
2013-02-25,2013,2,Feb,Feb 2013,Q1,2013-02,25,Mon,1
2013-02-26,2013,2,Feb,Feb 2013,Q1,2013-02,26,Tue,2
2013-02-27,2013,2,Feb,Feb 2013,Q1,2013-02,27,Wed,3
2013-02-28,2013,2,Feb,Feb 2013,Q1,2013-02,28,Thu,4
2013-03-01,2013,3,Mar,Mar 2013,Q1,2013-03,1,Fri,5
2013-03-02,2013,3,Mar,Mar 2013,Q1,2013-03,2,Sat,6
2013-03-03,2013,3,Mar,Mar 2013,Q1,2013-03,3,Sun,7
2013-03-04,2013,3,Mar,Mar 2013,Q1,2013-03,4,Mon,1
2013-03-05,2013,3,Mar,Mar 2013,Q1,2013-03,5,Tue,2
2013-03-06,2013,3,Mar,Mar 2013,Q1,2013-03,6,Wed,3
2013-03-07,2013,3,Mar,Mar 2013,Q1,2013-03,7,Thu,4
2013-03-08,2013,3,Mar,Mar 2013,Q1,2013-03,8,Fri,5
2013-03-09,2013,3,Mar,Mar 2013,Q1,2013-03,9,Sat,6
2013-03-10,2013,3,Mar,Mar 2013,Q1,2013-03,10,Sun,7
2013-03-11,2013,3,Mar,Mar 2013,Q1,2013-03,11,Mon,1
2013-03-12,2013,3,Mar,Mar 2013,Q1,2013-03,12,Tue,2
2013-03-13,2013,3,Mar,Mar 2013,Q1,2013-03,13,Wed,3
2013-03-14,2013,3,Mar,Mar 2013,Q1,2013-03,14,Thu,4
2013-03-15,2013,3,Mar,Mar 2013,Q1,2013-03,15,Fri,5
2013-03-16,2013,3,Mar,Mar 2013,Q1,2013-03,16,Sat,6
2013-03-17,2013,3,Mar,Mar 2013,Q1,2013-03,17,Sun,7
2013-03-18,2013,3,Mar,Mar 2013,Q1,2013-03,18,Mon,1
2013-03-19,2013,3,Mar,Mar 2013,Q1,2013-03,19,Tue,2
2013-03-20,2013,3,Mar,Mar 2013,Q1,2013-03,20,Wed,3
2013-03-21,2013,3,Mar,Mar 2013,Q1,2013-03,21,Thu,4
2013-03-22,2013,3,Mar,Mar 2013,Q1,2013-03,22,Fri,5
2013-03-23,2013,3,Mar,Mar 2013,Q1,2013-03,23,Sat,6
2013-03-24,2013,3,Mar,Mar 2013,Q1,2013-03,24,Sun,7
2013-03-25,2013,3,Mar,Mar 2013,Q1,2013-03,25,Mon,1
2013-03-26,2013,3,Mar,Mar 2013,Q1,2013-03,26,Tue,2
2013-03-27,2013,3,Mar,Mar 2013,Q1,2013-03,27,Wed,3
2013-03-28,2013,3,Mar,Mar 2013,Q1,2013-03,28,Thu,4
2013-03-29,2013,3,Mar,Mar 2013,Q1,2013-03,29,Fri,5
2013-03-30,2013,3,Mar,Mar 2013,Q1,2013-03,30,Sat,6
2013-03-31,2013,3,Mar,Mar 2013,Q1,2013-03,31,Sun,7
2013-04-01,2013,4,Apr,Apr 2013,Q2,2013-04,1,Mon,1
2013-04-02,2013,4,Apr,Apr 2013,Q2,2013-04,2,Tue,2
2013-04-03,2013,4,Apr,Apr 2013,Q2,2013-04,3,Wed,3
2013-04-04,2013,4,Apr,Apr 2013,Q2,2013-04,4,Thu,4
2013-04-05,2013,4,Apr,Apr 2013,Q2,2013-04,5,Fri,5
2013-04-06,2013,4,Apr,Apr 2013,Q2,2013-04,6,Sat,6
2013-04-07,2013,4,Apr,Apr 2013,Q2,2013-04,7,Sun,7
2013-04-08,2013,4,Apr,Apr 2013,Q2,2013-04,8,Mon,1
2013-04-09,2013,4,Apr,Apr 2013,Q2,2013-04,9,Tue,2
2013-04-10,2013,4,Apr,Apr 2013,Q2,2013-04,10,Wed,3
2013-04-11,2013,4,Apr,Apr 2013,Q2,2013-04,11,Thu,4
2013-04-12,2013,4,Apr,Apr 2013,Q2,2013-04,12,Fri,5
2013-04-13,2013,4,Apr,Apr 2013,Q2,2013-04,13,Sat,6
2013-04-14,2013,4,Apr,Apr 2013,Q2,2013-04,14,Sun,7
2013-04-15,2013,4,Apr,Apr 2013,Q2,2013-04,15,Mon,1
2013-04-16,2013,4,Apr,Apr 2013,Q2,2013-04,16,Tue,2
2013-04-17,2013,4,Apr,Apr 2013,Q2,2013-04,17,Wed,3
2013-04-18,2013,4,Apr,Apr 2013,Q2,2013-04,18,Thu,4
2013-04-19,2013,4,Apr,Apr 2013,Q2,2013-04,19,Fri,5
2013-04-20,2013,4,Apr,Apr 2013,Q2,2013-04,20,Sat,6
2013-04-21,2013,4,Apr,Apr 2013,Q2,2013-04,21,Sun,7
2013-04-22,2013,4,Apr,Apr 2013,Q2,2013-04,22,Mon,1
2013-04-23,2013,4,Apr,Apr 2013,Q2,2013-04,23,Tue,2
2013-04-24,2013,4,Apr,Apr 2013,Q2,2013-04,24,Wed,3
2013-04-25,2013,4,Apr,Apr 2013,Q2,2013-04,25,Thu,4
2013-04-26,2013,4,Apr,Apr 2013,Q2,2013-04,26,Fri,5
2013-04-27,2013,4,Apr,Apr 2013,Q2,2013-04,27,Sat,6
2013-04-28,2013,4,Apr,Apr 2013,Q2,2013-04,28,Sun,7
2013-04-29,2013,4,Apr,Apr 2013,Q2,2013-04,29,Mon,1
2013-04-30,2013,4,Apr,Apr 2013,Q2,2013-04,30,Tue,2
2013-05-01,2013,5,May,May 2013,Q2,2013-05,1,Wed,3
2013-05-02,2013,5,May,May 2013,Q2,2013-05,2,Thu,4
2013-05-03,2013,5,May,May 2013,Q2,2013-05,3,Fri,5
2013-05-04,2013,5,May,May 2013,Q2,2013-05,4,Sat,6
2013-05-05,2013,5,May,May 2013,Q2,2013-05,5,Sun,7
2013-05-06,2013,5,May,May 2013,Q2,2013-05,6,Mon,1
2013-05-07,2013,5,May,May 2013,Q2,2013-05,7,Tue,2
2013-05-08,2013,5,May,May 2013,Q2,2013-05,8,Wed,3
2013-05-09,2013,5,May,May 2013,Q2,2013-05,9,Thu,4
2013-05-10,2013,5,May,May 2013,Q2,2013-05,10,Fri,5
2013-05-11,2013,5,May,May 2013,Q2,2013-05,11,Sat,6
2013-05-12,2013,5,May,May 2013,Q2,2013-05,12,Sun,7
2013-05-13,2013,5,May,May 2013,Q2,2013-05,13,Mon,1
2013-05-14,2013,5,May,May 2013,Q2,2013-05,14,Tue,2
2013-05-15,2013,5,May,May 2013,Q2,2013-05,15,Wed,3
2013-05-16,2013,5,May,May 2013,Q2,2013-05,16,Thu,4
2013-05-17,2013,5,May,May 2013,Q2,2013-05,17,Fri,5
2013-05-18,2013,5,May,May 2013,Q2,2013-05,18,Sat,6
2013-05-19,2013,5,May,May 2013,Q2,2013-05,19,Sun,7
2013-05-20,2013,5,May,May 2013,Q2,2013-05,20,Mon,1
2013-05-21,2013,5,May,May 2013,Q2,2013-05,21,Tue,2
2013-05-22,2013,5,May,May 2013,Q2,2013-05,22,Wed,3
2013-05-23,2013,5,May,May 2013,Q2,2013-05,23,Thu,4
2013-05-24,2013,5,May,May 2013,Q2,2013-05,24,Fri,5
2013-05-25,2013,5,May,May 2013,Q2,2013-05,25,Sat,6
2013-05-26,2013,5,May,May 2013,Q2,2013-05,26,Sun,7
2013-05-27,2013,5,May,May 2013,Q2,2013-05,27,Mon,1
2013-05-28,2013,5,May,May 2013,Q2,2013-05,28,Tue,2
2013-05-29,2013,5,May,May 2013,Q2,2013-05,29,Wed,3
2013-05-30,2013,5,May,May 2013,Q2,2013-05,30,Thu,4
2013-05-31,2013,5,May,May 2013,Q2,2013-05,31,Fri,5
2013-06-01,2013,6,Jun,Jun 2013,Q2,2013-06,1,Sat,6
2013-06-02,2013,6,Jun,Jun 2013,Q2,2013-06,2,Sun,7
2013-06-03,2013,6,Jun,Jun 2013,Q2,2013-06,3,Mon,1
2013-06-04,2013,6,Jun,Jun 2013,Q2,2013-06,4,Tue,2
2013-06-05,2013,6,Jun,Jun 2013,Q2,2013-06,5,Wed,3
2013-06-06,2013,6,Jun,Jun 2013,Q2,2013-06,6,Thu,4
2013-06-07,2013,6,Jun,Jun 2013,Q2,2013-06,7,Fri,5
2013-06-08,2013,6,Jun,Jun 2013,Q2,2013-06,8,Sat,6
2013-06-09,2013,6,Jun,Jun 2013,Q2,2013-06,9,Sun,7
2013-06-10,2013,6,Jun,Jun 2013,Q2,2013-06,10,Mon,1
2013-06-11,2013,6,Jun,Jun 2013,Q2,2013-06,11,Tue,2
2013-06-12,2013,6,Jun,Jun 2013,Q2,2013-06,12,Wed,3
2013-06-13,2013,6,Jun,Jun 2013,Q2,2013-06,13,Thu,4
2013-06-14,2013,6,Jun,Jun 2013,Q2,2013-06,14,Fri,5
2013-06-15,2013,6,Jun,Jun 2013,Q2,2013-06,15,Sat,6
2013-06-16,2013,6,Jun,Jun 2013,Q2,2013-06,16,Sun,7
2013-06-17,2013,6,Jun,Jun 2013,Q2,2013-06,17,Mon,1
2013-06-18,2013,6,Jun,Jun 2013,Q2,2013-06,18,Tue,2
2013-06-19,2013,6,Jun,Jun 2013,Q2,2013-06,19,Wed,3
2013-06-20,2013,6,Jun,Jun 2013,Q2,2013-06,20,Thu,4
2013-06-21,2013,6,Jun,Jun 2013,Q2,2013-06,21,Fri,5
2013-06-22,2013,6,Jun,Jun 2013,Q2,2013-06,22,Sat,6
2013-06-23,2013,6,Jun,Jun 2013,Q2,2013-06,23,Sun,7
2013-06-24,2013,6,Jun,Jun 2013,Q2,2013-06,24,Mon,1
2013-06-25,2013,6,Jun,Jun 2013,Q2,2013-06,25,Tue,2
2013-06-26,2013,6,Jun,Jun 2013,Q2,2013-06,26,Wed,3
2013-06-27,2013,6,Jun,Jun 2013,Q2,2013-06,27,Thu,4
2013-06-28,2013,6,Jun,Jun 2013,Q2,2013-06,28,Fri,5
2013-06-29,2013,6,Jun,Jun 2013,Q2,2013-06,29,Sat,6
2013-06-30,2013,6,Jun,Jun 2013,Q2,2013-06,30,Sun,7
2013-07-01,2013,7,Jul,Jul 2013,Q3,2013-07,1,Mon,1
2013-07-02,2013,7,Jul,Jul 2013,Q3,2013-07,2,Tue,2
2013-07-03,2013,7,Jul,Jul 2013,Q3,2013-07,3,Wed,3
2013-07-04,2013,7,Jul,Jul 2013,Q3,2013-07,4,Thu,4
2013-07-05,2013,7,Jul,Jul 2013,Q3,2013-07,5,Fri,5
2013-07-06,2013,7,Jul,Jul 2013,Q3,2013-07,6,Sat,6
2013-07-07,2013,7,Jul,Jul 2013,Q3,2013-07,7,Sun,7
2013-07-08,2013,7,Jul,Jul 2013,Q3,2013-07,8,Mon,1
2013-07-09,2013,7,Jul,Jul 2013,Q3,2013-07,9,Tue,2
2013-07-10,2013,7,Jul,Jul 2013,Q3,2013-07,10,Wed,3
2013-07-11,2013,7,Jul,Jul 2013,Q3,2013-07,11,Thu,4
2013-07-12,2013,7,Jul,Jul 2013,Q3,2013-07,12,Fri,5
2013-07-13,2013,7,Jul,Jul 2013,Q3,2013-07,13,Sat,6
2013-07-14,2013,7,Jul,Jul 2013,Q3,2013-07,14,Sun,7
2013-07-15,2013,7,Jul,Jul 2013,Q3,2013-07,15,Mon,1
2013-07-16,2013,7,Jul,Jul 2013,Q3,2013-07,16,Tue,2
2013-07-17,2013,7,Jul,Jul 2013,Q3,2013-07,17,Wed,3
2013-07-18,2013,7,Jul,Jul 2013,Q3,2013-07,18,Thu,4
2013-07-19,2013,7,Jul,Jul 2013,Q3,2013-07,19,Fri,5
2013-07-20,2013,7,Jul,Jul 2013,Q3,2013-07,20,Sat,6
2013-07-21,2013,7,Jul,Jul 2013,Q3,2013-07,21,Sun,7
2013-07-22,2013,7,Jul,Jul 2013,Q3,2013-07,22,Mon,1
2013-07-23,2013,7,Jul,Jul 2013,Q3,2013-07,23,Tue,2
2013-07-24,2013,7,Jul,Jul 2013,Q3,2013-07,24,Wed,3
2013-07-25,2013,7,Jul,Jul 2013,Q3,2013-07,25,Thu,4
2013-07-26,2013,7,Jul,Jul 2013,Q3,2013-07,26,Fri,5
2013-07-27,2013,7,Jul,Jul 2013,Q3,2013-07,27,Sat,6
2013-07-28,2013,7,Jul,Jul 2013,Q3,2013-07,28,Sun,7
2013-07-29,2013,7,Jul,Jul 2013,Q3,2013-07,29,Mon,1
2013-07-30,2013,7,Jul,Jul 2013,Q3,2013-07,30,Tue,2
2013-07-31,2013,7,Jul,Jul 2013,Q3,2013-07,31,Wed,3
2013-08-01,2013,8,Aug,Aug 2013,Q3,2013-08,1,Thu,4
2013-08-02,2013,8,Aug,Aug 2013,Q3,2013-08,2,Fri,5
2013-08-03,2013,8,Aug,Aug 2013,Q3,2013-08,3,Sat,6
2013-08-04,2013,8,Aug,Aug 2013,Q3,2013-08,4,Sun,7
2013-08-05,2013,8,Aug,Aug 2013,Q3,2013-08,5,Mon,1
2013-08-06,2013,8,Aug,Aug 2013,Q3,2013-08,6,Tue,2
2013-08-07,2013,8,Aug,Aug 2013,Q3,2013-08,7,Wed,3
2013-08-08,2013,8,Aug,Aug 2013,Q3,2013-08,8,Thu,4
2013-08-09,2013,8,Aug,Aug 2013,Q3,2013-08,9,Fri,5
2013-08-10,2013,8,Aug,Aug 2013,Q3,2013-08,10,Sat,6
2013-08-11,2013,8,Aug,Aug 2013,Q3,2013-08,11,Sun,7
2013-08-12,2013,8,Aug,Aug 2013,Q3,2013-08,12,Mon,1
2013-08-13,2013,8,Aug,Aug 2013,Q3,2013-08,13,Tue,2
2013-08-14,2013,8,Aug,Aug 2013,Q3,2013-08,14,Wed,3
2013-08-15,2013,8,Aug,Aug 2013,Q3,2013-08,15,Thu,4
2013-08-16,2013,8,Aug,Aug 2013,Q3,2013-08,16,Fri,5
2013-08-17,2013,8,Aug,Aug 2013,Q3,2013-08,17,Sat,6
2013-08-18,2013,8,Aug,Aug 2013,Q3,2013-08,18,Sun,7
2013-08-19,2013,8,Aug,Aug 2013,Q3,2013-08,19,Mon,1
2013-08-20,2013,8,Aug,Aug 2013,Q3,2013-08,20,Tue,2
2013-08-21,2013,8,Aug,Aug 2013,Q3,2013-08,21,Wed,3
2013-08-22,2013,8,Aug,Aug 2013,Q3,2013-08,22,Thu,4
2013-08-23,2013,8,Aug,Aug 2013,Q3,2013-08,23,Fri,5
2013-08-24,2013,8,Aug,Aug 2013,Q3,2013-08,24,Sat,6
2013-08-25,2013,8,Aug,Aug 2013,Q3,2013-08,25,Sun,7
2013-08-26,2013,8,Aug,Aug 2013,Q3,2013-08,26,Mon,1
2013-08-27,2013,8,Aug,Aug 2013,Q3,2013-08,27,Tue,2
2013-08-28,2013,8,Aug,Aug 2013,Q3,2013-08,28,Wed,3
2013-08-29,2013,8,Aug,Aug 2013,Q3,2013-08,29,Thu,4
2013-08-30,2013,8,Aug,Aug 2013,Q3,2013-08,30,Fri,5
2013-08-31,2013,8,Aug,Aug 2013,Q3,2013-08,31,Sat,6
2013-09-01,2013,9,Sep,Sep 2013,Q3,2013-09,1,Sun,7
2013-09-02,2013,9,Sep,Sep 2013,Q3,2013-09,2,Mon,1
2013-09-03,2013,9,Sep,Sep 2013,Q3,2013-09,3,Tue,2
2013-09-04,2013,9,Sep,Sep 2013,Q3,2013-09,4,Wed,3
2013-09-05,2013,9,Sep,Sep 2013,Q3,2013-09,5,Thu,4
2013-09-06,2013,9,Sep,Sep 2013,Q3,2013-09,6,Fri,5
2013-09-07,2013,9,Sep,Sep 2013,Q3,2013-09,7,Sat,6
2013-09-08,2013,9,Sep,Sep 2013,Q3,2013-09,8,Sun,7
2013-09-09,2013,9,Sep,Sep 2013,Q3,2013-09,9,Mon,1
2013-09-10,2013,9,Sep,Sep 2013,Q3,2013-09,10,Tue,2
2013-09-11,2013,9,Sep,Sep 2013,Q3,2013-09,11,Wed,3
2013-09-12,2013,9,Sep,Sep 2013,Q3,2013-09,12,Thu,4
2013-09-13,2013,9,Sep,Sep 2013,Q3,2013-09,13,Fri,5
2013-09-14,2013,9,Sep,Sep 2013,Q3,2013-09,14,Sat,6
2013-09-15,2013,9,Sep,Sep 2013,Q3,2013-09,15,Sun,7
2013-09-16,2013,9,Sep,Sep 2013,Q3,2013-09,16,Mon,1
2013-09-17,2013,9,Sep,Sep 2013,Q3,2013-09,17,Tue,2
2013-09-18,2013,9,Sep,Sep 2013,Q3,2013-09,18,Wed,3
2013-09-19,2013,9,Sep,Sep 2013,Q3,2013-09,19,Thu,4
2013-09-20,2013,9,Sep,Sep 2013,Q3,2013-09,20,Fri,5
2013-09-21,2013,9,Sep,Sep 2013,Q3,2013-09,21,Sat,6
2013-09-22,2013,9,Sep,Sep 2013,Q3,2013-09,22,Sun,7
2013-09-23,2013,9,Sep,Sep 2013,Q3,2013-09,23,Mon,1
2013-09-24,2013,9,Sep,Sep 2013,Q3,2013-09,24,Tue,2
2013-09-25,2013,9,Sep,Sep 2013,Q3,2013-09,25,Wed,3
2013-09-26,2013,9,Sep,Sep 2013,Q3,2013-09,26,Thu,4
2013-09-27,2013,9,Sep,Sep 2013,Q3,2013-09,27,Fri,5
2013-09-28,2013,9,Sep,Sep 2013,Q3,2013-09,28,Sat,6
2013-09-29,2013,9,Sep,Sep 2013,Q3,2013-09,29,Sun,7
2013-09-30,2013,9,Sep,Sep 2013,Q3,2013-09,30,Mon,1
2013-10-01,2013,10,Oct,Oct 2013,Q4,2013-10,1,Tue,2
2013-10-02,2013,10,Oct,Oct 2013,Q4,2013-10,2,Wed,3
2013-10-03,2013,10,Oct,Oct 2013,Q4,2013-10,3,Thu,4
2013-10-04,2013,10,Oct,Oct 2013,Q4,2013-10,4,Fri,5
2013-10-05,2013,10,Oct,Oct 2013,Q4,2013-10,5,Sat,6
2013-10-06,2013,10,Oct,Oct 2013,Q4,2013-10,6,Sun,7
2013-10-07,2013,10,Oct,Oct 2013,Q4,2013-10,7,Mon,1
2013-10-08,2013,10,Oct,Oct 2013,Q4,2013-10,8,Tue,2
2013-10-09,2013,10,Oct,Oct 2013,Q4,2013-10,9,Wed,3
2013-10-10,2013,10,Oct,Oct 2013,Q4,2013-10,10,Thu,4
2013-10-11,2013,10,Oct,Oct 2013,Q4,2013-10,11,Fri,5
2013-10-12,2013,10,Oct,Oct 2013,Q4,2013-10,12,Sat,6
2013-10-13,2013,10,Oct,Oct 2013,Q4,2013-10,13,Sun,7
2013-10-14,2013,10,Oct,Oct 2013,Q4,2013-10,14,Mon,1
2013-10-15,2013,10,Oct,Oct 2013,Q4,2013-10,15,Tue,2
2013-10-16,2013,10,Oct,Oct 2013,Q4,2013-10,16,Wed,3
2013-10-17,2013,10,Oct,Oct 2013,Q4,2013-10,17,Thu,4
2013-10-18,2013,10,Oct,Oct 2013,Q4,2013-10,18,Fri,5
2013-10-19,2013,10,Oct,Oct 2013,Q4,2013-10,19,Sat,6
2013-10-20,2013,10,Oct,Oct 2013,Q4,2013-10,20,Sun,7
2013-10-21,2013,10,Oct,Oct 2013,Q4,2013-10,21,Mon,1
2013-10-22,2013,10,Oct,Oct 2013,Q4,2013-10,22,Tue,2
2013-10-23,2013,10,Oct,Oct 2013,Q4,2013-10,23,Wed,3
2013-10-24,2013,10,Oct,Oct 2013,Q4,2013-10,24,Thu,4
2013-10-25,2013,10,Oct,Oct 2013,Q4,2013-10,25,Fri,5
2013-10-26,2013,10,Oct,Oct 2013,Q4,2013-10,26,Sat,6
2013-10-27,2013,10,Oct,Oct 2013,Q4,2013-10,27,Sun,7
2013-10-28,2013,10,Oct,Oct 2013,Q4,2013-10,28,Mon,1
2013-10-29,2013,10,Oct,Oct 2013,Q4,2013-10,29,Tue,2
2013-10-30,2013,10,Oct,Oct 2013,Q4,2013-10,30,Wed,3
2013-10-31,2013,10,Oct,Oct 2013,Q4,2013-10,31,Thu,4
2013-11-01,2013,11,Nov,Nov 2013,Q4,2013-11,1,Fri,5
2013-11-02,2013,11,Nov,Nov 2013,Q4,2013-11,2,Sat,6
2013-11-03,2013,11,Nov,Nov 2013,Q4,2013-11,3,Sun,7
2013-11-04,2013,11,Nov,Nov 2013,Q4,2013-11,4,Mon,1
2013-11-05,2013,11,Nov,Nov 2013,Q4,2013-11,5,Tue,2
2013-11-06,2013,11,Nov,Nov 2013,Q4,2013-11,6,Wed,3
2013-11-07,2013,11,Nov,Nov 2013,Q4,2013-11,7,Thu,4
2013-11-08,2013,11,Nov,Nov 2013,Q4,2013-11,8,Fri,5
2013-11-09,2013,11,Nov,Nov 2013,Q4,2013-11,9,Sat,6
2013-11-10,2013,11,Nov,Nov 2013,Q4,2013-11,10,Sun,7
2013-11-11,2013,11,Nov,Nov 2013,Q4,2013-11,11,Mon,1
2013-11-12,2013,11,Nov,Nov 2013,Q4,2013-11,12,Tue,2
2013-11-13,2013,11,Nov,Nov 2013,Q4,2013-11,13,Wed,3
2013-11-14,2013,11,Nov,Nov 2013,Q4,2013-11,14,Thu,4
2013-11-15,2013,11,Nov,Nov 2013,Q4,2013-11,15,Fri,5
2013-11-16,2013,11,Nov,Nov 2013,Q4,2013-11,16,Sat,6
2013-11-17,2013,11,Nov,Nov 2013,Q4,2013-11,17,Sun,7
2013-11-18,2013,11,Nov,Nov 2013,Q4,2013-11,18,Mon,1
2013-11-19,2013,11,Nov,Nov 2013,Q4,2013-11,19,Tue,2
2013-11-20,2013,11,Nov,Nov 2013,Q4,2013-11,20,Wed,3
2013-11-21,2013,11,Nov,Nov 2013,Q4,2013-11,21,Thu,4
2013-11-22,2013,11,Nov,Nov 2013,Q4,2013-11,22,Fri,5
2013-11-23,2013,11,Nov,Nov 2013,Q4,2013-11,23,Sat,6
2013-11-24,2013,11,Nov,Nov 2013,Q4,2013-11,24,Sun,7
2013-11-25,2013,11,Nov,Nov 2013,Q4,2013-11,25,Mon,1
2013-11-26,2013,11,Nov,Nov 2013,Q4,2013-11,26,Tue,2
2013-11-27,2013,11,Nov,Nov 2013,Q4,2013-11,27,Wed,3
2013-11-28,2013,11,Nov,Nov 2013,Q4,2013-11,28,Thu,4
2013-11-29,2013,11,Nov,Nov 2013,Q4,2013-11,29,Fri,5
2013-11-30,2013,11,Nov,Nov 2013,Q4,2013-11,30,Sat,6
2013-12-01,2013,12,Dec,Dec 2013,Q4,2013-12,1,Sun,7
2013-12-02,2013,12,Dec,Dec 2013,Q4,2013-12,2,Mon,1
2013-12-03,2013,12,Dec,Dec 2013,Q4,2013-12,3,Tue,2
2013-12-04,2013,12,Dec,Dec 2013,Q4,2013-12,4,Wed,3
2013-12-05,2013,12,Dec,Dec 2013,Q4,2013-12,5,Thu,4
2013-12-06,2013,12,Dec,Dec 2013,Q4,2013-12,6,Fri,5
2013-12-07,2013,12,Dec,Dec 2013,Q4,2013-12,7,Sat,6
2013-12-08,2013,12,Dec,Dec 2013,Q4,2013-12,8,Sun,7
2013-12-09,2013,12,Dec,Dec 2013,Q4,2013-12,9,Mon,1
2013-12-10,2013,12,Dec,Dec 2013,Q4,2013-12,10,Tue,2
2013-12-11,2013,12,Dec,Dec 2013,Q4,2013-12,11,Wed,3
2013-12-12,2013,12,Dec,Dec 2013,Q4,2013-12,12,Thu,4
2013-12-13,2013,12,Dec,Dec 2013,Q4,2013-12,13,Fri,5
2013-12-14,2013,12,Dec,Dec 2013,Q4,2013-12,14,Sat,6
2013-12-15,2013,12,Dec,Dec 2013,Q4,2013-12,15,Sun,7
2013-12-16,2013,12,Dec,Dec 2013,Q4,2013-12,16,Mon,1
2013-12-17,2013,12,Dec,Dec 2013,Q4,2013-12,17,Tue,2
2013-12-18,2013,12,Dec,Dec 2013,Q4,2013-12,18,Wed,3
2013-12-19,2013,12,Dec,Dec 2013,Q4,2013-12,19,Thu,4
2013-12-20,2013,12,Dec,Dec 2013,Q4,2013-12,20,Fri,5
2013-12-21,2013,12,Dec,Dec 2013,Q4,2013-12,21,Sat,6
2013-12-22,2013,12,Dec,Dec 2013,Q4,2013-12,22,Sun,7
2013-12-23,2013,12,Dec,Dec 2013,Q4,2013-12,23,Mon,1
2013-12-24,2013,12,Dec,Dec 2013,Q4,2013-12,24,Tue,2
2013-12-25,2013,12,Dec,Dec 2013,Q4,2013-12,25,Wed,3
2013-12-26,2013,12,Dec,Dec 2013,Q4,2013-12,26,Thu,4
2013-12-27,2013,12,Dec,Dec 2013,Q4,2013-12,27,Fri,5
2013-12-28,2013,12,Dec,Dec 2013,Q4,2013-12,28,Sat,6
2013-12-29,2013,12,Dec,Dec 2013,Q4,2013-12,29,Sun,7
2013-12-30,2013,12,Dec,Dec 2013,Q4,2013-12,30,Mon,1
2013-12-31,2013,12,Dec,Dec 2013,Q4,2013-12,31,Tue,2
2014-01-01,2014,1,Jan,Jan 2014,Q1,2014-01,1,Wed,3
2014-01-02,2014,1,Jan,Jan 2014,Q1,2014-01,2,Thu,4
2014-01-03,2014,1,Jan,Jan 2014,Q1,2014-01,3,Fri,5
2014-01-04,2014,1,Jan,Jan 2014,Q1,2014-01,4,Sat,6
2014-01-05,2014,1,Jan,Jan 2014,Q1,2014-01,5,Sun,7
2014-01-06,2014,1,Jan,Jan 2014,Q1,2014-01,6,Mon,1
2014-01-07,2014,1,Jan,Jan 2014,Q1,2014-01,7,Tue,2
2014-01-08,2014,1,Jan,Jan 2014,Q1,2014-01,8,Wed,3
2014-01-09,2014,1,Jan,Jan 2014,Q1,2014-01,9,Thu,4
2014-01-10,2014,1,Jan,Jan 2014,Q1,2014-01,10,Fri,5
2014-01-11,2014,1,Jan,Jan 2014,Q1,2014-01,11,Sat,6
2014-01-12,2014,1,Jan,Jan 2014,Q1,2014-01,12,Sun,7
2014-01-13,2014,1,Jan,Jan 2014,Q1,2014-01,13,Mon,1
2014-01-14,2014,1,Jan,Jan 2014,Q1,2014-01,14,Tue,2
2014-01-15,2014,1,Jan,Jan 2014,Q1,2014-01,15,Wed,3
2014-01-16,2014,1,Jan,Jan 2014,Q1,2014-01,16,Thu,4
2014-01-17,2014,1,Jan,Jan 2014,Q1,2014-01,17,Fri,5
2014-01-18,2014,1,Jan,Jan 2014,Q1,2014-01,18,Sat,6
2014-01-19,2014,1,Jan,Jan 2014,Q1,2014-01,19,Sun,7
2014-01-20,2014,1,Jan,Jan 2014,Q1,2014-01,20,Mon,1
2014-01-21,2014,1,Jan,Jan 2014,Q1,2014-01,21,Tue,2
2014-01-22,2014,1,Jan,Jan 2014,Q1,2014-01,22,Wed,3
2014-01-23,2014,1,Jan,Jan 2014,Q1,2014-01,23,Thu,4
2014-01-24,2014,1,Jan,Jan 2014,Q1,2014-01,24,Fri,5
2014-01-25,2014,1,Jan,Jan 2014,Q1,2014-01,25,Sat,6
2014-01-26,2014,1,Jan,Jan 2014,Q1,2014-01,26,Sun,7
2014-01-27,2014,1,Jan,Jan 2014,Q1,2014-01,27,Mon,1
2014-01-28,2014,1,Jan,Jan 2014,Q1,2014-01,28,Tue,2
2014-01-29,2014,1,Jan,Jan 2014,Q1,2014-01,29,Wed,3
2014-01-30,2014,1,Jan,Jan 2014,Q1,2014-01,30,Thu,4
2014-01-31,2014,1,Jan,Jan 2014,Q1,2014-01,31,Fri,5
2014-02-01,2014,2,Feb,Feb 2014,Q1,2014-02,1,Sat,6
2014-02-02,2014,2,Feb,Feb 2014,Q1,2014-02,2,Sun,7
2014-02-03,2014,2,Feb,Feb 2014,Q1,2014-02,3,Mon,1
2014-02-04,2014,2,Feb,Feb 2014,Q1,2014-02,4,Tue,2
2014-02-05,2014,2,Feb,Feb 2014,Q1,2014-02,5,Wed,3
2014-02-06,2014,2,Feb,Feb 2014,Q1,2014-02,6,Thu,4
2014-02-07,2014,2,Feb,Feb 2014,Q1,2014-02,7,Fri,5
2014-02-08,2014,2,Feb,Feb 2014,Q1,2014-02,8,Sat,6
2014-02-09,2014,2,Feb,Feb 2014,Q1,2014-02,9,Sun,7
2014-02-10,2014,2,Feb,Feb 2014,Q1,2014-02,10,Mon,1
2014-02-11,2014,2,Feb,Feb 2014,Q1,2014-02,11,Tue,2
2014-02-12,2014,2,Feb,Feb 2014,Q1,2014-02,12,Wed,3
2014-02-13,2014,2,Feb,Feb 2014,Q1,2014-02,13,Thu,4
2014-02-14,2014,2,Feb,Feb 2014,Q1,2014-02,14,Fri,5
2014-02-15,2014,2,Feb,Feb 2014,Q1,2014-02,15,Sat,6
2014-02-16,2014,2,Feb,Feb 2014,Q1,2014-02,16,Sun,7
2014-02-17,2014,2,Feb,Feb 2014,Q1,2014-02,17,Mon,1
2014-02-18,2014,2,Feb,Feb 2014,Q1,2014-02,18,Tue,2
2014-02-19,2014,2,Feb,Feb 2014,Q1,2014-02,19,Wed,3
2014-02-20,2014,2,Feb,Feb 2014,Q1,2014-02,20,Thu,4
2014-02-21,2014,2,Feb,Feb 2014,Q1,2014-02,21,Fri,5
2014-02-22,2014,2,Feb,Feb 2014,Q1,2014-02,22,Sat,6
2014-02-23,2014,2,Feb,Feb 2014,Q1,2014-02,23,Sun,7
2014-02-24,2014,2,Feb,Feb 2014,Q1,2014-02,24,Mon,1
2014-02-25,2014,2,Feb,Feb 2014,Q1,2014-02,25,Tue,2
2014-02-26,2014,2,Feb,Feb 2014,Q1,2014-02,26,Wed,3
2014-02-27,2014,2,Feb,Feb 2014,Q1,2014-02,27,Thu,4
2014-02-28,2014,2,Feb,Feb 2014,Q1,2014-02,28,Fri,5
2014-03-01,2014,3,Mar,Mar 2014,Q1,2014-03,1,Sat,6
2014-03-02,2014,3,Mar,Mar 2014,Q1,2014-03,2,Sun,7
2014-03-03,2014,3,Mar,Mar 2014,Q1,2014-03,3,Mon,1
2014-03-04,2014,3,Mar,Mar 2014,Q1,2014-03,4,Tue,2
2014-03-05,2014,3,Mar,Mar 2014,Q1,2014-03,5,Wed,3
2014-03-06,2014,3,Mar,Mar 2014,Q1,2014-03,6,Thu,4
2014-03-07,2014,3,Mar,Mar 2014,Q1,2014-03,7,Fri,5
2014-03-08,2014,3,Mar,Mar 2014,Q1,2014-03,8,Sat,6
2014-03-09,2014,3,Mar,Mar 2014,Q1,2014-03,9,Sun,7
2014-03-10,2014,3,Mar,Mar 2014,Q1,2014-03,10,Mon,1
2014-03-11,2014,3,Mar,Mar 2014,Q1,2014-03,11,Tue,2
2014-03-12,2014,3,Mar,Mar 2014,Q1,2014-03,12,Wed,3
2014-03-13,2014,3,Mar,Mar 2014,Q1,2014-03,13,Thu,4
2014-03-14,2014,3,Mar,Mar 2014,Q1,2014-03,14,Fri,5
2014-03-15,2014,3,Mar,Mar 2014,Q1,2014-03,15,Sat,6
2014-03-16,2014,3,Mar,Mar 2014,Q1,2014-03,16,Sun,7
2014-03-17,2014,3,Mar,Mar 2014,Q1,2014-03,17,Mon,1
2014-03-18,2014,3,Mar,Mar 2014,Q1,2014-03,18,Tue,2
2014-03-19,2014,3,Mar,Mar 2014,Q1,2014-03,19,Wed,3
2014-03-20,2014,3,Mar,Mar 2014,Q1,2014-03,20,Thu,4
2014-03-21,2014,3,Mar,Mar 2014,Q1,2014-03,21,Fri,5
2014-03-22,2014,3,Mar,Mar 2014,Q1,2014-03,22,Sat,6
2014-03-23,2014,3,Mar,Mar 2014,Q1,2014-03,23,Sun,7
2014-03-24,2014,3,Mar,Mar 2014,Q1,2014-03,24,Mon,1
2014-03-25,2014,3,Mar,Mar 2014,Q1,2014-03,25,Tue,2
2014-03-26,2014,3,Mar,Mar 2014,Q1,2014-03,26,Wed,3
2014-03-27,2014,3,Mar,Mar 2014,Q1,2014-03,27,Thu,4
2014-03-28,2014,3,Mar,Mar 2014,Q1,2014-03,28,Fri,5
2014-03-29,2014,3,Mar,Mar 2014,Q1,2014-03,29,Sat,6
2014-03-30,2014,3,Mar,Mar 2014,Q1,2014-03,30,Sun,7
2014-03-31,2014,3,Mar,Mar 2014,Q1,2014-03,31,Mon,1
2014-04-01,2014,4,Apr,Apr 2014,Q2,2014-04,1,Tue,2
2014-04-02,2014,4,Apr,Apr 2014,Q2,2014-04,2,Wed,3
2014-04-03,2014,4,Apr,Apr 2014,Q2,2014-04,3,Thu,4
2014-04-04,2014,4,Apr,Apr 2014,Q2,2014-04,4,Fri,5
2014-04-05,2014,4,Apr,Apr 2014,Q2,2014-04,5,Sat,6
2014-04-06,2014,4,Apr,Apr 2014,Q2,2014-04,6,Sun,7
2014-04-07,2014,4,Apr,Apr 2014,Q2,2014-04,7,Mon,1
2014-04-08,2014,4,Apr,Apr 2014,Q2,2014-04,8,Tue,2
2014-04-09,2014,4,Apr,Apr 2014,Q2,2014-04,9,Wed,3
2014-04-10,2014,4,Apr,Apr 2014,Q2,2014-04,10,Thu,4
2014-04-11,2014,4,Apr,Apr 2014,Q2,2014-04,11,Fri,5
2014-04-12,2014,4,Apr,Apr 2014,Q2,2014-04,12,Sat,6
2014-04-13,2014,4,Apr,Apr 2014,Q2,2014-04,13,Sun,7
2014-04-14,2014,4,Apr,Apr 2014,Q2,2014-04,14,Mon,1
2014-04-15,2014,4,Apr,Apr 2014,Q2,2014-04,15,Tue,2
2014-04-16,2014,4,Apr,Apr 2014,Q2,2014-04,16,Wed,3
2014-04-17,2014,4,Apr,Apr 2014,Q2,2014-04,17,Thu,4
2014-04-18,2014,4,Apr,Apr 2014,Q2,2014-04,18,Fri,5
2014-04-19,2014,4,Apr,Apr 2014,Q2,2014-04,19,Sat,6
2014-04-20,2014,4,Apr,Apr 2014,Q2,2014-04,20,Sun,7
2014-04-21,2014,4,Apr,Apr 2014,Q2,2014-04,21,Mon,1
2014-04-22,2014,4,Apr,Apr 2014,Q2,2014-04,22,Tue,2
2014-04-23,2014,4,Apr,Apr 2014,Q2,2014-04,23,Wed,3
2014-04-24,2014,4,Apr,Apr 2014,Q2,2014-04,24,Thu,4
2014-04-25,2014,4,Apr,Apr 2014,Q2,2014-04,25,Fri,5
2014-04-26,2014,4,Apr,Apr 2014,Q2,2014-04,26,Sat,6
2014-04-27,2014,4,Apr,Apr 2014,Q2,2014-04,27,Sun,7
2014-04-28,2014,4,Apr,Apr 2014,Q2,2014-04,28,Mon,1
2014-04-29,2014,4,Apr,Apr 2014,Q2,2014-04,29,Tue,2
2014-04-30,2014,4,Apr,Apr 2014,Q2,2014-04,30,Wed,3
2014-05-01,2014,5,May,May 2014,Q2,2014-05,1,Thu,4
2014-05-02,2014,5,May,May 2014,Q2,2014-05,2,Fri,5
2014-05-03,2014,5,May,May 2014,Q2,2014-05,3,Sat,6
2014-05-04,2014,5,May,May 2014,Q2,2014-05,4,Sun,7
2014-05-05,2014,5,May,May 2014,Q2,2014-05,5,Mon,1
2014-05-06,2014,5,May,May 2014,Q2,2014-05,6,Tue,2
2014-05-07,2014,5,May,May 2014,Q2,2014-05,7,Wed,3
2014-05-08,2014,5,May,May 2014,Q2,2014-05,8,Thu,4
2014-05-09,2014,5,May,May 2014,Q2,2014-05,9,Fri,5
2014-05-10,2014,5,May,May 2014,Q2,2014-05,10,Sat,6
2014-05-11,2014,5,May,May 2014,Q2,2014-05,11,Sun,7
2014-05-12,2014,5,May,May 2014,Q2,2014-05,12,Mon,1
2014-05-13,2014,5,May,May 2014,Q2,2014-05,13,Tue,2
2014-05-14,2014,5,May,May 2014,Q2,2014-05,14,Wed,3
2014-05-15,2014,5,May,May 2014,Q2,2014-05,15,Thu,4
2014-05-16,2014,5,May,May 2014,Q2,2014-05,16,Fri,5
2014-05-17,2014,5,May,May 2014,Q2,2014-05,17,Sat,6
2014-05-18,2014,5,May,May 2014,Q2,2014-05,18,Sun,7
2014-05-19,2014,5,May,May 2014,Q2,2014-05,19,Mon,1
2014-05-20,2014,5,May,May 2014,Q2,2014-05,20,Tue,2
2014-05-21,2014,5,May,May 2014,Q2,2014-05,21,Wed,3
2014-05-22,2014,5,May,May 2014,Q2,2014-05,22,Thu,4
2014-05-23,2014,5,May,May 2014,Q2,2014-05,23,Fri,5
2014-05-24,2014,5,May,May 2014,Q2,2014-05,24,Sat,6
2014-05-25,2014,5,May,May 2014,Q2,2014-05,25,Sun,7
2014-05-26,2014,5,May,May 2014,Q2,2014-05,26,Mon,1
2014-05-27,2014,5,May,May 2014,Q2,2014-05,27,Tue,2
2014-05-28,2014,5,May,May 2014,Q2,2014-05,28,Wed,3
2014-05-29,2014,5,May,May 2014,Q2,2014-05,29,Thu,4
2014-05-30,2014,5,May,May 2014,Q2,2014-05,30,Fri,5
2014-05-31,2014,5,May,May 2014,Q2,2014-05,31,Sat,6
2014-06-01,2014,6,Jun,Jun 2014,Q2,2014-06,1,Sun,7
2014-06-02,2014,6,Jun,Jun 2014,Q2,2014-06,2,Mon,1
2014-06-03,2014,6,Jun,Jun 2014,Q2,2014-06,3,Tue,2
2014-06-04,2014,6,Jun,Jun 2014,Q2,2014-06,4,Wed,3
2014-06-05,2014,6,Jun,Jun 2014,Q2,2014-06,5,Thu,4
2014-06-06,2014,6,Jun,Jun 2014,Q2,2014-06,6,Fri,5
2014-06-07,2014,6,Jun,Jun 2014,Q2,2014-06,7,Sat,6
2014-06-08,2014,6,Jun,Jun 2014,Q2,2014-06,8,Sun,7
2014-06-09,2014,6,Jun,Jun 2014,Q2,2014-06,9,Mon,1
2014-06-10,2014,6,Jun,Jun 2014,Q2,2014-06,10,Tue,2
2014-06-11,2014,6,Jun,Jun 2014,Q2,2014-06,11,Wed,3
2014-06-12,2014,6,Jun,Jun 2014,Q2,2014-06,12,Thu,4
2014-06-13,2014,6,Jun,Jun 2014,Q2,2014-06,13,Fri,5
2014-06-14,2014,6,Jun,Jun 2014,Q2,2014-06,14,Sat,6
2014-06-15,2014,6,Jun,Jun 2014,Q2,2014-06,15,Sun,7
2014-06-16,2014,6,Jun,Jun 2014,Q2,2014-06,16,Mon,1
2014-06-17,2014,6,Jun,Jun 2014,Q2,2014-06,17,Tue,2
2014-06-18,2014,6,Jun,Jun 2014,Q2,2014-06,18,Wed,3
2014-06-19,2014,6,Jun,Jun 2014,Q2,2014-06,19,Thu,4
2014-06-20,2014,6,Jun,Jun 2014,Q2,2014-06,20,Fri,5
2014-06-21,2014,6,Jun,Jun 2014,Q2,2014-06,21,Sat,6
2014-06-22,2014,6,Jun,Jun 2014,Q2,2014-06,22,Sun,7
2014-06-23,2014,6,Jun,Jun 2014,Q2,2014-06,23,Mon,1
2014-06-24,2014,6,Jun,Jun 2014,Q2,2014-06,24,Tue,2
2014-06-25,2014,6,Jun,Jun 2014,Q2,2014-06,25,Wed,3
2014-06-26,2014,6,Jun,Jun 2014,Q2,2014-06,26,Thu,4
2014-06-27,2014,6,Jun,Jun 2014,Q2,2014-06,27,Fri,5
2014-06-28,2014,6,Jun,Jun 2014,Q2,2014-06,28,Sat,6
2014-06-29,2014,6,Jun,Jun 2014,Q2,2014-06,29,Sun,7
2014-06-30,2014,6,Jun,Jun 2014,Q2,2014-06,30,Mon,1
2014-07-01,2014,7,Jul,Jul 2014,Q3,2014-07,1,Tue,2
2014-07-02,2014,7,Jul,Jul 2014,Q3,2014-07,2,Wed,3
2014-07-03,2014,7,Jul,Jul 2014,Q3,2014-07,3,Thu,4
2014-07-04,2014,7,Jul,Jul 2014,Q3,2014-07,4,Fri,5
2014-07-05,2014,7,Jul,Jul 2014,Q3,2014-07,5,Sat,6
2014-07-06,2014,7,Jul,Jul 2014,Q3,2014-07,6,Sun,7
2014-07-07,2014,7,Jul,Jul 2014,Q3,2014-07,7,Mon,1
2014-07-08,2014,7,Jul,Jul 2014,Q3,2014-07,8,Tue,2
2014-07-09,2014,7,Jul,Jul 2014,Q3,2014-07,9,Wed,3
2014-07-10,2014,7,Jul,Jul 2014,Q3,2014-07,10,Thu,4
2014-07-11,2014,7,Jul,Jul 2014,Q3,2014-07,11,Fri,5
2014-07-12,2014,7,Jul,Jul 2014,Q3,2014-07,12,Sat,6
2014-07-13,2014,7,Jul,Jul 2014,Q3,2014-07,13,Sun,7
2014-07-14,2014,7,Jul,Jul 2014,Q3,2014-07,14,Mon,1
2014-07-15,2014,7,Jul,Jul 2014,Q3,2014-07,15,Tue,2
2014-07-16,2014,7,Jul,Jul 2014,Q3,2014-07,16,Wed,3
2014-07-17,2014,7,Jul,Jul 2014,Q3,2014-07,17,Thu,4
2014-07-18,2014,7,Jul,Jul 2014,Q3,2014-07,18,Fri,5
2014-07-19,2014,7,Jul,Jul 2014,Q3,2014-07,19,Sat,6
2014-07-20,2014,7,Jul,Jul 2014,Q3,2014-07,20,Sun,7
2014-07-21,2014,7,Jul,Jul 2014,Q3,2014-07,21,Mon,1
2014-07-22,2014,7,Jul,Jul 2014,Q3,2014-07,22,Tue,2
2014-07-23,2014,7,Jul,Jul 2014,Q3,2014-07,23,Wed,3
2014-07-24,2014,7,Jul,Jul 2014,Q3,2014-07,24,Thu,4
2014-07-25,2014,7,Jul,Jul 2014,Q3,2014-07,25,Fri,5
2014-07-26,2014,7,Jul,Jul 2014,Q3,2014-07,26,Sat,6
2014-07-27,2014,7,Jul,Jul 2014,Q3,2014-07,27,Sun,7
2014-07-28,2014,7,Jul,Jul 2014,Q3,2014-07,28,Mon,1
2014-07-29,2014,7,Jul,Jul 2014,Q3,2014-07,29,Tue,2
2014-07-30,2014,7,Jul,Jul 2014,Q3,2014-07,30,Wed,3
2014-07-31,2014,7,Jul,Jul 2014,Q3,2014-07,31,Thu,4
2014-08-01,2014,8,Aug,Aug 2014,Q3,2014-08,1,Fri,5
2014-08-02,2014,8,Aug,Aug 2014,Q3,2014-08,2,Sat,6
2014-08-03,2014,8,Aug,Aug 2014,Q3,2014-08,3,Sun,7
2014-08-04,2014,8,Aug,Aug 2014,Q3,2014-08,4,Mon,1
2014-08-05,2014,8,Aug,Aug 2014,Q3,2014-08,5,Tue,2
2014-08-06,2014,8,Aug,Aug 2014,Q3,2014-08,6,Wed,3
2014-08-07,2014,8,Aug,Aug 2014,Q3,2014-08,7,Thu,4
2014-08-08,2014,8,Aug,Aug 2014,Q3,2014-08,8,Fri,5
2014-08-09,2014,8,Aug,Aug 2014,Q3,2014-08,9,Sat,6
2014-08-10,2014,8,Aug,Aug 2014,Q3,2014-08,10,Sun,7
2014-08-11,2014,8,Aug,Aug 2014,Q3,2014-08,11,Mon,1
2014-08-12,2014,8,Aug,Aug 2014,Q3,2014-08,12,Tue,2
2014-08-13,2014,8,Aug,Aug 2014,Q3,2014-08,13,Wed,3
2014-08-14,2014,8,Aug,Aug 2014,Q3,2014-08,14,Thu,4
2014-08-15,2014,8,Aug,Aug 2014,Q3,2014-08,15,Fri,5
2014-08-16,2014,8,Aug,Aug 2014,Q3,2014-08,16,Sat,6
2014-08-17,2014,8,Aug,Aug 2014,Q3,2014-08,17,Sun,7
2014-08-18,2014,8,Aug,Aug 2014,Q3,2014-08,18,Mon,1
2014-08-19,2014,8,Aug,Aug 2014,Q3,2014-08,19,Tue,2
2014-08-20,2014,8,Aug,Aug 2014,Q3,2014-08,20,Wed,3
2014-08-21,2014,8,Aug,Aug 2014,Q3,2014-08,21,Thu,4
2014-08-22,2014,8,Aug,Aug 2014,Q3,2014-08,22,Fri,5
2014-08-23,2014,8,Aug,Aug 2014,Q3,2014-08,23,Sat,6
2014-08-24,2014,8,Aug,Aug 2014,Q3,2014-08,24,Sun,7
2014-08-25,2014,8,Aug,Aug 2014,Q3,2014-08,25,Mon,1
2014-08-26,2014,8,Aug,Aug 2014,Q3,2014-08,26,Tue,2
2014-08-27,2014,8,Aug,Aug 2014,Q3,2014-08,27,Wed,3
2014-08-28,2014,8,Aug,Aug 2014,Q3,2014-08,28,Thu,4
2014-08-29,2014,8,Aug,Aug 2014,Q3,2014-08,29,Fri,5
2014-08-30,2014,8,Aug,Aug 2014,Q3,2014-08,30,Sat,6
2014-08-31,2014,8,Aug,Aug 2014,Q3,2014-08,31,Sun,7
2014-09-01,2014,9,Sep,Sep 2014,Q3,2014-09,1,Mon,1
2014-09-02,2014,9,Sep,Sep 2014,Q3,2014-09,2,Tue,2
2014-09-03,2014,9,Sep,Sep 2014,Q3,2014-09,3,Wed,3
2014-09-04,2014,9,Sep,Sep 2014,Q3,2014-09,4,Thu,4
2014-09-05,2014,9,Sep,Sep 2014,Q3,2014-09,5,Fri,5
2014-09-06,2014,9,Sep,Sep 2014,Q3,2014-09,6,Sat,6
2014-09-07,2014,9,Sep,Sep 2014,Q3,2014-09,7,Sun,7
2014-09-08,2014,9,Sep,Sep 2014,Q3,2014-09,8,Mon,1
2014-09-09,2014,9,Sep,Sep 2014,Q3,2014-09,9,Tue,2
2014-09-10,2014,9,Sep,Sep 2014,Q3,2014-09,10,Wed,3
2014-09-11,2014,9,Sep,Sep 2014,Q3,2014-09,11,Thu,4
2014-09-12,2014,9,Sep,Sep 2014,Q3,2014-09,12,Fri,5
2014-09-13,2014,9,Sep,Sep 2014,Q3,2014-09,13,Sat,6
2014-09-14,2014,9,Sep,Sep 2014,Q3,2014-09,14,Sun,7
2014-09-15,2014,9,Sep,Sep 2014,Q3,2014-09,15,Mon,1
2014-09-16,2014,9,Sep,Sep 2014,Q3,2014-09,16,Tue,2
2014-09-17,2014,9,Sep,Sep 2014,Q3,2014-09,17,Wed,3
2014-09-18,2014,9,Sep,Sep 2014,Q3,2014-09,18,Thu,4
2014-09-19,2014,9,Sep,Sep 2014,Q3,2014-09,19,Fri,5
2014-09-20,2014,9,Sep,Sep 2014,Q3,2014-09,20,Sat,6
2014-09-21,2014,9,Sep,Sep 2014,Q3,2014-09,21,Sun,7
2014-09-22,2014,9,Sep,Sep 2014,Q3,2014-09,22,Mon,1
2014-09-23,2014,9,Sep,Sep 2014,Q3,2014-09,23,Tue,2
2014-09-24,2014,9,Sep,Sep 2014,Q3,2014-09,24,Wed,3
2014-09-25,2014,9,Sep,Sep 2014,Q3,2014-09,25,Thu,4
2014-09-26,2014,9,Sep,Sep 2014,Q3,2014-09,26,Fri,5
2014-09-27,2014,9,Sep,Sep 2014,Q3,2014-09,27,Sat,6
2014-09-28,2014,9,Sep,Sep 2014,Q3,2014-09,28,Sun,7
2014-09-29,2014,9,Sep,Sep 2014,Q3,2014-09,29,Mon,1
2014-09-30,2014,9,Sep,Sep 2014,Q3,2014-09,30,Tue,2
2014-10-01,2014,10,Oct,Oct 2014,Q4,2014-10,1,Wed,3
2014-10-02,2014,10,Oct,Oct 2014,Q4,2014-10,2,Thu,4
2014-10-03,2014,10,Oct,Oct 2014,Q4,2014-10,3,Fri,5
2014-10-04,2014,10,Oct,Oct 2014,Q4,2014-10,4,Sat,6
2014-10-05,2014,10,Oct,Oct 2014,Q4,2014-10,5,Sun,7
2014-10-06,2014,10,Oct,Oct 2014,Q4,2014-10,6,Mon,1
2014-10-07,2014,10,Oct,Oct 2014,Q4,2014-10,7,Tue,2
2014-10-08,2014,10,Oct,Oct 2014,Q4,2014-10,8,Wed,3
2014-10-09,2014,10,Oct,Oct 2014,Q4,2014-10,9,Thu,4
2014-10-10,2014,10,Oct,Oct 2014,Q4,2014-10,10,Fri,5
2014-10-11,2014,10,Oct,Oct 2014,Q4,2014-10,11,Sat,6
2014-10-12,2014,10,Oct,Oct 2014,Q4,2014-10,12,Sun,7
2014-10-13,2014,10,Oct,Oct 2014,Q4,2014-10,13,Mon,1
2014-10-14,2014,10,Oct,Oct 2014,Q4,2014-10,14,Tue,2
2014-10-15,2014,10,Oct,Oct 2014,Q4,2014-10,15,Wed,3
2014-10-16,2014,10,Oct,Oct 2014,Q4,2014-10,16,Thu,4
2014-10-17,2014,10,Oct,Oct 2014,Q4,2014-10,17,Fri,5
2014-10-18,2014,10,Oct,Oct 2014,Q4,2014-10,18,Sat,6
2014-10-19,2014,10,Oct,Oct 2014,Q4,2014-10,19,Sun,7
2014-10-20,2014,10,Oct,Oct 2014,Q4,2014-10,20,Mon,1
2014-10-21,2014,10,Oct,Oct 2014,Q4,2014-10,21,Tue,2
2014-10-22,2014,10,Oct,Oct 2014,Q4,2014-10,22,Wed,3
2014-10-23,2014,10,Oct,Oct 2014,Q4,2014-10,23,Thu,4
2014-10-24,2014,10,Oct,Oct 2014,Q4,2014-10,24,Fri,5
2014-10-25,2014,10,Oct,Oct 2014,Q4,2014-10,25,Sat,6
2014-10-26,2014,10,Oct,Oct 2014,Q4,2014-10,26,Sun,7
2014-10-27,2014,10,Oct,Oct 2014,Q4,2014-10,27,Mon,1
2014-10-28,2014,10,Oct,Oct 2014,Q4,2014-10,28,Tue,2
2014-10-29,2014,10,Oct,Oct 2014,Q4,2014-10,29,Wed,3
2014-10-30,2014,10,Oct,Oct 2014,Q4,2014-10,30,Thu,4
2014-10-31,2014,10,Oct,Oct 2014,Q4,2014-10,31,Fri,5
2014-11-01,2014,11,Nov,Nov 2014,Q4,2014-11,1,Sat,6
2014-11-02,2014,11,Nov,Nov 2014,Q4,2014-11,2,Sun,7
2014-11-03,2014,11,Nov,Nov 2014,Q4,2014-11,3,Mon,1
2014-11-04,2014,11,Nov,Nov 2014,Q4,2014-11,4,Tue,2
2014-11-05,2014,11,Nov,Nov 2014,Q4,2014-11,5,Wed,3
2014-11-06,2014,11,Nov,Nov 2014,Q4,2014-11,6,Thu,4
2014-11-07,2014,11,Nov,Nov 2014,Q4,2014-11,7,Fri,5
2014-11-08,2014,11,Nov,Nov 2014,Q4,2014-11,8,Sat,6
2014-11-09,2014,11,Nov,Nov 2014,Q4,2014-11,9,Sun,7
2014-11-10,2014,11,Nov,Nov 2014,Q4,2014-11,10,Mon,1
2014-11-11,2014,11,Nov,Nov 2014,Q4,2014-11,11,Tue,2
2014-11-12,2014,11,Nov,Nov 2014,Q4,2014-11,12,Wed,3
2014-11-13,2014,11,Nov,Nov 2014,Q4,2014-11,13,Thu,4
2014-11-14,2014,11,Nov,Nov 2014,Q4,2014-11,14,Fri,5
2014-11-15,2014,11,Nov,Nov 2014,Q4,2014-11,15,Sat,6
2014-11-16,2014,11,Nov,Nov 2014,Q4,2014-11,16,Sun,7
2014-11-17,2014,11,Nov,Nov 2014,Q4,2014-11,17,Mon,1
2014-11-18,2014,11,Nov,Nov 2014,Q4,2014-11,18,Tue,2
2014-11-19,2014,11,Nov,Nov 2014,Q4,2014-11,19,Wed,3
2014-11-20,2014,11,Nov,Nov 2014,Q4,2014-11,20,Thu,4
2014-11-21,2014,11,Nov,Nov 2014,Q4,2014-11,21,Fri,5
2014-11-22,2014,11,Nov,Nov 2014,Q4,2014-11,22,Sat,6
2014-11-23,2014,11,Nov,Nov 2014,Q4,2014-11,23,Sun,7
2014-11-24,2014,11,Nov,Nov 2014,Q4,2014-11,24,Mon,1
2014-11-25,2014,11,Nov,Nov 2014,Q4,2014-11,25,Tue,2
2014-11-26,2014,11,Nov,Nov 2014,Q4,2014-11,26,Wed,3
2014-11-27,2014,11,Nov,Nov 2014,Q4,2014-11,27,Thu,4
2014-11-28,2014,11,Nov,Nov 2014,Q4,2014-11,28,Fri,5
2014-11-29,2014,11,Nov,Nov 2014,Q4,2014-11,29,Sat,6
2014-11-30,2014,11,Nov,Nov 2014,Q4,2014-11,30,Sun,7
2014-12-01,2014,12,Dec,Dec 2014,Q4,2014-12,1,Mon,1
2014-12-02,2014,12,Dec,Dec 2014,Q4,2014-12,2,Tue,2
2014-12-03,2014,12,Dec,Dec 2014,Q4,2014-12,3,Wed,3
2014-12-04,2014,12,Dec,Dec 2014,Q4,2014-12,4,Thu,4
2014-12-05,2014,12,Dec,Dec 2014,Q4,2014-12,5,Fri,5
2014-12-06,2014,12,Dec,Dec 2014,Q4,2014-12,6,Sat,6
2014-12-07,2014,12,Dec,Dec 2014,Q4,2014-12,7,Sun,7
2014-12-08,2014,12,Dec,Dec 2014,Q4,2014-12,8,Mon,1
2014-12-09,2014,12,Dec,Dec 2014,Q4,2014-12,9,Tue,2
2014-12-10,2014,12,Dec,Dec 2014,Q4,2014-12,10,Wed,3
2014-12-11,2014,12,Dec,Dec 2014,Q4,2014-12,11,Thu,4
2014-12-12,2014,12,Dec,Dec 2014,Q4,2014-12,12,Fri,5
2014-12-13,2014,12,Dec,Dec 2014,Q4,2014-12,13,Sat,6
2014-12-14,2014,12,Dec,Dec 2014,Q4,2014-12,14,Sun,7
2014-12-15,2014,12,Dec,Dec 2014,Q4,2014-12,15,Mon,1
2014-12-16,2014,12,Dec,Dec 2014,Q4,2014-12,16,Tue,2
2014-12-17,2014,12,Dec,Dec 2014,Q4,2014-12,17,Wed,3
2014-12-18,2014,12,Dec,Dec 2014,Q4,2014-12,18,Thu,4
2014-12-19,2014,12,Dec,Dec 2014,Q4,2014-12,19,Fri,5
2014-12-20,2014,12,Dec,Dec 2014,Q4,2014-12,20,Sat,6
2014-12-21,2014,12,Dec,Dec 2014,Q4,2014-12,21,Sun,7
2014-12-22,2014,12,Dec,Dec 2014,Q4,2014-12,22,Mon,1
2014-12-23,2014,12,Dec,Dec 2014,Q4,2014-12,23,Tue,2
2014-12-24,2014,12,Dec,Dec 2014,Q4,2014-12,24,Wed,3
2014-12-25,2014,12,Dec,Dec 2014,Q4,2014-12,25,Thu,4
2014-12-26,2014,12,Dec,Dec 2014,Q4,2014-12,26,Fri,5
2014-12-27,2014,12,Dec,Dec 2014,Q4,2014-12,27,Sat,6
2014-12-28,2014,12,Dec,Dec 2014,Q4,2014-12,28,Sun,7
2014-12-29,2014,12,Dec,Dec 2014,Q4,2014-12,29,Mon,1
2014-12-30,2014,12,Dec,Dec 2014,Q4,2014-12,30,Tue,2
2014-12-31,2014,12,Dec,Dec 2014,Q4,2014-12,31,Wed,3
2015-01-01,2015,1,Jan,Jan 2015,Q1,2015-01,1,Thu,4
2015-01-02,2015,1,Jan,Jan 2015,Q1,2015-01,2,Fri,5
2015-01-03,2015,1,Jan,Jan 2015,Q1,2015-01,3,Sat,6
2015-01-04,2015,1,Jan,Jan 2015,Q1,2015-01,4,Sun,7
2015-01-05,2015,1,Jan,Jan 2015,Q1,2015-01,5,Mon,1
2015-01-06,2015,1,Jan,Jan 2015,Q1,2015-01,6,Tue,2
2015-01-07,2015,1,Jan,Jan 2015,Q1,2015-01,7,Wed,3
2015-01-08,2015,1,Jan,Jan 2015,Q1,2015-01,8,Thu,4
2015-01-09,2015,1,Jan,Jan 2015,Q1,2015-01,9,Fri,5
2015-01-10,2015,1,Jan,Jan 2015,Q1,2015-01,10,Sat,6
2015-01-11,2015,1,Jan,Jan 2015,Q1,2015-01,11,Sun,7
2015-01-12,2015,1,Jan,Jan 2015,Q1,2015-01,12,Mon,1
2015-01-13,2015,1,Jan,Jan 2015,Q1,2015-01,13,Tue,2
2015-01-14,2015,1,Jan,Jan 2015,Q1,2015-01,14,Wed,3
2015-01-15,2015,1,Jan,Jan 2015,Q1,2015-01,15,Thu,4
2015-01-16,2015,1,Jan,Jan 2015,Q1,2015-01,16,Fri,5
2015-01-17,2015,1,Jan,Jan 2015,Q1,2015-01,17,Sat,6
2015-01-18,2015,1,Jan,Jan 2015,Q1,2015-01,18,Sun,7
2015-01-19,2015,1,Jan,Jan 2015,Q1,2015-01,19,Mon,1
2015-01-20,2015,1,Jan,Jan 2015,Q1,2015-01,20,Tue,2
2015-01-21,2015,1,Jan,Jan 2015,Q1,2015-01,21,Wed,3
2015-01-22,2015,1,Jan,Jan 2015,Q1,2015-01,22,Thu,4
2015-01-23,2015,1,Jan,Jan 2015,Q1,2015-01,23,Fri,5
2015-01-24,2015,1,Jan,Jan 2015,Q1,2015-01,24,Sat,6
2015-01-25,2015,1,Jan,Jan 2015,Q1,2015-01,25,Sun,7
2015-01-26,2015,1,Jan,Jan 2015,Q1,2015-01,26,Mon,1
2015-01-27,2015,1,Jan,Jan 2015,Q1,2015-01,27,Tue,2
2015-01-28,2015,1,Jan,Jan 2015,Q1,2015-01,28,Wed,3
2015-01-29,2015,1,Jan,Jan 2015,Q1,2015-01,29,Thu,4
2015-01-30,2015,1,Jan,Jan 2015,Q1,2015-01,30,Fri,5
2015-01-31,2015,1,Jan,Jan 2015,Q1,2015-01,31,Sat,6
2015-02-01,2015,2,Feb,Feb 2015,Q1,2015-02,1,Sun,7
2015-02-02,2015,2,Feb,Feb 2015,Q1,2015-02,2,Mon,1
2015-02-03,2015,2,Feb,Feb 2015,Q1,2015-02,3,Tue,2
2015-02-04,2015,2,Feb,Feb 2015,Q1,2015-02,4,Wed,3
2015-02-05,2015,2,Feb,Feb 2015,Q1,2015-02,5,Thu,4
2015-02-06,2015,2,Feb,Feb 2015,Q1,2015-02,6,Fri,5
2015-02-07,2015,2,Feb,Feb 2015,Q1,2015-02,7,Sat,6
2015-02-08,2015,2,Feb,Feb 2015,Q1,2015-02,8,Sun,7
2015-02-09,2015,2,Feb,Feb 2015,Q1,2015-02,9,Mon,1
2015-02-10,2015,2,Feb,Feb 2015,Q1,2015-02,10,Tue,2
2015-02-11,2015,2,Feb,Feb 2015,Q1,2015-02,11,Wed,3
2015-02-12,2015,2,Feb,Feb 2015,Q1,2015-02,12,Thu,4
2015-02-13,2015,2,Feb,Feb 2015,Q1,2015-02,13,Fri,5
2015-02-14,2015,2,Feb,Feb 2015,Q1,2015-02,14,Sat,6
2015-02-15,2015,2,Feb,Feb 2015,Q1,2015-02,15,Sun,7
2015-02-16,2015,2,Feb,Feb 2015,Q1,2015-02,16,Mon,1
2015-02-17,2015,2,Feb,Feb 2015,Q1,2015-02,17,Tue,2
2015-02-18,2015,2,Feb,Feb 2015,Q1,2015-02,18,Wed,3
2015-02-19,2015,2,Feb,Feb 2015,Q1,2015-02,19,Thu,4
2015-02-20,2015,2,Feb,Feb 2015,Q1,2015-02,20,Fri,5
2015-02-21,2015,2,Feb,Feb 2015,Q1,2015-02,21,Sat,6
2015-02-22,2015,2,Feb,Feb 2015,Q1,2015-02,22,Sun,7
2015-02-23,2015,2,Feb,Feb 2015,Q1,2015-02,23,Mon,1
2015-02-24,2015,2,Feb,Feb 2015,Q1,2015-02,24,Tue,2
2015-02-25,2015,2,Feb,Feb 2015,Q1,2015-02,25,Wed,3
2015-02-26,2015,2,Feb,Feb 2015,Q1,2015-02,26,Thu,4
2015-02-27,2015,2,Feb,Feb 2015,Q1,2015-02,27,Fri,5
2015-02-28,2015,2,Feb,Feb 2015,Q1,2015-02,28,Sat,6
2015-03-01,2015,3,Mar,Mar 2015,Q1,2015-03,1,Sun,7
2015-03-02,2015,3,Mar,Mar 2015,Q1,2015-03,2,Mon,1
2015-03-03,2015,3,Mar,Mar 2015,Q1,2015-03,3,Tue,2
2015-03-04,2015,3,Mar,Mar 2015,Q1,2015-03,4,Wed,3
2015-03-05,2015,3,Mar,Mar 2015,Q1,2015-03,5,Thu,4
2015-03-06,2015,3,Mar,Mar 2015,Q1,2015-03,6,Fri,5
2015-03-07,2015,3,Mar,Mar 2015,Q1,2015-03,7,Sat,6
2015-03-08,2015,3,Mar,Mar 2015,Q1,2015-03,8,Sun,7
2015-03-09,2015,3,Mar,Mar 2015,Q1,2015-03,9,Mon,1
2015-03-10,2015,3,Mar,Mar 2015,Q1,2015-03,10,Tue,2
2015-03-11,2015,3,Mar,Mar 2015,Q1,2015-03,11,Wed,3
2015-03-12,2015,3,Mar,Mar 2015,Q1,2015-03,12,Thu,4
2015-03-13,2015,3,Mar,Mar 2015,Q1,2015-03,13,Fri,5
2015-03-14,2015,3,Mar,Mar 2015,Q1,2015-03,14,Sat,6
2015-03-15,2015,3,Mar,Mar 2015,Q1,2015-03,15,Sun,7
2015-03-16,2015,3,Mar,Mar 2015,Q1,2015-03,16,Mon,1
2015-03-17,2015,3,Mar,Mar 2015,Q1,2015-03,17,Tue,2
2015-03-18,2015,3,Mar,Mar 2015,Q1,2015-03,18,Wed,3
2015-03-19,2015,3,Mar,Mar 2015,Q1,2015-03,19,Thu,4
2015-03-20,2015,3,Mar,Mar 2015,Q1,2015-03,20,Fri,5
2015-03-21,2015,3,Mar,Mar 2015,Q1,2015-03,21,Sat,6
2015-03-22,2015,3,Mar,Mar 2015,Q1,2015-03,22,Sun,7
2015-03-23,2015,3,Mar,Mar 2015,Q1,2015-03,23,Mon,1
2015-03-24,2015,3,Mar,Mar 2015,Q1,2015-03,24,Tue,2
2015-03-25,2015,3,Mar,Mar 2015,Q1,2015-03,25,Wed,3
2015-03-26,2015,3,Mar,Mar 2015,Q1,2015-03,26,Thu,4
2015-03-27,2015,3,Mar,Mar 2015,Q1,2015-03,27,Fri,5
2015-03-28,2015,3,Mar,Mar 2015,Q1,2015-03,28,Sat,6
2015-03-29,2015,3,Mar,Mar 2015,Q1,2015-03,29,Sun,7
2015-03-30,2015,3,Mar,Mar 2015,Q1,2015-03,30,Mon,1
2015-03-31,2015,3,Mar,Mar 2015,Q1,2015-03,31,Tue,2
2015-04-01,2015,4,Apr,Apr 2015,Q2,2015-04,1,Wed,3
2015-04-02,2015,4,Apr,Apr 2015,Q2,2015-04,2,Thu,4
2015-04-03,2015,4,Apr,Apr 2015,Q2,2015-04,3,Fri,5
2015-04-04,2015,4,Apr,Apr 2015,Q2,2015-04,4,Sat,6
2015-04-05,2015,4,Apr,Apr 2015,Q2,2015-04,5,Sun,7
2015-04-06,2015,4,Apr,Apr 2015,Q2,2015-04,6,Mon,1
2015-04-07,2015,4,Apr,Apr 2015,Q2,2015-04,7,Tue,2
2015-04-08,2015,4,Apr,Apr 2015,Q2,2015-04,8,Wed,3
2015-04-09,2015,4,Apr,Apr 2015,Q2,2015-04,9,Thu,4
2015-04-10,2015,4,Apr,Apr 2015,Q2,2015-04,10,Fri,5
2015-04-11,2015,4,Apr,Apr 2015,Q2,2015-04,11,Sat,6
2015-04-12,2015,4,Apr,Apr 2015,Q2,2015-04,12,Sun,7
2015-04-13,2015,4,Apr,Apr 2015,Q2,2015-04,13,Mon,1
2015-04-14,2015,4,Apr,Apr 2015,Q2,2015-04,14,Tue,2
2015-04-15,2015,4,Apr,Apr 2015,Q2,2015-04,15,Wed,3
2015-04-16,2015,4,Apr,Apr 2015,Q2,2015-04,16,Thu,4
2015-04-17,2015,4,Apr,Apr 2015,Q2,2015-04,17,Fri,5
2015-04-18,2015,4,Apr,Apr 2015,Q2,2015-04,18,Sat,6
2015-04-19,2015,4,Apr,Apr 2015,Q2,2015-04,19,Sun,7
2015-04-20,2015,4,Apr,Apr 2015,Q2,2015-04,20,Mon,1
2015-04-21,2015,4,Apr,Apr 2015,Q2,2015-04,21,Tue,2
2015-04-22,2015,4,Apr,Apr 2015,Q2,2015-04,22,Wed,3
2015-04-23,2015,4,Apr,Apr 2015,Q2,2015-04,23,Thu,4
2015-04-24,2015,4,Apr,Apr 2015,Q2,2015-04,24,Fri,5
2015-04-25,2015,4,Apr,Apr 2015,Q2,2015-04,25,Sat,6
2015-04-26,2015,4,Apr,Apr 2015,Q2,2015-04,26,Sun,7
2015-04-27,2015,4,Apr,Apr 2015,Q2,2015-04,27,Mon,1
2015-04-28,2015,4,Apr,Apr 2015,Q2,2015-04,28,Tue,2
2015-04-29,2015,4,Apr,Apr 2015,Q2,2015-04,29,Wed,3
2015-04-30,2015,4,Apr,Apr 2015,Q2,2015-04,30,Thu,4
2015-05-01,2015,5,May,May 2015,Q2,2015-05,1,Fri,5
2015-05-02,2015,5,May,May 2015,Q2,2015-05,2,Sat,6
2015-05-03,2015,5,May,May 2015,Q2,2015-05,3,Sun,7
2015-05-04,2015,5,May,May 2015,Q2,2015-05,4,Mon,1
2015-05-05,2015,5,May,May 2015,Q2,2015-05,5,Tue,2
2015-05-06,2015,5,May,May 2015,Q2,2015-05,6,Wed,3
2015-05-07,2015,5,May,May 2015,Q2,2015-05,7,Thu,4
2015-05-08,2015,5,May,May 2015,Q2,2015-05,8,Fri,5
2015-05-09,2015,5,May,May 2015,Q2,2015-05,9,Sat,6
2015-05-10,2015,5,May,May 2015,Q2,2015-05,10,Sun,7
2015-05-11,2015,5,May,May 2015,Q2,2015-05,11,Mon,1
2015-05-12,2015,5,May,May 2015,Q2,2015-05,12,Tue,2
2015-05-13,2015,5,May,May 2015,Q2,2015-05,13,Wed,3
2015-05-14,2015,5,May,May 2015,Q2,2015-05,14,Thu,4
2015-05-15,2015,5,May,May 2015,Q2,2015-05,15,Fri,5
2015-05-16,2015,5,May,May 2015,Q2,2015-05,16,Sat,6
2015-05-17,2015,5,May,May 2015,Q2,2015-05,17,Sun,7
2015-05-18,2015,5,May,May 2015,Q2,2015-05,18,Mon,1
2015-05-19,2015,5,May,May 2015,Q2,2015-05,19,Tue,2
2015-05-20,2015,5,May,May 2015,Q2,2015-05,20,Wed,3
2015-05-21,2015,5,May,May 2015,Q2,2015-05,21,Thu,4
2015-05-22,2015,5,May,May 2015,Q2,2015-05,22,Fri,5
2015-05-23,2015,5,May,May 2015,Q2,2015-05,23,Sat,6
2015-05-24,2015,5,May,May 2015,Q2,2015-05,24,Sun,7
2015-05-25,2015,5,May,May 2015,Q2,2015-05,25,Mon,1
2015-05-26,2015,5,May,May 2015,Q2,2015-05,26,Tue,2
2015-05-27,2015,5,May,May 2015,Q2,2015-05,27,Wed,3
2015-05-28,2015,5,May,May 2015,Q2,2015-05,28,Thu,4
2015-05-29,2015,5,May,May 2015,Q2,2015-05,29,Fri,5
2015-05-30,2015,5,May,May 2015,Q2,2015-05,30,Sat,6
2015-05-31,2015,5,May,May 2015,Q2,2015-05,31,Sun,7
2015-06-01,2015,6,Jun,Jun 2015,Q2,2015-06,1,Mon,1
2015-06-02,2015,6,Jun,Jun 2015,Q2,2015-06,2,Tue,2
2015-06-03,2015,6,Jun,Jun 2015,Q2,2015-06,3,Wed,3
2015-06-04,2015,6,Jun,Jun 2015,Q2,2015-06,4,Thu,4
2015-06-05,2015,6,Jun,Jun 2015,Q2,2015-06,5,Fri,5
2015-06-06,2015,6,Jun,Jun 2015,Q2,2015-06,6,Sat,6
2015-06-07,2015,6,Jun,Jun 2015,Q2,2015-06,7,Sun,7
2015-06-08,2015,6,Jun,Jun 2015,Q2,2015-06,8,Mon,1
2015-06-09,2015,6,Jun,Jun 2015,Q2,2015-06,9,Tue,2
2015-06-10,2015,6,Jun,Jun 2015,Q2,2015-06,10,Wed,3
2015-06-11,2015,6,Jun,Jun 2015,Q2,2015-06,11,Thu,4
2015-06-12,2015,6,Jun,Jun 2015,Q2,2015-06,12,Fri,5
2015-06-13,2015,6,Jun,Jun 2015,Q2,2015-06,13,Sat,6
2015-06-14,2015,6,Jun,Jun 2015,Q2,2015-06,14,Sun,7
2015-06-15,2015,6,Jun,Jun 2015,Q2,2015-06,15,Mon,1
2015-06-16,2015,6,Jun,Jun 2015,Q2,2015-06,16,Tue,2
2015-06-17,2015,6,Jun,Jun 2015,Q2,2015-06,17,Wed,3
2015-06-18,2015,6,Jun,Jun 2015,Q2,2015-06,18,Thu,4
2015-06-19,2015,6,Jun,Jun 2015,Q2,2015-06,19,Fri,5
2015-06-20,2015,6,Jun,Jun 2015,Q2,2015-06,20,Sat,6
2015-06-21,2015,6,Jun,Jun 2015,Q2,2015-06,21,Sun,7
2015-06-22,2015,6,Jun,Jun 2015,Q2,2015-06,22,Mon,1
2015-06-23,2015,6,Jun,Jun 2015,Q2,2015-06,23,Tue,2
2015-06-24,2015,6,Jun,Jun 2015,Q2,2015-06,24,Wed,3
2015-06-25,2015,6,Jun,Jun 2015,Q2,2015-06,25,Thu,4
2015-06-26,2015,6,Jun,Jun 2015,Q2,2015-06,26,Fri,5
2015-06-27,2015,6,Jun,Jun 2015,Q2,2015-06,27,Sat,6
2015-06-28,2015,6,Jun,Jun 2015,Q2,2015-06,28,Sun,7
2015-06-29,2015,6,Jun,Jun 2015,Q2,2015-06,29,Mon,1
2015-06-30,2015,6,Jun,Jun 2015,Q2,2015-06,30,Tue,2
2015-07-01,2015,7,Jul,Jul 2015,Q3,2015-07,1,Wed,3
2015-07-02,2015,7,Jul,Jul 2015,Q3,2015-07,2,Thu,4
2015-07-03,2015,7,Jul,Jul 2015,Q3,2015-07,3,Fri,5
2015-07-04,2015,7,Jul,Jul 2015,Q3,2015-07,4,Sat,6
2015-07-05,2015,7,Jul,Jul 2015,Q3,2015-07,5,Sun,7
2015-07-06,2015,7,Jul,Jul 2015,Q3,2015-07,6,Mon,1
2015-07-07,2015,7,Jul,Jul 2015,Q3,2015-07,7,Tue,2
2015-07-08,2015,7,Jul,Jul 2015,Q3,2015-07,8,Wed,3
2015-07-09,2015,7,Jul,Jul 2015,Q3,2015-07,9,Thu,4
2015-07-10,2015,7,Jul,Jul 2015,Q3,2015-07,10,Fri,5
2015-07-11,2015,7,Jul,Jul 2015,Q3,2015-07,11,Sat,6
2015-07-12,2015,7,Jul,Jul 2015,Q3,2015-07,12,Sun,7
2015-07-13,2015,7,Jul,Jul 2015,Q3,2015-07,13,Mon,1
2015-07-14,2015,7,Jul,Jul 2015,Q3,2015-07,14,Tue,2
2015-07-15,2015,7,Jul,Jul 2015,Q3,2015-07,15,Wed,3
2015-07-16,2015,7,Jul,Jul 2015,Q3,2015-07,16,Thu,4
2015-07-17,2015,7,Jul,Jul 2015,Q3,2015-07,17,Fri,5
2015-07-18,2015,7,Jul,Jul 2015,Q3,2015-07,18,Sat,6
2015-07-19,2015,7,Jul,Jul 2015,Q3,2015-07,19,Sun,7
2015-07-20,2015,7,Jul,Jul 2015,Q3,2015-07,20,Mon,1
2015-07-21,2015,7,Jul,Jul 2015,Q3,2015-07,21,Tue,2
2015-07-22,2015,7,Jul,Jul 2015,Q3,2015-07,22,Wed,3
2015-07-23,2015,7,Jul,Jul 2015,Q3,2015-07,23,Thu,4
2015-07-24,2015,7,Jul,Jul 2015,Q3,2015-07,24,Fri,5
2015-07-25,2015,7,Jul,Jul 2015,Q3,2015-07,25,Sat,6
2015-07-26,2015,7,Jul,Jul 2015,Q3,2015-07,26,Sun,7
2015-07-27,2015,7,Jul,Jul 2015,Q3,2015-07,27,Mon,1
2015-07-28,2015,7,Jul,Jul 2015,Q3,2015-07,28,Tue,2
2015-07-29,2015,7,Jul,Jul 2015,Q3,2015-07,29,Wed,3
2015-07-30,2015,7,Jul,Jul 2015,Q3,2015-07,30,Thu,4
2015-07-31,2015,7,Jul,Jul 2015,Q3,2015-07,31,Fri,5
2015-08-01,2015,8,Aug,Aug 2015,Q3,2015-08,1,Sat,6
2015-08-02,2015,8,Aug,Aug 2015,Q3,2015-08,2,Sun,7
2015-08-03,2015,8,Aug,Aug 2015,Q3,2015-08,3,Mon,1
2015-08-04,2015,8,Aug,Aug 2015,Q3,2015-08,4,Tue,2
2015-08-05,2015,8,Aug,Aug 2015,Q3,2015-08,5,Wed,3
2015-08-06,2015,8,Aug,Aug 2015,Q3,2015-08,6,Thu,4
2015-08-07,2015,8,Aug,Aug 2015,Q3,2015-08,7,Fri,5
2015-08-08,2015,8,Aug,Aug 2015,Q3,2015-08,8,Sat,6
2015-08-09,2015,8,Aug,Aug 2015,Q3,2015-08,9,Sun,7
2015-08-10,2015,8,Aug,Aug 2015,Q3,2015-08,10,Mon,1
2015-08-11,2015,8,Aug,Aug 2015,Q3,2015-08,11,Tue,2
2015-08-12,2015,8,Aug,Aug 2015,Q3,2015-08,12,Wed,3
2015-08-13,2015,8,Aug,Aug 2015,Q3,2015-08,13,Thu,4
2015-08-14,2015,8,Aug,Aug 2015,Q3,2015-08,14,Fri,5
2015-08-15,2015,8,Aug,Aug 2015,Q3,2015-08,15,Sat,6
2015-08-16,2015,8,Aug,Aug 2015,Q3,2015-08,16,Sun,7
2015-08-17,2015,8,Aug,Aug 2015,Q3,2015-08,17,Mon,1
2015-08-18,2015,8,Aug,Aug 2015,Q3,2015-08,18,Tue,2
2015-08-19,2015,8,Aug,Aug 2015,Q3,2015-08,19,Wed,3
2015-08-20,2015,8,Aug,Aug 2015,Q3,2015-08,20,Thu,4
2015-08-21,2015,8,Aug,Aug 2015,Q3,2015-08,21,Fri,5
2015-08-22,2015,8,Aug,Aug 2015,Q3,2015-08,22,Sat,6
2015-08-23,2015,8,Aug,Aug 2015,Q3,2015-08,23,Sun,7
2015-08-24,2015,8,Aug,Aug 2015,Q3,2015-08,24,Mon,1
2015-08-25,2015,8,Aug,Aug 2015,Q3,2015-08,25,Tue,2
2015-08-26,2015,8,Aug,Aug 2015,Q3,2015-08,26,Wed,3
2015-08-27,2015,8,Aug,Aug 2015,Q3,2015-08,27,Thu,4
2015-08-28,2015,8,Aug,Aug 2015,Q3,2015-08,28,Fri,5
2015-08-29,2015,8,Aug,Aug 2015,Q3,2015-08,29,Sat,6
2015-08-30,2015,8,Aug,Aug 2015,Q3,2015-08,30,Sun,7
2015-08-31,2015,8,Aug,Aug 2015,Q3,2015-08,31,Mon,1
2015-09-01,2015,9,Sep,Sep 2015,Q3,2015-09,1,Tue,2
2015-09-02,2015,9,Sep,Sep 2015,Q3,2015-09,2,Wed,3
2015-09-03,2015,9,Sep,Sep 2015,Q3,2015-09,3,Thu,4
2015-09-04,2015,9,Sep,Sep 2015,Q3,2015-09,4,Fri,5
2015-09-05,2015,9,Sep,Sep 2015,Q3,2015-09,5,Sat,6
2015-09-06,2015,9,Sep,Sep 2015,Q3,2015-09,6,Sun,7
2015-09-07,2015,9,Sep,Sep 2015,Q3,2015-09,7,Mon,1
2015-09-08,2015,9,Sep,Sep 2015,Q3,2015-09,8,Tue,2
2015-09-09,2015,9,Sep,Sep 2015,Q3,2015-09,9,Wed,3
2015-09-10,2015,9,Sep,Sep 2015,Q3,2015-09,10,Thu,4
2015-09-11,2015,9,Sep,Sep 2015,Q3,2015-09,11,Fri,5
2015-09-12,2015,9,Sep,Sep 2015,Q3,2015-09,12,Sat,6
2015-09-13,2015,9,Sep,Sep 2015,Q3,2015-09,13,Sun,7
2015-09-14,2015,9,Sep,Sep 2015,Q3,2015-09,14,Mon,1
2015-09-15,2015,9,Sep,Sep 2015,Q3,2015-09,15,Tue,2
2015-09-16,2015,9,Sep,Sep 2015,Q3,2015-09,16,Wed,3
2015-09-17,2015,9,Sep,Sep 2015,Q3,2015-09,17,Thu,4
2015-09-18,2015,9,Sep,Sep 2015,Q3,2015-09,18,Fri,5
2015-09-19,2015,9,Sep,Sep 2015,Q3,2015-09,19,Sat,6
2015-09-20,2015,9,Sep,Sep 2015,Q3,2015-09,20,Sun,7
2015-09-21,2015,9,Sep,Sep 2015,Q3,2015-09,21,Mon,1
2015-09-22,2015,9,Sep,Sep 2015,Q3,2015-09,22,Tue,2
2015-09-23,2015,9,Sep,Sep 2015,Q3,2015-09,23,Wed,3
2015-09-24,2015,9,Sep,Sep 2015,Q3,2015-09,24,Thu,4
2015-09-25,2015,9,Sep,Sep 2015,Q3,2015-09,25,Fri,5
2015-09-26,2015,9,Sep,Sep 2015,Q3,2015-09,26,Sat,6
2015-09-27,2015,9,Sep,Sep 2015,Q3,2015-09,27,Sun,7
2015-09-28,2015,9,Sep,Sep 2015,Q3,2015-09,28,Mon,1
2015-09-29,2015,9,Sep,Sep 2015,Q3,2015-09,29,Tue,2
2015-09-30,2015,9,Sep,Sep 2015,Q3,2015-09,30,Wed,3
2015-10-01,2015,10,Oct,Oct 2015,Q4,2015-10,1,Thu,4
2015-10-02,2015,10,Oct,Oct 2015,Q4,2015-10,2,Fri,5
2015-10-03,2015,10,Oct,Oct 2015,Q4,2015-10,3,Sat,6
2015-10-04,2015,10,Oct,Oct 2015,Q4,2015-10,4,Sun,7
2015-10-05,2015,10,Oct,Oct 2015,Q4,2015-10,5,Mon,1
2015-10-06,2015,10,Oct,Oct 2015,Q4,2015-10,6,Tue,2
2015-10-07,2015,10,Oct,Oct 2015,Q4,2015-10,7,Wed,3
2015-10-08,2015,10,Oct,Oct 2015,Q4,2015-10,8,Thu,4
2015-10-09,2015,10,Oct,Oct 2015,Q4,2015-10,9,Fri,5
2015-10-10,2015,10,Oct,Oct 2015,Q4,2015-10,10,Sat,6
2015-10-11,2015,10,Oct,Oct 2015,Q4,2015-10,11,Sun,7
2015-10-12,2015,10,Oct,Oct 2015,Q4,2015-10,12,Mon,1
2015-10-13,2015,10,Oct,Oct 2015,Q4,2015-10,13,Tue,2
2015-10-14,2015,10,Oct,Oct 2015,Q4,2015-10,14,Wed,3
2015-10-15,2015,10,Oct,Oct 2015,Q4,2015-10,15,Thu,4
2015-10-16,2015,10,Oct,Oct 2015,Q4,2015-10,16,Fri,5
2015-10-17,2015,10,Oct,Oct 2015,Q4,2015-10,17,Sat,6
2015-10-18,2015,10,Oct,Oct 2015,Q4,2015-10,18,Sun,7
2015-10-19,2015,10,Oct,Oct 2015,Q4,2015-10,19,Mon,1
2015-10-20,2015,10,Oct,Oct 2015,Q4,2015-10,20,Tue,2
2015-10-21,2015,10,Oct,Oct 2015,Q4,2015-10,21,Wed,3
2015-10-22,2015,10,Oct,Oct 2015,Q4,2015-10,22,Thu,4
2015-10-23,2015,10,Oct,Oct 2015,Q4,2015-10,23,Fri,5
2015-10-24,2015,10,Oct,Oct 2015,Q4,2015-10,24,Sat,6
2015-10-25,2015,10,Oct,Oct 2015,Q4,2015-10,25,Sun,7
2015-10-26,2015,10,Oct,Oct 2015,Q4,2015-10,26,Mon,1
2015-10-27,2015,10,Oct,Oct 2015,Q4,2015-10,27,Tue,2
2015-10-28,2015,10,Oct,Oct 2015,Q4,2015-10,28,Wed,3
2015-10-29,2015,10,Oct,Oct 2015,Q4,2015-10,29,Thu,4
2015-10-30,2015,10,Oct,Oct 2015,Q4,2015-10,30,Fri,5
2015-10-31,2015,10,Oct,Oct 2015,Q4,2015-10,31,Sat,6
2015-11-01,2015,11,Nov,Nov 2015,Q4,2015-11,1,Sun,7
2015-11-02,2015,11,Nov,Nov 2015,Q4,2015-11,2,Mon,1
2015-11-03,2015,11,Nov,Nov 2015,Q4,2015-11,3,Tue,2
2015-11-04,2015,11,Nov,Nov 2015,Q4,2015-11,4,Wed,3
2015-11-05,2015,11,Nov,Nov 2015,Q4,2015-11,5,Thu,4
2015-11-06,2015,11,Nov,Nov 2015,Q4,2015-11,6,Fri,5
2015-11-07,2015,11,Nov,Nov 2015,Q4,2015-11,7,Sat,6
2015-11-08,2015,11,Nov,Nov 2015,Q4,2015-11,8,Sun,7
2015-11-09,2015,11,Nov,Nov 2015,Q4,2015-11,9,Mon,1
2015-11-10,2015,11,Nov,Nov 2015,Q4,2015-11,10,Tue,2
2015-11-11,2015,11,Nov,Nov 2015,Q4,2015-11,11,Wed,3
2015-11-12,2015,11,Nov,Nov 2015,Q4,2015-11,12,Thu,4
2015-11-13,2015,11,Nov,Nov 2015,Q4,2015-11,13,Fri,5
2015-11-14,2015,11,Nov,Nov 2015,Q4,2015-11,14,Sat,6
2015-11-15,2015,11,Nov,Nov 2015,Q4,2015-11,15,Sun,7
2015-11-16,2015,11,Nov,Nov 2015,Q4,2015-11,16,Mon,1
2015-11-17,2015,11,Nov,Nov 2015,Q4,2015-11,17,Tue,2
2015-11-18,2015,11,Nov,Nov 2015,Q4,2015-11,18,Wed,3
2015-11-19,2015,11,Nov,Nov 2015,Q4,2015-11,19,Thu,4
2015-11-20,2015,11,Nov,Nov 2015,Q4,2015-11,20,Fri,5
2015-11-21,2015,11,Nov,Nov 2015,Q4,2015-11,21,Sat,6
2015-11-22,2015,11,Nov,Nov 2015,Q4,2015-11,22,Sun,7
2015-11-23,2015,11,Nov,Nov 2015,Q4,2015-11,23,Mon,1
2015-11-24,2015,11,Nov,Nov 2015,Q4,2015-11,24,Tue,2
2015-11-25,2015,11,Nov,Nov 2015,Q4,2015-11,25,Wed,3
2015-11-26,2015,11,Nov,Nov 2015,Q4,2015-11,26,Thu,4
2015-11-27,2015,11,Nov,Nov 2015,Q4,2015-11,27,Fri,5
2015-11-28,2015,11,Nov,Nov 2015,Q4,2015-11,28,Sat,6
2015-11-29,2015,11,Nov,Nov 2015,Q4,2015-11,29,Sun,7
2015-11-30,2015,11,Nov,Nov 2015,Q4,2015-11,30,Mon,1
2015-12-01,2015,12,Dec,Dec 2015,Q4,2015-12,1,Tue,2
2015-12-02,2015,12,Dec,Dec 2015,Q4,2015-12,2,Wed,3
2015-12-03,2015,12,Dec,Dec 2015,Q4,2015-12,3,Thu,4
2015-12-04,2015,12,Dec,Dec 2015,Q4,2015-12,4,Fri,5
2015-12-05,2015,12,Dec,Dec 2015,Q4,2015-12,5,Sat,6
2015-12-06,2015,12,Dec,Dec 2015,Q4,2015-12,6,Sun,7
2015-12-07,2015,12,Dec,Dec 2015,Q4,2015-12,7,Mon,1
2015-12-08,2015,12,Dec,Dec 2015,Q4,2015-12,8,Tue,2
2015-12-09,2015,12,Dec,Dec 2015,Q4,2015-12,9,Wed,3
2015-12-10,2015,12,Dec,Dec 2015,Q4,2015-12,10,Thu,4
2015-12-11,2015,12,Dec,Dec 2015,Q4,2015-12,11,Fri,5
2015-12-12,2015,12,Dec,Dec 2015,Q4,2015-12,12,Sat,6
2015-12-13,2015,12,Dec,Dec 2015,Q4,2015-12,13,Sun,7
2015-12-14,2015,12,Dec,Dec 2015,Q4,2015-12,14,Mon,1
2015-12-15,2015,12,Dec,Dec 2015,Q4,2015-12,15,Tue,2
2015-12-16,2015,12,Dec,Dec 2015,Q4,2015-12,16,Wed,3
2015-12-17,2015,12,Dec,Dec 2015,Q4,2015-12,17,Thu,4
2015-12-18,2015,12,Dec,Dec 2015,Q4,2015-12,18,Fri,5
2015-12-19,2015,12,Dec,Dec 2015,Q4,2015-12,19,Sat,6
2015-12-20,2015,12,Dec,Dec 2015,Q4,2015-12,20,Sun,7
2015-12-21,2015,12,Dec,Dec 2015,Q4,2015-12,21,Mon,1
2015-12-22,2015,12,Dec,Dec 2015,Q4,2015-12,22,Tue,2
2015-12-23,2015,12,Dec,Dec 2015,Q4,2015-12,23,Wed,3
2015-12-24,2015,12,Dec,Dec 2015,Q4,2015-12,24,Thu,4
2015-12-25,2015,12,Dec,Dec 2015,Q4,2015-12,25,Fri,5
2015-12-26,2015,12,Dec,Dec 2015,Q4,2015-12,26,Sat,6
2015-12-27,2015,12,Dec,Dec 2015,Q4,2015-12,27,Sun,7
2015-12-28,2015,12,Dec,Dec 2015,Q4,2015-12,28,Mon,1
2015-12-29,2015,12,Dec,Dec 2015,Q4,2015-12,29,Tue,2
2015-12-30,2015,12,Dec,Dec 2015,Q4,2015-12,30,Wed,3
2015-12-31,2015,12,Dec,Dec 2015,Q4,2015-12,31,Thu,4
2016-01-01,2016,1,Jan,Jan 2016,Q1,2016-01,1,Fri,5
2016-01-02,2016,1,Jan,Jan 2016,Q1,2016-01,2,Sat,6
2016-01-03,2016,1,Jan,Jan 2016,Q1,2016-01,3,Sun,7
2016-01-04,2016,1,Jan,Jan 2016,Q1,2016-01,4,Mon,1
2016-01-05,2016,1,Jan,Jan 2016,Q1,2016-01,5,Tue,2
2016-01-06,2016,1,Jan,Jan 2016,Q1,2016-01,6,Wed,3
2016-01-07,2016,1,Jan,Jan 2016,Q1,2016-01,7,Thu,4
2016-01-08,2016,1,Jan,Jan 2016,Q1,2016-01,8,Fri,5
2016-01-09,2016,1,Jan,Jan 2016,Q1,2016-01,9,Sat,6
2016-01-10,2016,1,Jan,Jan 2016,Q1,2016-01,10,Sun,7
2016-01-11,2016,1,Jan,Jan 2016,Q1,2016-01,11,Mon,1
2016-01-12,2016,1,Jan,Jan 2016,Q1,2016-01,12,Tue,2
2016-01-13,2016,1,Jan,Jan 2016,Q1,2016-01,13,Wed,3
2016-01-14,2016,1,Jan,Jan 2016,Q1,2016-01,14,Thu,4
2016-01-15,2016,1,Jan,Jan 2016,Q1,2016-01,15,Fri,5
2016-01-16,2016,1,Jan,Jan 2016,Q1,2016-01,16,Sat,6
2016-01-17,2016,1,Jan,Jan 2016,Q1,2016-01,17,Sun,7
2016-01-18,2016,1,Jan,Jan 2016,Q1,2016-01,18,Mon,1
2016-01-19,2016,1,Jan,Jan 2016,Q1,2016-01,19,Tue,2
2016-01-20,2016,1,Jan,Jan 2016,Q1,2016-01,20,Wed,3
2016-01-21,2016,1,Jan,Jan 2016,Q1,2016-01,21,Thu,4
2016-01-22,2016,1,Jan,Jan 2016,Q1,2016-01,22,Fri,5
2016-01-23,2016,1,Jan,Jan 2016,Q1,2016-01,23,Sat,6
2016-01-24,2016,1,Jan,Jan 2016,Q1,2016-01,24,Sun,7
2016-01-25,2016,1,Jan,Jan 2016,Q1,2016-01,25,Mon,1
2016-01-26,2016,1,Jan,Jan 2016,Q1,2016-01,26,Tue,2
2016-01-27,2016,1,Jan,Jan 2016,Q1,2016-01,27,Wed,3
2016-01-28,2016,1,Jan,Jan 2016,Q1,2016-01,28,Thu,4
2016-01-29,2016,1,Jan,Jan 2016,Q1,2016-01,29,Fri,5
2016-01-30,2016,1,Jan,Jan 2016,Q1,2016-01,30,Sat,6
2016-01-31,2016,1,Jan,Jan 2016,Q1,2016-01,31,Sun,7
2016-02-01,2016,2,Feb,Feb 2016,Q1,2016-02,1,Mon,1
2016-02-02,2016,2,Feb,Feb 2016,Q1,2016-02,2,Tue,2
2016-02-03,2016,2,Feb,Feb 2016,Q1,2016-02,3,Wed,3
2016-02-04,2016,2,Feb,Feb 2016,Q1,2016-02,4,Thu,4
2016-02-05,2016,2,Feb,Feb 2016,Q1,2016-02,5,Fri,5
2016-02-06,2016,2,Feb,Feb 2016,Q1,2016-02,6,Sat,6
2016-02-07,2016,2,Feb,Feb 2016,Q1,2016-02,7,Sun,7
2016-02-08,2016,2,Feb,Feb 2016,Q1,2016-02,8,Mon,1
2016-02-09,2016,2,Feb,Feb 2016,Q1,2016-02,9,Tue,2
2016-02-10,2016,2,Feb,Feb 2016,Q1,2016-02,10,Wed,3
2016-02-11,2016,2,Feb,Feb 2016,Q1,2016-02,11,Thu,4
2016-02-12,2016,2,Feb,Feb 2016,Q1,2016-02,12,Fri,5
2016-02-13,2016,2,Feb,Feb 2016,Q1,2016-02,13,Sat,6
2016-02-14,2016,2,Feb,Feb 2016,Q1,2016-02,14,Sun,7
2016-02-15,2016,2,Feb,Feb 2016,Q1,2016-02,15,Mon,1
2016-02-16,2016,2,Feb,Feb 2016,Q1,2016-02,16,Tue,2
2016-02-17,2016,2,Feb,Feb 2016,Q1,2016-02,17,Wed,3
2016-02-18,2016,2,Feb,Feb 2016,Q1,2016-02,18,Thu,4
2016-02-19,2016,2,Feb,Feb 2016,Q1,2016-02,19,Fri,5
2016-02-20,2016,2,Feb,Feb 2016,Q1,2016-02,20,Sat,6
2016-02-21,2016,2,Feb,Feb 2016,Q1,2016-02,21,Sun,7
2016-02-22,2016,2,Feb,Feb 2016,Q1,2016-02,22,Mon,1
2016-02-23,2016,2,Feb,Feb 2016,Q1,2016-02,23,Tue,2
2016-02-24,2016,2,Feb,Feb 2016,Q1,2016-02,24,Wed,3
2016-02-25,2016,2,Feb,Feb 2016,Q1,2016-02,25,Thu,4
2016-02-26,2016,2,Feb,Feb 2016,Q1,2016-02,26,Fri,5
2016-02-27,2016,2,Feb,Feb 2016,Q1,2016-02,27,Sat,6
2016-02-28,2016,2,Feb,Feb 2016,Q1,2016-02,28,Sun,7
2016-02-29,2016,2,Feb,Feb 2016,Q1,2016-02,29,Mon,1
2016-03-01,2016,3,Mar,Mar 2016,Q1,2016-03,1,Tue,2
2016-03-02,2016,3,Mar,Mar 2016,Q1,2016-03,2,Wed,3
2016-03-03,2016,3,Mar,Mar 2016,Q1,2016-03,3,Thu,4
2016-03-04,2016,3,Mar,Mar 2016,Q1,2016-03,4,Fri,5
2016-03-05,2016,3,Mar,Mar 2016,Q1,2016-03,5,Sat,6
2016-03-06,2016,3,Mar,Mar 2016,Q1,2016-03,6,Sun,7
2016-03-07,2016,3,Mar,Mar 2016,Q1,2016-03,7,Mon,1
2016-03-08,2016,3,Mar,Mar 2016,Q1,2016-03,8,Tue,2
2016-03-09,2016,3,Mar,Mar 2016,Q1,2016-03,9,Wed,3
2016-03-10,2016,3,Mar,Mar 2016,Q1,2016-03,10,Thu,4
2016-03-11,2016,3,Mar,Mar 2016,Q1,2016-03,11,Fri,5
2016-03-12,2016,3,Mar,Mar 2016,Q1,2016-03,12,Sat,6
2016-03-13,2016,3,Mar,Mar 2016,Q1,2016-03,13,Sun,7
2016-03-14,2016,3,Mar,Mar 2016,Q1,2016-03,14,Mon,1
2016-03-15,2016,3,Mar,Mar 2016,Q1,2016-03,15,Tue,2
2016-03-16,2016,3,Mar,Mar 2016,Q1,2016-03,16,Wed,3
2016-03-17,2016,3,Mar,Mar 2016,Q1,2016-03,17,Thu,4
2016-03-18,2016,3,Mar,Mar 2016,Q1,2016-03,18,Fri,5
2016-03-19,2016,3,Mar,Mar 2016,Q1,2016-03,19,Sat,6
2016-03-20,2016,3,Mar,Mar 2016,Q1,2016-03,20,Sun,7
2016-03-21,2016,3,Mar,Mar 2016,Q1,2016-03,21,Mon,1
2016-03-22,2016,3,Mar,Mar 2016,Q1,2016-03,22,Tue,2
2016-03-23,2016,3,Mar,Mar 2016,Q1,2016-03,23,Wed,3
2016-03-24,2016,3,Mar,Mar 2016,Q1,2016-03,24,Thu,4
2016-03-25,2016,3,Mar,Mar 2016,Q1,2016-03,25,Fri,5
2016-03-26,2016,3,Mar,Mar 2016,Q1,2016-03,26,Sat,6
2016-03-27,2016,3,Mar,Mar 2016,Q1,2016-03,27,Sun,7
2016-03-28,2016,3,Mar,Mar 2016,Q1,2016-03,28,Mon,1
2016-03-29,2016,3,Mar,Mar 2016,Q1,2016-03,29,Tue,2
2016-03-30,2016,3,Mar,Mar 2016,Q1,2016-03,30,Wed,3
2016-03-31,2016,3,Mar,Mar 2016,Q1,2016-03,31,Thu,4
2016-04-01,2016,4,Apr,Apr 2016,Q2,2016-04,1,Fri,5
2016-04-02,2016,4,Apr,Apr 2016,Q2,2016-04,2,Sat,6
2016-04-03,2016,4,Apr,Apr 2016,Q2,2016-04,3,Sun,7
2016-04-04,2016,4,Apr,Apr 2016,Q2,2016-04,4,Mon,1
2016-04-05,2016,4,Apr,Apr 2016,Q2,2016-04,5,Tue,2
2016-04-06,2016,4,Apr,Apr 2016,Q2,2016-04,6,Wed,3
2016-04-07,2016,4,Apr,Apr 2016,Q2,2016-04,7,Thu,4
2016-04-08,2016,4,Apr,Apr 2016,Q2,2016-04,8,Fri,5
2016-04-09,2016,4,Apr,Apr 2016,Q2,2016-04,9,Sat,6
2016-04-10,2016,4,Apr,Apr 2016,Q2,2016-04,10,Sun,7
2016-04-11,2016,4,Apr,Apr 2016,Q2,2016-04,11,Mon,1
2016-04-12,2016,4,Apr,Apr 2016,Q2,2016-04,12,Tue,2
2016-04-13,2016,4,Apr,Apr 2016,Q2,2016-04,13,Wed,3
2016-04-14,2016,4,Apr,Apr 2016,Q2,2016-04,14,Thu,4
2016-04-15,2016,4,Apr,Apr 2016,Q2,2016-04,15,Fri,5
2016-04-16,2016,4,Apr,Apr 2016,Q2,2016-04,16,Sat,6
2016-04-17,2016,4,Apr,Apr 2016,Q2,2016-04,17,Sun,7
2016-04-18,2016,4,Apr,Apr 2016,Q2,2016-04,18,Mon,1
2016-04-19,2016,4,Apr,Apr 2016,Q2,2016-04,19,Tue,2
2016-04-20,2016,4,Apr,Apr 2016,Q2,2016-04,20,Wed,3
2016-04-21,2016,4,Apr,Apr 2016,Q2,2016-04,21,Thu,4
2016-04-22,2016,4,Apr,Apr 2016,Q2,2016-04,22,Fri,5
2016-04-23,2016,4,Apr,Apr 2016,Q2,2016-04,23,Sat,6
2016-04-24,2016,4,Apr,Apr 2016,Q2,2016-04,24,Sun,7
2016-04-25,2016,4,Apr,Apr 2016,Q2,2016-04,25,Mon,1
2016-04-26,2016,4,Apr,Apr 2016,Q2,2016-04,26,Tue,2
2016-04-27,2016,4,Apr,Apr 2016,Q2,2016-04,27,Wed,3
2016-04-28,2016,4,Apr,Apr 2016,Q2,2016-04,28,Thu,4
2016-04-29,2016,4,Apr,Apr 2016,Q2,2016-04,29,Fri,5
2016-04-30,2016,4,Apr,Apr 2016,Q2,2016-04,30,Sat,6
2016-05-01,2016,5,May,May 2016,Q2,2016-05,1,Sun,7
2016-05-02,2016,5,May,May 2016,Q2,2016-05,2,Mon,1
2016-05-03,2016,5,May,May 2016,Q2,2016-05,3,Tue,2
2016-05-04,2016,5,May,May 2016,Q2,2016-05,4,Wed,3
2016-05-05,2016,5,May,May 2016,Q2,2016-05,5,Thu,4
2016-05-06,2016,5,May,May 2016,Q2,2016-05,6,Fri,5
2016-05-07,2016,5,May,May 2016,Q2,2016-05,7,Sat,6
2016-05-08,2016,5,May,May 2016,Q2,2016-05,8,Sun,7
2016-05-09,2016,5,May,May 2016,Q2,2016-05,9,Mon,1
2016-05-10,2016,5,May,May 2016,Q2,2016-05,10,Tue,2
2016-05-11,2016,5,May,May 2016,Q2,2016-05,11,Wed,3
2016-05-12,2016,5,May,May 2016,Q2,2016-05,12,Thu,4
2016-05-13,2016,5,May,May 2016,Q2,2016-05,13,Fri,5
2016-05-14,2016,5,May,May 2016,Q2,2016-05,14,Sat,6
2016-05-15,2016,5,May,May 2016,Q2,2016-05,15,Sun,7
2016-05-16,2016,5,May,May 2016,Q2,2016-05,16,Mon,1
2016-05-17,2016,5,May,May 2016,Q2,2016-05,17,Tue,2
2016-05-18,2016,5,May,May 2016,Q2,2016-05,18,Wed,3
2016-05-19,2016,5,May,May 2016,Q2,2016-05,19,Thu,4
2016-05-20,2016,5,May,May 2016,Q2,2016-05,20,Fri,5
2016-05-21,2016,5,May,May 2016,Q2,2016-05,21,Sat,6
2016-05-22,2016,5,May,May 2016,Q2,2016-05,22,Sun,7
2016-05-23,2016,5,May,May 2016,Q2,2016-05,23,Mon,1
2016-05-24,2016,5,May,May 2016,Q2,2016-05,24,Tue,2
2016-05-25,2016,5,May,May 2016,Q2,2016-05,25,Wed,3
2016-05-26,2016,5,May,May 2016,Q2,2016-05,26,Thu,4
2016-05-27,2016,5,May,May 2016,Q2,2016-05,27,Fri,5
2016-05-28,2016,5,May,May 2016,Q2,2016-05,28,Sat,6
2016-05-29,2016,5,May,May 2016,Q2,2016-05,29,Sun,7
2016-05-30,2016,5,May,May 2016,Q2,2016-05,30,Mon,1
2016-05-31,2016,5,May,May 2016,Q2,2016-05,31,Tue,2
2016-06-01,2016,6,Jun,Jun 2016,Q2,2016-06,1,Wed,3
2016-06-02,2016,6,Jun,Jun 2016,Q2,2016-06,2,Thu,4
2016-06-03,2016,6,Jun,Jun 2016,Q2,2016-06,3,Fri,5
2016-06-04,2016,6,Jun,Jun 2016,Q2,2016-06,4,Sat,6
2016-06-05,2016,6,Jun,Jun 2016,Q2,2016-06,5,Sun,7
2016-06-06,2016,6,Jun,Jun 2016,Q2,2016-06,6,Mon,1
2016-06-07,2016,6,Jun,Jun 2016,Q2,2016-06,7,Tue,2
2016-06-08,2016,6,Jun,Jun 2016,Q2,2016-06,8,Wed,3
2016-06-09,2016,6,Jun,Jun 2016,Q2,2016-06,9,Thu,4
2016-06-10,2016,6,Jun,Jun 2016,Q2,2016-06,10,Fri,5
2016-06-11,2016,6,Jun,Jun 2016,Q2,2016-06,11,Sat,6
2016-06-12,2016,6,Jun,Jun 2016,Q2,2016-06,12,Sun,7
2016-06-13,2016,6,Jun,Jun 2016,Q2,2016-06,13,Mon,1
2016-06-14,2016,6,Jun,Jun 2016,Q2,2016-06,14,Tue,2
2016-06-15,2016,6,Jun,Jun 2016,Q2,2016-06,15,Wed,3
2016-06-16,2016,6,Jun,Jun 2016,Q2,2016-06,16,Thu,4
2016-06-17,2016,6,Jun,Jun 2016,Q2,2016-06,17,Fri,5
2016-06-18,2016,6,Jun,Jun 2016,Q2,2016-06,18,Sat,6
2016-06-19,2016,6,Jun,Jun 2016,Q2,2016-06,19,Sun,7
2016-06-20,2016,6,Jun,Jun 2016,Q2,2016-06,20,Mon,1
2016-06-21,2016,6,Jun,Jun 2016,Q2,2016-06,21,Tue,2
2016-06-22,2016,6,Jun,Jun 2016,Q2,2016-06,22,Wed,3
2016-06-23,2016,6,Jun,Jun 2016,Q2,2016-06,23,Thu,4
2016-06-24,2016,6,Jun,Jun 2016,Q2,2016-06,24,Fri,5
2016-06-25,2016,6,Jun,Jun 2016,Q2,2016-06,25,Sat,6
2016-06-26,2016,6,Jun,Jun 2016,Q2,2016-06,26,Sun,7
2016-06-27,2016,6,Jun,Jun 2016,Q2,2016-06,27,Mon,1
2016-06-28,2016,6,Jun,Jun 2016,Q2,2016-06,28,Tue,2
2016-06-29,2016,6,Jun,Jun 2016,Q2,2016-06,29,Wed,3
2016-06-30,2016,6,Jun,Jun 2016,Q2,2016-06,30,Thu,4
2016-07-01,2016,7,Jul,Jul 2016,Q3,2016-07,1,Fri,5
2016-07-02,2016,7,Jul,Jul 2016,Q3,2016-07,2,Sat,6
2016-07-03,2016,7,Jul,Jul 2016,Q3,2016-07,3,Sun,7
2016-07-04,2016,7,Jul,Jul 2016,Q3,2016-07,4,Mon,1
2016-07-05,2016,7,Jul,Jul 2016,Q3,2016-07,5,Tue,2
2016-07-06,2016,7,Jul,Jul 2016,Q3,2016-07,6,Wed,3
2016-07-07,2016,7,Jul,Jul 2016,Q3,2016-07,7,Thu,4
2016-07-08,2016,7,Jul,Jul 2016,Q3,2016-07,8,Fri,5
2016-07-09,2016,7,Jul,Jul 2016,Q3,2016-07,9,Sat,6
2016-07-10,2016,7,Jul,Jul 2016,Q3,2016-07,10,Sun,7
2016-07-11,2016,7,Jul,Jul 2016,Q3,2016-07,11,Mon,1
2016-07-12,2016,7,Jul,Jul 2016,Q3,2016-07,12,Tue,2
2016-07-13,2016,7,Jul,Jul 2016,Q3,2016-07,13,Wed,3
2016-07-14,2016,7,Jul,Jul 2016,Q3,2016-07,14,Thu,4
2016-07-15,2016,7,Jul,Jul 2016,Q3,2016-07,15,Fri,5
2016-07-16,2016,7,Jul,Jul 2016,Q3,2016-07,16,Sat,6
2016-07-17,2016,7,Jul,Jul 2016,Q3,2016-07,17,Sun,7
2016-07-18,2016,7,Jul,Jul 2016,Q3,2016-07,18,Mon,1
2016-07-19,2016,7,Jul,Jul 2016,Q3,2016-07,19,Tue,2
2016-07-20,2016,7,Jul,Jul 2016,Q3,2016-07,20,Wed,3
2016-07-21,2016,7,Jul,Jul 2016,Q3,2016-07,21,Thu,4
2016-07-22,2016,7,Jul,Jul 2016,Q3,2016-07,22,Fri,5
2016-07-23,2016,7,Jul,Jul 2016,Q3,2016-07,23,Sat,6
2016-07-24,2016,7,Jul,Jul 2016,Q3,2016-07,24,Sun,7
2016-07-25,2016,7,Jul,Jul 2016,Q3,2016-07,25,Mon,1
2016-07-26,2016,7,Jul,Jul 2016,Q3,2016-07,26,Tue,2
2016-07-27,2016,7,Jul,Jul 2016,Q3,2016-07,27,Wed,3
2016-07-28,2016,7,Jul,Jul 2016,Q3,2016-07,28,Thu,4
2016-07-29,2016,7,Jul,Jul 2016,Q3,2016-07,29,Fri,5
2016-07-30,2016,7,Jul,Jul 2016,Q3,2016-07,30,Sat,6
2016-07-31,2016,7,Jul,Jul 2016,Q3,2016-07,31,Sun,7
2016-08-01,2016,8,Aug,Aug 2016,Q3,2016-08,1,Mon,1
2016-08-02,2016,8,Aug,Aug 2016,Q3,2016-08,2,Tue,2
2016-08-03,2016,8,Aug,Aug 2016,Q3,2016-08,3,Wed,3
2016-08-04,2016,8,Aug,Aug 2016,Q3,2016-08,4,Thu,4
2016-08-05,2016,8,Aug,Aug 2016,Q3,2016-08,5,Fri,5
2016-08-06,2016,8,Aug,Aug 2016,Q3,2016-08,6,Sat,6
2016-08-07,2016,8,Aug,Aug 2016,Q3,2016-08,7,Sun,7
2016-08-08,2016,8,Aug,Aug 2016,Q3,2016-08,8,Mon,1
2016-08-09,2016,8,Aug,Aug 2016,Q3,2016-08,9,Tue,2
2016-08-10,2016,8,Aug,Aug 2016,Q3,2016-08,10,Wed,3
2016-08-11,2016,8,Aug,Aug 2016,Q3,2016-08,11,Thu,4
2016-08-12,2016,8,Aug,Aug 2016,Q3,2016-08,12,Fri,5
2016-08-13,2016,8,Aug,Aug 2016,Q3,2016-08,13,Sat,6
2016-08-14,2016,8,Aug,Aug 2016,Q3,2016-08,14,Sun,7
2016-08-15,2016,8,Aug,Aug 2016,Q3,2016-08,15,Mon,1
2016-08-16,2016,8,Aug,Aug 2016,Q3,2016-08,16,Tue,2
2016-08-17,2016,8,Aug,Aug 2016,Q3,2016-08,17,Wed,3
2016-08-18,2016,8,Aug,Aug 2016,Q3,2016-08,18,Thu,4
2016-08-19,2016,8,Aug,Aug 2016,Q3,2016-08,19,Fri,5
2016-08-20,2016,8,Aug,Aug 2016,Q3,2016-08,20,Sat,6
2016-08-21,2016,8,Aug,Aug 2016,Q3,2016-08,21,Sun,7
2016-08-22,2016,8,Aug,Aug 2016,Q3,2016-08,22,Mon,1
2016-08-23,2016,8,Aug,Aug 2016,Q3,2016-08,23,Tue,2
2016-08-24,2016,8,Aug,Aug 2016,Q3,2016-08,24,Wed,3
2016-08-25,2016,8,Aug,Aug 2016,Q3,2016-08,25,Thu,4
2016-08-26,2016,8,Aug,Aug 2016,Q3,2016-08,26,Fri,5
2016-08-27,2016,8,Aug,Aug 2016,Q3,2016-08,27,Sat,6
2016-08-28,2016,8,Aug,Aug 2016,Q3,2016-08,28,Sun,7
2016-08-29,2016,8,Aug,Aug 2016,Q3,2016-08,29,Mon,1
2016-08-30,2016,8,Aug,Aug 2016,Q3,2016-08,30,Tue,2
2016-08-31,2016,8,Aug,Aug 2016,Q3,2016-08,31,Wed,3
2016-09-01,2016,9,Sep,Sep 2016,Q3,2016-09,1,Thu,4
2016-09-02,2016,9,Sep,Sep 2016,Q3,2016-09,2,Fri,5
2016-09-03,2016,9,Sep,Sep 2016,Q3,2016-09,3,Sat,6
2016-09-04,2016,9,Sep,Sep 2016,Q3,2016-09,4,Sun,7
2016-09-05,2016,9,Sep,Sep 2016,Q3,2016-09,5,Mon,1
2016-09-06,2016,9,Sep,Sep 2016,Q3,2016-09,6,Tue,2
2016-09-07,2016,9,Sep,Sep 2016,Q3,2016-09,7,Wed,3
2016-09-08,2016,9,Sep,Sep 2016,Q3,2016-09,8,Thu,4
2016-09-09,2016,9,Sep,Sep 2016,Q3,2016-09,9,Fri,5
2016-09-10,2016,9,Sep,Sep 2016,Q3,2016-09,10,Sat,6
2016-09-11,2016,9,Sep,Sep 2016,Q3,2016-09,11,Sun,7
2016-09-12,2016,9,Sep,Sep 2016,Q3,2016-09,12,Mon,1
2016-09-13,2016,9,Sep,Sep 2016,Q3,2016-09,13,Tue,2
2016-09-14,2016,9,Sep,Sep 2016,Q3,2016-09,14,Wed,3
2016-09-15,2016,9,Sep,Sep 2016,Q3,2016-09,15,Thu,4
2016-09-16,2016,9,Sep,Sep 2016,Q3,2016-09,16,Fri,5
2016-09-17,2016,9,Sep,Sep 2016,Q3,2016-09,17,Sat,6
2016-09-18,2016,9,Sep,Sep 2016,Q3,2016-09,18,Sun,7
2016-09-19,2016,9,Sep,Sep 2016,Q3,2016-09,19,Mon,1
2016-09-20,2016,9,Sep,Sep 2016,Q3,2016-09,20,Tue,2
2016-09-21,2016,9,Sep,Sep 2016,Q3,2016-09,21,Wed,3
2016-09-22,2016,9,Sep,Sep 2016,Q3,2016-09,22,Thu,4
2016-09-23,2016,9,Sep,Sep 2016,Q3,2016-09,23,Fri,5
2016-09-24,2016,9,Sep,Sep 2016,Q3,2016-09,24,Sat,6
2016-09-25,2016,9,Sep,Sep 2016,Q3,2016-09,25,Sun,7
2016-09-26,2016,9,Sep,Sep 2016,Q3,2016-09,26,Mon,1
2016-09-27,2016,9,Sep,Sep 2016,Q3,2016-09,27,Tue,2
2016-09-28,2016,9,Sep,Sep 2016,Q3,2016-09,28,Wed,3
2016-09-29,2016,9,Sep,Sep 2016,Q3,2016-09,29,Thu,4
2016-09-30,2016,9,Sep,Sep 2016,Q3,2016-09,30,Fri,5
2016-10-01,2016,10,Oct,Oct 2016,Q4,2016-10,1,Sat,6
2016-10-02,2016,10,Oct,Oct 2016,Q4,2016-10,2,Sun,7
2016-10-03,2016,10,Oct,Oct 2016,Q4,2016-10,3,Mon,1
2016-10-04,2016,10,Oct,Oct 2016,Q4,2016-10,4,Tue,2
2016-10-05,2016,10,Oct,Oct 2016,Q4,2016-10,5,Wed,3
2016-10-06,2016,10,Oct,Oct 2016,Q4,2016-10,6,Thu,4
2016-10-07,2016,10,Oct,Oct 2016,Q4,2016-10,7,Fri,5
2016-10-08,2016,10,Oct,Oct 2016,Q4,2016-10,8,Sat,6
2016-10-09,2016,10,Oct,Oct 2016,Q4,2016-10,9,Sun,7
2016-10-10,2016,10,Oct,Oct 2016,Q4,2016-10,10,Mon,1
2016-10-11,2016,10,Oct,Oct 2016,Q4,2016-10,11,Tue,2
2016-10-12,2016,10,Oct,Oct 2016,Q4,2016-10,12,Wed,3
2016-10-13,2016,10,Oct,Oct 2016,Q4,2016-10,13,Thu,4
2016-10-14,2016,10,Oct,Oct 2016,Q4,2016-10,14,Fri,5
2016-10-15,2016,10,Oct,Oct 2016,Q4,2016-10,15,Sat,6
2016-10-16,2016,10,Oct,Oct 2016,Q4,2016-10,16,Sun,7
2016-10-17,2016,10,Oct,Oct 2016,Q4,2016-10,17,Mon,1
2016-10-18,2016,10,Oct,Oct 2016,Q4,2016-10,18,Tue,2
2016-10-19,2016,10,Oct,Oct 2016,Q4,2016-10,19,Wed,3
2016-10-20,2016,10,Oct,Oct 2016,Q4,2016-10,20,Thu,4
2016-10-21,2016,10,Oct,Oct 2016,Q4,2016-10,21,Fri,5
2016-10-22,2016,10,Oct,Oct 2016,Q4,2016-10,22,Sat,6
2016-10-23,2016,10,Oct,Oct 2016,Q4,2016-10,23,Sun,7
2016-10-24,2016,10,Oct,Oct 2016,Q4,2016-10,24,Mon,1
2016-10-25,2016,10,Oct,Oct 2016,Q4,2016-10,25,Tue,2
2016-10-26,2016,10,Oct,Oct 2016,Q4,2016-10,26,Wed,3
2016-10-27,2016,10,Oct,Oct 2016,Q4,2016-10,27,Thu,4
2016-10-28,2016,10,Oct,Oct 2016,Q4,2016-10,28,Fri,5
2016-10-29,2016,10,Oct,Oct 2016,Q4,2016-10,29,Sat,6
2016-10-30,2016,10,Oct,Oct 2016,Q4,2016-10,30,Sun,7
2016-10-31,2016,10,Oct,Oct 2016,Q4,2016-10,31,Mon,1
2016-11-01,2016,11,Nov,Nov 2016,Q4,2016-11,1,Tue,2
2016-11-02,2016,11,Nov,Nov 2016,Q4,2016-11,2,Wed,3
2016-11-03,2016,11,Nov,Nov 2016,Q4,2016-11,3,Thu,4
2016-11-04,2016,11,Nov,Nov 2016,Q4,2016-11,4,Fri,5
2016-11-05,2016,11,Nov,Nov 2016,Q4,2016-11,5,Sat,6
2016-11-06,2016,11,Nov,Nov 2016,Q4,2016-11,6,Sun,7
2016-11-07,2016,11,Nov,Nov 2016,Q4,2016-11,7,Mon,1
2016-11-08,2016,11,Nov,Nov 2016,Q4,2016-11,8,Tue,2
2016-11-09,2016,11,Nov,Nov 2016,Q4,2016-11,9,Wed,3
2016-11-10,2016,11,Nov,Nov 2016,Q4,2016-11,10,Thu,4
2016-11-11,2016,11,Nov,Nov 2016,Q4,2016-11,11,Fri,5
2016-11-12,2016,11,Nov,Nov 2016,Q4,2016-11,12,Sat,6
2016-11-13,2016,11,Nov,Nov 2016,Q4,2016-11,13,Sun,7
2016-11-14,2016,11,Nov,Nov 2016,Q4,2016-11,14,Mon,1
2016-11-15,2016,11,Nov,Nov 2016,Q4,2016-11,15,Tue,2
2016-11-16,2016,11,Nov,Nov 2016,Q4,2016-11,16,Wed,3
2016-11-17,2016,11,Nov,Nov 2016,Q4,2016-11,17,Thu,4
2016-11-18,2016,11,Nov,Nov 2016,Q4,2016-11,18,Fri,5
2016-11-19,2016,11,Nov,Nov 2016,Q4,2016-11,19,Sat,6
2016-11-20,2016,11,Nov,Nov 2016,Q4,2016-11,20,Sun,7
2016-11-21,2016,11,Nov,Nov 2016,Q4,2016-11,21,Mon,1
2016-11-22,2016,11,Nov,Nov 2016,Q4,2016-11,22,Tue,2
2016-11-23,2016,11,Nov,Nov 2016,Q4,2016-11,23,Wed,3
2016-11-24,2016,11,Nov,Nov 2016,Q4,2016-11,24,Thu,4
2016-11-25,2016,11,Nov,Nov 2016,Q4,2016-11,25,Fri,5
2016-11-26,2016,11,Nov,Nov 2016,Q4,2016-11,26,Sat,6
2016-11-27,2016,11,Nov,Nov 2016,Q4,2016-11,27,Sun,7
2016-11-28,2016,11,Nov,Nov 2016,Q4,2016-11,28,Mon,1
2016-11-29,2016,11,Nov,Nov 2016,Q4,2016-11,29,Tue,2
2016-11-30,2016,11,Nov,Nov 2016,Q4,2016-11,30,Wed,3
2016-12-01,2016,12,Dec,Dec 2016,Q4,2016-12,1,Thu,4
2016-12-02,2016,12,Dec,Dec 2016,Q4,2016-12,2,Fri,5
2016-12-03,2016,12,Dec,Dec 2016,Q4,2016-12,3,Sat,6
2016-12-04,2016,12,Dec,Dec 2016,Q4,2016-12,4,Sun,7
2016-12-05,2016,12,Dec,Dec 2016,Q4,2016-12,5,Mon,1
2016-12-06,2016,12,Dec,Dec 2016,Q4,2016-12,6,Tue,2
2016-12-07,2016,12,Dec,Dec 2016,Q4,2016-12,7,Wed,3
2016-12-08,2016,12,Dec,Dec 2016,Q4,2016-12,8,Thu,4
2016-12-09,2016,12,Dec,Dec 2016,Q4,2016-12,9,Fri,5
2016-12-10,2016,12,Dec,Dec 2016,Q4,2016-12,10,Sat,6
2016-12-11,2016,12,Dec,Dec 2016,Q4,2016-12,11,Sun,7
2016-12-12,2016,12,Dec,Dec 2016,Q4,2016-12,12,Mon,1
2016-12-13,2016,12,Dec,Dec 2016,Q4,2016-12,13,Tue,2
2016-12-14,2016,12,Dec,Dec 2016,Q4,2016-12,14,Wed,3
2016-12-15,2016,12,Dec,Dec 2016,Q4,2016-12,15,Thu,4
2016-12-16,2016,12,Dec,Dec 2016,Q4,2016-12,16,Fri,5
2016-12-17,2016,12,Dec,Dec 2016,Q4,2016-12,17,Sat,6
2016-12-18,2016,12,Dec,Dec 2016,Q4,2016-12,18,Sun,7
2016-12-19,2016,12,Dec,Dec 2016,Q4,2016-12,19,Mon,1
2016-12-20,2016,12,Dec,Dec 2016,Q4,2016-12,20,Tue,2
2016-12-21,2016,12,Dec,Dec 2016,Q4,2016-12,21,Wed,3
2016-12-22,2016,12,Dec,Dec 2016,Q4,2016-12,22,Thu,4
2016-12-23,2016,12,Dec,Dec 2016,Q4,2016-12,23,Fri,5
2016-12-24,2016,12,Dec,Dec 2016,Q4,2016-12,24,Sat,6
2016-12-25,2016,12,Dec,Dec 2016,Q4,2016-12,25,Sun,7
2016-12-26,2016,12,Dec,Dec 2016,Q4,2016-12,26,Mon,1
2016-12-27,2016,12,Dec,Dec 2016,Q4,2016-12,27,Tue,2
2016-12-28,2016,12,Dec,Dec 2016,Q4,2016-12,28,Wed,3
2016-12-29,2016,12,Dec,Dec 2016,Q4,2016-12,29,Thu,4
2016-12-30,2016,12,Dec,Dec 2016,Q4,2016-12,30,Fri,5
2016-12-31,2016,12,Dec,Dec 2016,Q4,2016-12,31,Sat,6
2017-01-01,2017,1,Jan,Jan 2017,Q1,2017-01,1,Sun,7
2017-01-02,2017,1,Jan,Jan 2017,Q1,2017-01,2,Mon,1
2017-01-03,2017,1,Jan,Jan 2017,Q1,2017-01,3,Tue,2
2017-01-04,2017,1,Jan,Jan 2017,Q1,2017-01,4,Wed,3
2017-01-05,2017,1,Jan,Jan 2017,Q1,2017-01,5,Thu,4
2017-01-06,2017,1,Jan,Jan 2017,Q1,2017-01,6,Fri,5
2017-01-07,2017,1,Jan,Jan 2017,Q1,2017-01,7,Sat,6
2017-01-08,2017,1,Jan,Jan 2017,Q1,2017-01,8,Sun,7
2017-01-09,2017,1,Jan,Jan 2017,Q1,2017-01,9,Mon,1
2017-01-10,2017,1,Jan,Jan 2017,Q1,2017-01,10,Tue,2
2017-01-11,2017,1,Jan,Jan 2017,Q1,2017-01,11,Wed,3
2017-01-12,2017,1,Jan,Jan 2017,Q1,2017-01,12,Thu,4
2017-01-13,2017,1,Jan,Jan 2017,Q1,2017-01,13,Fri,5
2017-01-14,2017,1,Jan,Jan 2017,Q1,2017-01,14,Sat,6
2017-01-15,2017,1,Jan,Jan 2017,Q1,2017-01,15,Sun,7
2017-01-16,2017,1,Jan,Jan 2017,Q1,2017-01,16,Mon,1
2017-01-17,2017,1,Jan,Jan 2017,Q1,2017-01,17,Tue,2
2017-01-18,2017,1,Jan,Jan 2017,Q1,2017-01,18,Wed,3
2017-01-19,2017,1,Jan,Jan 2017,Q1,2017-01,19,Thu,4
2017-01-20,2017,1,Jan,Jan 2017,Q1,2017-01,20,Fri,5
2017-01-21,2017,1,Jan,Jan 2017,Q1,2017-01,21,Sat,6
2017-01-22,2017,1,Jan,Jan 2017,Q1,2017-01,22,Sun,7
2017-01-23,2017,1,Jan,Jan 2017,Q1,2017-01,23,Mon,1
2017-01-24,2017,1,Jan,Jan 2017,Q1,2017-01,24,Tue,2
2017-01-25,2017,1,Jan,Jan 2017,Q1,2017-01,25,Wed,3
2017-01-26,2017,1,Jan,Jan 2017,Q1,2017-01,26,Thu,4
2017-01-27,2017,1,Jan,Jan 2017,Q1,2017-01,27,Fri,5
2017-01-28,2017,1,Jan,Jan 2017,Q1,2017-01,28,Sat,6
2017-01-29,2017,1,Jan,Jan 2017,Q1,2017-01,29,Sun,7
2017-01-30,2017,1,Jan,Jan 2017,Q1,2017-01,30,Mon,1
2017-01-31,2017,1,Jan,Jan 2017,Q1,2017-01,31,Tue,2
2017-02-01,2017,2,Feb,Feb 2017,Q1,2017-02,1,Wed,3
2017-02-02,2017,2,Feb,Feb 2017,Q1,2017-02,2,Thu,4
2017-02-03,2017,2,Feb,Feb 2017,Q1,2017-02,3,Fri,5
2017-02-04,2017,2,Feb,Feb 2017,Q1,2017-02,4,Sat,6
2017-02-05,2017,2,Feb,Feb 2017,Q1,2017-02,5,Sun,7
2017-02-06,2017,2,Feb,Feb 2017,Q1,2017-02,6,Mon,1
2017-02-07,2017,2,Feb,Feb 2017,Q1,2017-02,7,Tue,2
2017-02-08,2017,2,Feb,Feb 2017,Q1,2017-02,8,Wed,3
2017-02-09,2017,2,Feb,Feb 2017,Q1,2017-02,9,Thu,4
2017-02-10,2017,2,Feb,Feb 2017,Q1,2017-02,10,Fri,5
2017-02-11,2017,2,Feb,Feb 2017,Q1,2017-02,11,Sat,6
2017-02-12,2017,2,Feb,Feb 2017,Q1,2017-02,12,Sun,7
2017-02-13,2017,2,Feb,Feb 2017,Q1,2017-02,13,Mon,1
2017-02-14,2017,2,Feb,Feb 2017,Q1,2017-02,14,Tue,2
2017-02-15,2017,2,Feb,Feb 2017,Q1,2017-02,15,Wed,3
2017-02-16,2017,2,Feb,Feb 2017,Q1,2017-02,16,Thu,4
2017-02-17,2017,2,Feb,Feb 2017,Q1,2017-02,17,Fri,5
2017-02-18,2017,2,Feb,Feb 2017,Q1,2017-02,18,Sat,6
2017-02-19,2017,2,Feb,Feb 2017,Q1,2017-02,19,Sun,7
2017-02-20,2017,2,Feb,Feb 2017,Q1,2017-02,20,Mon,1
2017-02-21,2017,2,Feb,Feb 2017,Q1,2017-02,21,Tue,2
2017-02-22,2017,2,Feb,Feb 2017,Q1,2017-02,22,Wed,3
2017-02-23,2017,2,Feb,Feb 2017,Q1,2017-02,23,Thu,4
2017-02-24,2017,2,Feb,Feb 2017,Q1,2017-02,24,Fri,5
2017-02-25,2017,2,Feb,Feb 2017,Q1,2017-02,25,Sat,6
2017-02-26,2017,2,Feb,Feb 2017,Q1,2017-02,26,Sun,7
2017-02-27,2017,2,Feb,Feb 2017,Q1,2017-02,27,Mon,1
2017-02-28,2017,2,Feb,Feb 2017,Q1,2017-02,28,Tue,2
2017-03-01,2017,3,Mar,Mar 2017,Q1,2017-03,1,Wed,3
2017-03-02,2017,3,Mar,Mar 2017,Q1,2017-03,2,Thu,4
2017-03-03,2017,3,Mar,Mar 2017,Q1,2017-03,3,Fri,5
2017-03-04,2017,3,Mar,Mar 2017,Q1,2017-03,4,Sat,6
2017-03-05,2017,3,Mar,Mar 2017,Q1,2017-03,5,Sun,7
2017-03-06,2017,3,Mar,Mar 2017,Q1,2017-03,6,Mon,1
2017-03-07,2017,3,Mar,Mar 2017,Q1,2017-03,7,Tue,2
2017-03-08,2017,3,Mar,Mar 2017,Q1,2017-03,8,Wed,3
2017-03-09,2017,3,Mar,Mar 2017,Q1,2017-03,9,Thu,4
2017-03-10,2017,3,Mar,Mar 2017,Q1,2017-03,10,Fri,5
2017-03-11,2017,3,Mar,Mar 2017,Q1,2017-03,11,Sat,6
2017-03-12,2017,3,Mar,Mar 2017,Q1,2017-03,12,Sun,7
2017-03-13,2017,3,Mar,Mar 2017,Q1,2017-03,13,Mon,1
2017-03-14,2017,3,Mar,Mar 2017,Q1,2017-03,14,Tue,2
2017-03-15,2017,3,Mar,Mar 2017,Q1,2017-03,15,Wed,3
2017-03-16,2017,3,Mar,Mar 2017,Q1,2017-03,16,Thu,4
2017-03-17,2017,3,Mar,Mar 2017,Q1,2017-03,17,Fri,5
2017-03-18,2017,3,Mar,Mar 2017,Q1,2017-03,18,Sat,6
2017-03-19,2017,3,Mar,Mar 2017,Q1,2017-03,19,Sun,7
2017-03-20,2017,3,Mar,Mar 2017,Q1,2017-03,20,Mon,1
2017-03-21,2017,3,Mar,Mar 2017,Q1,2017-03,21,Tue,2
2017-03-22,2017,3,Mar,Mar 2017,Q1,2017-03,22,Wed,3
2017-03-23,2017,3,Mar,Mar 2017,Q1,2017-03,23,Thu,4
2017-03-24,2017,3,Mar,Mar 2017,Q1,2017-03,24,Fri,5
2017-03-25,2017,3,Mar,Mar 2017,Q1,2017-03,25,Sat,6
2017-03-26,2017,3,Mar,Mar 2017,Q1,2017-03,26,Sun,7
2017-03-27,2017,3,Mar,Mar 2017,Q1,2017-03,27,Mon,1
2017-03-28,2017,3,Mar,Mar 2017,Q1,2017-03,28,Tue,2
2017-03-29,2017,3,Mar,Mar 2017,Q1,2017-03,29,Wed,3
2017-03-30,2017,3,Mar,Mar 2017,Q1,2017-03,30,Thu,4
2017-03-31,2017,3,Mar,Mar 2017,Q1,2017-03,31,Fri,5
2017-04-01,2017,4,Apr,Apr 2017,Q2,2017-04,1,Sat,6
2017-04-02,2017,4,Apr,Apr 2017,Q2,2017-04,2,Sun,7
2017-04-03,2017,4,Apr,Apr 2017,Q2,2017-04,3,Mon,1
2017-04-04,2017,4,Apr,Apr 2017,Q2,2017-04,4,Tue,2
2017-04-05,2017,4,Apr,Apr 2017,Q2,2017-04,5,Wed,3
2017-04-06,2017,4,Apr,Apr 2017,Q2,2017-04,6,Thu,4
2017-04-07,2017,4,Apr,Apr 2017,Q2,2017-04,7,Fri,5
2017-04-08,2017,4,Apr,Apr 2017,Q2,2017-04,8,Sat,6
2017-04-09,2017,4,Apr,Apr 2017,Q2,2017-04,9,Sun,7
2017-04-10,2017,4,Apr,Apr 2017,Q2,2017-04,10,Mon,1
2017-04-11,2017,4,Apr,Apr 2017,Q2,2017-04,11,Tue,2
2017-04-12,2017,4,Apr,Apr 2017,Q2,2017-04,12,Wed,3
2017-04-13,2017,4,Apr,Apr 2017,Q2,2017-04,13,Thu,4
2017-04-14,2017,4,Apr,Apr 2017,Q2,2017-04,14,Fri,5
2017-04-15,2017,4,Apr,Apr 2017,Q2,2017-04,15,Sat,6
2017-04-16,2017,4,Apr,Apr 2017,Q2,2017-04,16,Sun,7
2017-04-17,2017,4,Apr,Apr 2017,Q2,2017-04,17,Mon,1
2017-04-18,2017,4,Apr,Apr 2017,Q2,2017-04,18,Tue,2
2017-04-19,2017,4,Apr,Apr 2017,Q2,2017-04,19,Wed,3
2017-04-20,2017,4,Apr,Apr 2017,Q2,2017-04,20,Thu,4
2017-04-21,2017,4,Apr,Apr 2017,Q2,2017-04,21,Fri,5
2017-04-22,2017,4,Apr,Apr 2017,Q2,2017-04,22,Sat,6
2017-04-23,2017,4,Apr,Apr 2017,Q2,2017-04,23,Sun,7
2017-04-24,2017,4,Apr,Apr 2017,Q2,2017-04,24,Mon,1
2017-04-25,2017,4,Apr,Apr 2017,Q2,2017-04,25,Tue,2
2017-04-26,2017,4,Apr,Apr 2017,Q2,2017-04,26,Wed,3
2017-04-27,2017,4,Apr,Apr 2017,Q2,2017-04,27,Thu,4
2017-04-28,2017,4,Apr,Apr 2017,Q2,2017-04,28,Fri,5
2017-04-29,2017,4,Apr,Apr 2017,Q2,2017-04,29,Sat,6
2017-04-30,2017,4,Apr,Apr 2017,Q2,2017-04,30,Sun,7
2017-05-01,2017,5,May,May 2017,Q2,2017-05,1,Mon,1
2017-05-02,2017,5,May,May 2017,Q2,2017-05,2,Tue,2
2017-05-03,2017,5,May,May 2017,Q2,2017-05,3,Wed,3
2017-05-04,2017,5,May,May 2017,Q2,2017-05,4,Thu,4
2017-05-05,2017,5,May,May 2017,Q2,2017-05,5,Fri,5
2017-05-06,2017,5,May,May 2017,Q2,2017-05,6,Sat,6
2017-05-07,2017,5,May,May 2017,Q2,2017-05,7,Sun,7
2017-05-08,2017,5,May,May 2017,Q2,2017-05,8,Mon,1
2017-05-09,2017,5,May,May 2017,Q2,2017-05,9,Tue,2
2017-05-10,2017,5,May,May 2017,Q2,2017-05,10,Wed,3
2017-05-11,2017,5,May,May 2017,Q2,2017-05,11,Thu,4
2017-05-12,2017,5,May,May 2017,Q2,2017-05,12,Fri,5
2017-05-13,2017,5,May,May 2017,Q2,2017-05,13,Sat,6
2017-05-14,2017,5,May,May 2017,Q2,2017-05,14,Sun,7
2017-05-15,2017,5,May,May 2017,Q2,2017-05,15,Mon,1
2017-05-16,2017,5,May,May 2017,Q2,2017-05,16,Tue,2
2017-05-17,2017,5,May,May 2017,Q2,2017-05,17,Wed,3
2017-05-18,2017,5,May,May 2017,Q2,2017-05,18,Thu,4
2017-05-19,2017,5,May,May 2017,Q2,2017-05,19,Fri,5
2017-05-20,2017,5,May,May 2017,Q2,2017-05,20,Sat,6
2017-05-21,2017,5,May,May 2017,Q2,2017-05,21,Sun,7
2017-05-22,2017,5,May,May 2017,Q2,2017-05,22,Mon,1
2017-05-23,2017,5,May,May 2017,Q2,2017-05,23,Tue,2
2017-05-24,2017,5,May,May 2017,Q2,2017-05,24,Wed,3
2017-05-25,2017,5,May,May 2017,Q2,2017-05,25,Thu,4
2017-05-26,2017,5,May,May 2017,Q2,2017-05,26,Fri,5
2017-05-27,2017,5,May,May 2017,Q2,2017-05,27,Sat,6
2017-05-28,2017,5,May,May 2017,Q2,2017-05,28,Sun,7
2017-05-29,2017,5,May,May 2017,Q2,2017-05,29,Mon,1
2017-05-30,2017,5,May,May 2017,Q2,2017-05,30,Tue,2
2017-05-31,2017,5,May,May 2017,Q2,2017-05,31,Wed,3
2017-06-01,2017,6,Jun,Jun 2017,Q2,2017-06,1,Thu,4
2017-06-02,2017,6,Jun,Jun 2017,Q2,2017-06,2,Fri,5
2017-06-03,2017,6,Jun,Jun 2017,Q2,2017-06,3,Sat,6
2017-06-04,2017,6,Jun,Jun 2017,Q2,2017-06,4,Sun,7
2017-06-05,2017,6,Jun,Jun 2017,Q2,2017-06,5,Mon,1
2017-06-06,2017,6,Jun,Jun 2017,Q2,2017-06,6,Tue,2
2017-06-07,2017,6,Jun,Jun 2017,Q2,2017-06,7,Wed,3
2017-06-08,2017,6,Jun,Jun 2017,Q2,2017-06,8,Thu,4
2017-06-09,2017,6,Jun,Jun 2017,Q2,2017-06,9,Fri,5
2017-06-10,2017,6,Jun,Jun 2017,Q2,2017-06,10,Sat,6
2017-06-11,2017,6,Jun,Jun 2017,Q2,2017-06,11,Sun,7
2017-06-12,2017,6,Jun,Jun 2017,Q2,2017-06,12,Mon,1
2017-06-13,2017,6,Jun,Jun 2017,Q2,2017-06,13,Tue,2
2017-06-14,2017,6,Jun,Jun 2017,Q2,2017-06,14,Wed,3
2017-06-15,2017,6,Jun,Jun 2017,Q2,2017-06,15,Thu,4
2017-06-16,2017,6,Jun,Jun 2017,Q2,2017-06,16,Fri,5
2017-06-17,2017,6,Jun,Jun 2017,Q2,2017-06,17,Sat,6
2017-06-18,2017,6,Jun,Jun 2017,Q2,2017-06,18,Sun,7
2017-06-19,2017,6,Jun,Jun 2017,Q2,2017-06,19,Mon,1
2017-06-20,2017,6,Jun,Jun 2017,Q2,2017-06,20,Tue,2
2017-06-21,2017,6,Jun,Jun 2017,Q2,2017-06,21,Wed,3
2017-06-22,2017,6,Jun,Jun 2017,Q2,2017-06,22,Thu,4
2017-06-23,2017,6,Jun,Jun 2017,Q2,2017-06,23,Fri,5
2017-06-24,2017,6,Jun,Jun 2017,Q2,2017-06,24,Sat,6
2017-06-25,2017,6,Jun,Jun 2017,Q2,2017-06,25,Sun,7
2017-06-26,2017,6,Jun,Jun 2017,Q2,2017-06,26,Mon,1
2017-06-27,2017,6,Jun,Jun 2017,Q2,2017-06,27,Tue,2
2017-06-28,2017,6,Jun,Jun 2017,Q2,2017-06,28,Wed,3
2017-06-29,2017,6,Jun,Jun 2017,Q2,2017-06,29,Thu,4
2017-06-30,2017,6,Jun,Jun 2017,Q2,2017-06,30,Fri,5
2017-07-01,2017,7,Jul,Jul 2017,Q3,2017-07,1,Sat,6
2017-07-02,2017,7,Jul,Jul 2017,Q3,2017-07,2,Sun,7
2017-07-03,2017,7,Jul,Jul 2017,Q3,2017-07,3,Mon,1
2017-07-04,2017,7,Jul,Jul 2017,Q3,2017-07,4,Tue,2
2017-07-05,2017,7,Jul,Jul 2017,Q3,2017-07,5,Wed,3
2017-07-06,2017,7,Jul,Jul 2017,Q3,2017-07,6,Thu,4
2017-07-07,2017,7,Jul,Jul 2017,Q3,2017-07,7,Fri,5
2017-07-08,2017,7,Jul,Jul 2017,Q3,2017-07,8,Sat,6
2017-07-09,2017,7,Jul,Jul 2017,Q3,2017-07,9,Sun,7
2017-07-10,2017,7,Jul,Jul 2017,Q3,2017-07,10,Mon,1
2017-07-11,2017,7,Jul,Jul 2017,Q3,2017-07,11,Tue,2
2017-07-12,2017,7,Jul,Jul 2017,Q3,2017-07,12,Wed,3
2017-07-13,2017,7,Jul,Jul 2017,Q3,2017-07,13,Thu,4
2017-07-14,2017,7,Jul,Jul 2017,Q3,2017-07,14,Fri,5
2017-07-15,2017,7,Jul,Jul 2017,Q3,2017-07,15,Sat,6
2017-07-16,2017,7,Jul,Jul 2017,Q3,2017-07,16,Sun,7
2017-07-17,2017,7,Jul,Jul 2017,Q3,2017-07,17,Mon,1
2017-07-18,2017,7,Jul,Jul 2017,Q3,2017-07,18,Tue,2
2017-07-19,2017,7,Jul,Jul 2017,Q3,2017-07,19,Wed,3
2017-07-20,2017,7,Jul,Jul 2017,Q3,2017-07,20,Thu,4
2017-07-21,2017,7,Jul,Jul 2017,Q3,2017-07,21,Fri,5
2017-07-22,2017,7,Jul,Jul 2017,Q3,2017-07,22,Sat,6
2017-07-23,2017,7,Jul,Jul 2017,Q3,2017-07,23,Sun,7
2017-07-24,2017,7,Jul,Jul 2017,Q3,2017-07,24,Mon,1
2017-07-25,2017,7,Jul,Jul 2017,Q3,2017-07,25,Tue,2
2017-07-26,2017,7,Jul,Jul 2017,Q3,2017-07,26,Wed,3
2017-07-27,2017,7,Jul,Jul 2017,Q3,2017-07,27,Thu,4
2017-07-28,2017,7,Jul,Jul 2017,Q3,2017-07,28,Fri,5
2017-07-29,2017,7,Jul,Jul 2017,Q3,2017-07,29,Sat,6
2017-07-30,2017,7,Jul,Jul 2017,Q3,2017-07,30,Sun,7
2017-07-31,2017,7,Jul,Jul 2017,Q3,2017-07,31,Mon,1
2017-08-01,2017,8,Aug,Aug 2017,Q3,2017-08,1,Tue,2
2017-08-02,2017,8,Aug,Aug 2017,Q3,2017-08,2,Wed,3
2017-08-03,2017,8,Aug,Aug 2017,Q3,2017-08,3,Thu,4
2017-08-04,2017,8,Aug,Aug 2017,Q3,2017-08,4,Fri,5
2017-08-05,2017,8,Aug,Aug 2017,Q3,2017-08,5,Sat,6
2017-08-06,2017,8,Aug,Aug 2017,Q3,2017-08,6,Sun,7
2017-08-07,2017,8,Aug,Aug 2017,Q3,2017-08,7,Mon,1
2017-08-08,2017,8,Aug,Aug 2017,Q3,2017-08,8,Tue,2
2017-08-09,2017,8,Aug,Aug 2017,Q3,2017-08,9,Wed,3
2017-08-10,2017,8,Aug,Aug 2017,Q3,2017-08,10,Thu,4
2017-08-11,2017,8,Aug,Aug 2017,Q3,2017-08,11,Fri,5
2017-08-12,2017,8,Aug,Aug 2017,Q3,2017-08,12,Sat,6
2017-08-13,2017,8,Aug,Aug 2017,Q3,2017-08,13,Sun,7
2017-08-14,2017,8,Aug,Aug 2017,Q3,2017-08,14,Mon,1
2017-08-15,2017,8,Aug,Aug 2017,Q3,2017-08,15,Tue,2
2017-08-16,2017,8,Aug,Aug 2017,Q3,2017-08,16,Wed,3
2017-08-17,2017,8,Aug,Aug 2017,Q3,2017-08,17,Thu,4
2017-08-18,2017,8,Aug,Aug 2017,Q3,2017-08,18,Fri,5
2017-08-19,2017,8,Aug,Aug 2017,Q3,2017-08,19,Sat,6
2017-08-20,2017,8,Aug,Aug 2017,Q3,2017-08,20,Sun,7
2017-08-21,2017,8,Aug,Aug 2017,Q3,2017-08,21,Mon,1
2017-08-22,2017,8,Aug,Aug 2017,Q3,2017-08,22,Tue,2
2017-08-23,2017,8,Aug,Aug 2017,Q3,2017-08,23,Wed,3
2017-08-24,2017,8,Aug,Aug 2017,Q3,2017-08,24,Thu,4
2017-08-25,2017,8,Aug,Aug 2017,Q3,2017-08,25,Fri,5
2017-08-26,2017,8,Aug,Aug 2017,Q3,2017-08,26,Sat,6
2017-08-27,2017,8,Aug,Aug 2017,Q3,2017-08,27,Sun,7
2017-08-28,2017,8,Aug,Aug 2017,Q3,2017-08,28,Mon,1
2017-08-29,2017,8,Aug,Aug 2017,Q3,2017-08,29,Tue,2
2017-08-30,2017,8,Aug,Aug 2017,Q3,2017-08,30,Wed,3
2017-08-31,2017,8,Aug,Aug 2017,Q3,2017-08,31,Thu,4
2017-09-01,2017,9,Sep,Sep 2017,Q3,2017-09,1,Fri,5
2017-09-02,2017,9,Sep,Sep 2017,Q3,2017-09,2,Sat,6
2017-09-03,2017,9,Sep,Sep 2017,Q3,2017-09,3,Sun,7
2017-09-04,2017,9,Sep,Sep 2017,Q3,2017-09,4,Mon,1
2017-09-05,2017,9,Sep,Sep 2017,Q3,2017-09,5,Tue,2
2017-09-06,2017,9,Sep,Sep 2017,Q3,2017-09,6,Wed,3
2017-09-07,2017,9,Sep,Sep 2017,Q3,2017-09,7,Thu,4
2017-09-08,2017,9,Sep,Sep 2017,Q3,2017-09,8,Fri,5
2017-09-09,2017,9,Sep,Sep 2017,Q3,2017-09,9,Sat,6
2017-09-10,2017,9,Sep,Sep 2017,Q3,2017-09,10,Sun,7
2017-09-11,2017,9,Sep,Sep 2017,Q3,2017-09,11,Mon,1
2017-09-12,2017,9,Sep,Sep 2017,Q3,2017-09,12,Tue,2
2017-09-13,2017,9,Sep,Sep 2017,Q3,2017-09,13,Wed,3
2017-09-14,2017,9,Sep,Sep 2017,Q3,2017-09,14,Thu,4
2017-09-15,2017,9,Sep,Sep 2017,Q3,2017-09,15,Fri,5
2017-09-16,2017,9,Sep,Sep 2017,Q3,2017-09,16,Sat,6
2017-09-17,2017,9,Sep,Sep 2017,Q3,2017-09,17,Sun,7
2017-09-18,2017,9,Sep,Sep 2017,Q3,2017-09,18,Mon,1
2017-09-19,2017,9,Sep,Sep 2017,Q3,2017-09,19,Tue,2
2017-09-20,2017,9,Sep,Sep 2017,Q3,2017-09,20,Wed,3
2017-09-21,2017,9,Sep,Sep 2017,Q3,2017-09,21,Thu,4
2017-09-22,2017,9,Sep,Sep 2017,Q3,2017-09,22,Fri,5
2017-09-23,2017,9,Sep,Sep 2017,Q3,2017-09,23,Sat,6
2017-09-24,2017,9,Sep,Sep 2017,Q3,2017-09,24,Sun,7
2017-09-25,2017,9,Sep,Sep 2017,Q3,2017-09,25,Mon,1
2017-09-26,2017,9,Sep,Sep 2017,Q3,2017-09,26,Tue,2
2017-09-27,2017,9,Sep,Sep 2017,Q3,2017-09,27,Wed,3
2017-09-28,2017,9,Sep,Sep 2017,Q3,2017-09,28,Thu,4
2017-09-29,2017,9,Sep,Sep 2017,Q3,2017-09,29,Fri,5
2017-09-30,2017,9,Sep,Sep 2017,Q3,2017-09,30,Sat,6
2017-10-01,2017,10,Oct,Oct 2017,Q4,2017-10,1,Sun,7
2017-10-02,2017,10,Oct,Oct 2017,Q4,2017-10,2,Mon,1
2017-10-03,2017,10,Oct,Oct 2017,Q4,2017-10,3,Tue,2
2017-10-04,2017,10,Oct,Oct 2017,Q4,2017-10,4,Wed,3
2017-10-05,2017,10,Oct,Oct 2017,Q4,2017-10,5,Thu,4
2017-10-06,2017,10,Oct,Oct 2017,Q4,2017-10,6,Fri,5
2017-10-07,2017,10,Oct,Oct 2017,Q4,2017-10,7,Sat,6
2017-10-08,2017,10,Oct,Oct 2017,Q4,2017-10,8,Sun,7
2017-10-09,2017,10,Oct,Oct 2017,Q4,2017-10,9,Mon,1
2017-10-10,2017,10,Oct,Oct 2017,Q4,2017-10,10,Tue,2
2017-10-11,2017,10,Oct,Oct 2017,Q4,2017-10,11,Wed,3
2017-10-12,2017,10,Oct,Oct 2017,Q4,2017-10,12,Thu,4
2017-10-13,2017,10,Oct,Oct 2017,Q4,2017-10,13,Fri,5
2017-10-14,2017,10,Oct,Oct 2017,Q4,2017-10,14,Sat,6
2017-10-15,2017,10,Oct,Oct 2017,Q4,2017-10,15,Sun,7
2017-10-16,2017,10,Oct,Oct 2017,Q4,2017-10,16,Mon,1
2017-10-17,2017,10,Oct,Oct 2017,Q4,2017-10,17,Tue,2
2017-10-18,2017,10,Oct,Oct 2017,Q4,2017-10,18,Wed,3
2017-10-19,2017,10,Oct,Oct 2017,Q4,2017-10,19,Thu,4
2017-10-20,2017,10,Oct,Oct 2017,Q4,2017-10,20,Fri,5
2017-10-21,2017,10,Oct,Oct 2017,Q4,2017-10,21,Sat,6
2017-10-22,2017,10,Oct,Oct 2017,Q4,2017-10,22,Sun,7
2017-10-23,2017,10,Oct,Oct 2017,Q4,2017-10,23,Mon,1
2017-10-24,2017,10,Oct,Oct 2017,Q4,2017-10,24,Tue,2
2017-10-25,2017,10,Oct,Oct 2017,Q4,2017-10,25,Wed,3
2017-10-26,2017,10,Oct,Oct 2017,Q4,2017-10,26,Thu,4
2017-10-27,2017,10,Oct,Oct 2017,Q4,2017-10,27,Fri,5
2017-10-28,2017,10,Oct,Oct 2017,Q4,2017-10,28,Sat,6
2017-10-29,2017,10,Oct,Oct 2017,Q4,2017-10,29,Sun,7
2017-10-30,2017,10,Oct,Oct 2017,Q4,2017-10,30,Mon,1
2017-10-31,2017,10,Oct,Oct 2017,Q4,2017-10,31,Tue,2
2017-11-01,2017,11,Nov,Nov 2017,Q4,2017-11,1,Wed,3
2017-11-02,2017,11,Nov,Nov 2017,Q4,2017-11,2,Thu,4
2017-11-03,2017,11,Nov,Nov 2017,Q4,2017-11,3,Fri,5
2017-11-04,2017,11,Nov,Nov 2017,Q4,2017-11,4,Sat,6
2017-11-05,2017,11,Nov,Nov 2017,Q4,2017-11,5,Sun,7
2017-11-06,2017,11,Nov,Nov 2017,Q4,2017-11,6,Mon,1
2017-11-07,2017,11,Nov,Nov 2017,Q4,2017-11,7,Tue,2
2017-11-08,2017,11,Nov,Nov 2017,Q4,2017-11,8,Wed,3
2017-11-09,2017,11,Nov,Nov 2017,Q4,2017-11,9,Thu,4
2017-11-10,2017,11,Nov,Nov 2017,Q4,2017-11,10,Fri,5
2017-11-11,2017,11,Nov,Nov 2017,Q4,2017-11,11,Sat,6
2017-11-12,2017,11,Nov,Nov 2017,Q4,2017-11,12,Sun,7
2017-11-13,2017,11,Nov,Nov 2017,Q4,2017-11,13,Mon,1
2017-11-14,2017,11,Nov,Nov 2017,Q4,2017-11,14,Tue,2
2017-11-15,2017,11,Nov,Nov 2017,Q4,2017-11,15,Wed,3
2017-11-16,2017,11,Nov,Nov 2017,Q4,2017-11,16,Thu,4
2017-11-17,2017,11,Nov,Nov 2017,Q4,2017-11,17,Fri,5
2017-11-18,2017,11,Nov,Nov 2017,Q4,2017-11,18,Sat,6
2017-11-19,2017,11,Nov,Nov 2017,Q4,2017-11,19,Sun,7
2017-11-20,2017,11,Nov,Nov 2017,Q4,2017-11,20,Mon,1
2017-11-21,2017,11,Nov,Nov 2017,Q4,2017-11,21,Tue,2
2017-11-22,2017,11,Nov,Nov 2017,Q4,2017-11,22,Wed,3
2017-11-23,2017,11,Nov,Nov 2017,Q4,2017-11,23,Thu,4
2017-11-24,2017,11,Nov,Nov 2017,Q4,2017-11,24,Fri,5
2017-11-25,2017,11,Nov,Nov 2017,Q4,2017-11,25,Sat,6
2017-11-26,2017,11,Nov,Nov 2017,Q4,2017-11,26,Sun,7
2017-11-27,2017,11,Nov,Nov 2017,Q4,2017-11,27,Mon,1
2017-11-28,2017,11,Nov,Nov 2017,Q4,2017-11,28,Tue,2
2017-11-29,2017,11,Nov,Nov 2017,Q4,2017-11,29,Wed,3
2017-11-30,2017,11,Nov,Nov 2017,Q4,2017-11,30,Thu,4
2017-12-01,2017,12,Dec,Dec 2017,Q4,2017-12,1,Fri,5
2017-12-02,2017,12,Dec,Dec 2017,Q4,2017-12,2,Sat,6
2017-12-03,2017,12,Dec,Dec 2017,Q4,2017-12,3,Sun,7
2017-12-04,2017,12,Dec,Dec 2017,Q4,2017-12,4,Mon,1
2017-12-05,2017,12,Dec,Dec 2017,Q4,2017-12,5,Tue,2
2017-12-06,2017,12,Dec,Dec 2017,Q4,2017-12,6,Wed,3
2017-12-07,2017,12,Dec,Dec 2017,Q4,2017-12,7,Thu,4
2017-12-08,2017,12,Dec,Dec 2017,Q4,2017-12,8,Fri,5
2017-12-09,2017,12,Dec,Dec 2017,Q4,2017-12,9,Sat,6
2017-12-10,2017,12,Dec,Dec 2017,Q4,2017-12,10,Sun,7
2017-12-11,2017,12,Dec,Dec 2017,Q4,2017-12,11,Mon,1
2017-12-12,2017,12,Dec,Dec 2017,Q4,2017-12,12,Tue,2
2017-12-13,2017,12,Dec,Dec 2017,Q4,2017-12,13,Wed,3
2017-12-14,2017,12,Dec,Dec 2017,Q4,2017-12,14,Thu,4
2017-12-15,2017,12,Dec,Dec 2017,Q4,2017-12,15,Fri,5
2017-12-16,2017,12,Dec,Dec 2017,Q4,2017-12,16,Sat,6
2017-12-17,2017,12,Dec,Dec 2017,Q4,2017-12,17,Sun,7
2017-12-18,2017,12,Dec,Dec 2017,Q4,2017-12,18,Mon,1
2017-12-19,2017,12,Dec,Dec 2017,Q4,2017-12,19,Tue,2
2017-12-20,2017,12,Dec,Dec 2017,Q4,2017-12,20,Wed,3
2017-12-21,2017,12,Dec,Dec 2017,Q4,2017-12,21,Thu,4
2017-12-22,2017,12,Dec,Dec 2017,Q4,2017-12,22,Fri,5
2017-12-23,2017,12,Dec,Dec 2017,Q4,2017-12,23,Sat,6
2017-12-24,2017,12,Dec,Dec 2017,Q4,2017-12,24,Sun,7
2017-12-25,2017,12,Dec,Dec 2017,Q4,2017-12,25,Mon,1
2017-12-26,2017,12,Dec,Dec 2017,Q4,2017-12,26,Tue,2
2017-12-27,2017,12,Dec,Dec 2017,Q4,2017-12,27,Wed,3
2017-12-28,2017,12,Dec,Dec 2017,Q4,2017-12,28,Thu,4
2017-12-29,2017,12,Dec,Dec 2017,Q4,2017-12,29,Fri,5
2017-12-30,2017,12,Dec,Dec 2017,Q4,2017-12,30,Sat,6
2017-12-31,2017,12,Dec,Dec 2017,Q4,2017-12,31,Sun,7
2018-01-01,2018,1,Jan,Jan 2018,Q1,2018-01,1,Mon,1
2018-01-02,2018,1,Jan,Jan 2018,Q1,2018-01,2,Tue,2
2018-01-03,2018,1,Jan,Jan 2018,Q1,2018-01,3,Wed,3
2018-01-04,2018,1,Jan,Jan 2018,Q1,2018-01,4,Thu,4
2018-01-05,2018,1,Jan,Jan 2018,Q1,2018-01,5,Fri,5
2018-01-06,2018,1,Jan,Jan 2018,Q1,2018-01,6,Sat,6
2018-01-07,2018,1,Jan,Jan 2018,Q1,2018-01,7,Sun,7
2018-01-08,2018,1,Jan,Jan 2018,Q1,2018-01,8,Mon,1
2018-01-09,2018,1,Jan,Jan 2018,Q1,2018-01,9,Tue,2
2018-01-10,2018,1,Jan,Jan 2018,Q1,2018-01,10,Wed,3
2018-01-11,2018,1,Jan,Jan 2018,Q1,2018-01,11,Thu,4
2018-01-12,2018,1,Jan,Jan 2018,Q1,2018-01,12,Fri,5
2018-01-13,2018,1,Jan,Jan 2018,Q1,2018-01,13,Sat,6
2018-01-14,2018,1,Jan,Jan 2018,Q1,2018-01,14,Sun,7
2018-01-15,2018,1,Jan,Jan 2018,Q1,2018-01,15,Mon,1
2018-01-16,2018,1,Jan,Jan 2018,Q1,2018-01,16,Tue,2
2018-01-17,2018,1,Jan,Jan 2018,Q1,2018-01,17,Wed,3
2018-01-18,2018,1,Jan,Jan 2018,Q1,2018-01,18,Thu,4
2018-01-19,2018,1,Jan,Jan 2018,Q1,2018-01,19,Fri,5
2018-01-20,2018,1,Jan,Jan 2018,Q1,2018-01,20,Sat,6
2018-01-21,2018,1,Jan,Jan 2018,Q1,2018-01,21,Sun,7
2018-01-22,2018,1,Jan,Jan 2018,Q1,2018-01,22,Mon,1
2018-01-23,2018,1,Jan,Jan 2018,Q1,2018-01,23,Tue,2
2018-01-24,2018,1,Jan,Jan 2018,Q1,2018-01,24,Wed,3
2018-01-25,2018,1,Jan,Jan 2018,Q1,2018-01,25,Thu,4
2018-01-26,2018,1,Jan,Jan 2018,Q1,2018-01,26,Fri,5
2018-01-27,2018,1,Jan,Jan 2018,Q1,2018-01,27,Sat,6
2018-01-28,2018,1,Jan,Jan 2018,Q1,2018-01,28,Sun,7
2018-01-29,2018,1,Jan,Jan 2018,Q1,2018-01,29,Mon,1
2018-01-30,2018,1,Jan,Jan 2018,Q1,2018-01,30,Tue,2
2018-01-31,2018,1,Jan,Jan 2018,Q1,2018-01,31,Wed,3
2018-02-01,2018,2,Feb,Feb 2018,Q1,2018-02,1,Thu,4
2018-02-02,2018,2,Feb,Feb 2018,Q1,2018-02,2,Fri,5
2018-02-03,2018,2,Feb,Feb 2018,Q1,2018-02,3,Sat,6
2018-02-04,2018,2,Feb,Feb 2018,Q1,2018-02,4,Sun,7
2018-02-05,2018,2,Feb,Feb 2018,Q1,2018-02,5,Mon,1
2018-02-06,2018,2,Feb,Feb 2018,Q1,2018-02,6,Tue,2
2018-02-07,2018,2,Feb,Feb 2018,Q1,2018-02,7,Wed,3
2018-02-08,2018,2,Feb,Feb 2018,Q1,2018-02,8,Thu,4
2018-02-09,2018,2,Feb,Feb 2018,Q1,2018-02,9,Fri,5
2018-02-10,2018,2,Feb,Feb 2018,Q1,2018-02,10,Sat,6
2018-02-11,2018,2,Feb,Feb 2018,Q1,2018-02,11,Sun,7
2018-02-12,2018,2,Feb,Feb 2018,Q1,2018-02,12,Mon,1
2018-02-13,2018,2,Feb,Feb 2018,Q1,2018-02,13,Tue,2
2018-02-14,2018,2,Feb,Feb 2018,Q1,2018-02,14,Wed,3
2018-02-15,2018,2,Feb,Feb 2018,Q1,2018-02,15,Thu,4
2018-02-16,2018,2,Feb,Feb 2018,Q1,2018-02,16,Fri,5
2018-02-17,2018,2,Feb,Feb 2018,Q1,2018-02,17,Sat,6
2018-02-18,2018,2,Feb,Feb 2018,Q1,2018-02,18,Sun,7
2018-02-19,2018,2,Feb,Feb 2018,Q1,2018-02,19,Mon,1
2018-02-20,2018,2,Feb,Feb 2018,Q1,2018-02,20,Tue,2
2018-02-21,2018,2,Feb,Feb 2018,Q1,2018-02,21,Wed,3
2018-02-22,2018,2,Feb,Feb 2018,Q1,2018-02,22,Thu,4
2018-02-23,2018,2,Feb,Feb 2018,Q1,2018-02,23,Fri,5
2018-02-24,2018,2,Feb,Feb 2018,Q1,2018-02,24,Sat,6
2018-02-25,2018,2,Feb,Feb 2018,Q1,2018-02,25,Sun,7
2018-02-26,2018,2,Feb,Feb 2018,Q1,2018-02,26,Mon,1
2018-02-27,2018,2,Feb,Feb 2018,Q1,2018-02,27,Tue,2
2018-02-28,2018,2,Feb,Feb 2018,Q1,2018-02,28,Wed,3
2018-03-01,2018,3,Mar,Mar 2018,Q1,2018-03,1,Thu,4
2018-03-02,2018,3,Mar,Mar 2018,Q1,2018-03,2,Fri,5
2018-03-03,2018,3,Mar,Mar 2018,Q1,2018-03,3,Sat,6
2018-03-04,2018,3,Mar,Mar 2018,Q1,2018-03,4,Sun,7
2018-03-05,2018,3,Mar,Mar 2018,Q1,2018-03,5,Mon,1
2018-03-06,2018,3,Mar,Mar 2018,Q1,2018-03,6,Tue,2
2018-03-07,2018,3,Mar,Mar 2018,Q1,2018-03,7,Wed,3
2018-03-08,2018,3,Mar,Mar 2018,Q1,2018-03,8,Thu,4
2018-03-09,2018,3,Mar,Mar 2018,Q1,2018-03,9,Fri,5
2018-03-10,2018,3,Mar,Mar 2018,Q1,2018-03,10,Sat,6
2018-03-11,2018,3,Mar,Mar 2018,Q1,2018-03,11,Sun,7
2018-03-12,2018,3,Mar,Mar 2018,Q1,2018-03,12,Mon,1
2018-03-13,2018,3,Mar,Mar 2018,Q1,2018-03,13,Tue,2
2018-03-14,2018,3,Mar,Mar 2018,Q1,2018-03,14,Wed,3
2018-03-15,2018,3,Mar,Mar 2018,Q1,2018-03,15,Thu,4
2018-03-16,2018,3,Mar,Mar 2018,Q1,2018-03,16,Fri,5
2018-03-17,2018,3,Mar,Mar 2018,Q1,2018-03,17,Sat,6
2018-03-18,2018,3,Mar,Mar 2018,Q1,2018-03,18,Sun,7
2018-03-19,2018,3,Mar,Mar 2018,Q1,2018-03,19,Mon,1
2018-03-20,2018,3,Mar,Mar 2018,Q1,2018-03,20,Tue,2
2018-03-21,2018,3,Mar,Mar 2018,Q1,2018-03,21,Wed,3
2018-03-22,2018,3,Mar,Mar 2018,Q1,2018-03,22,Thu,4
2018-03-23,2018,3,Mar,Mar 2018,Q1,2018-03,23,Fri,5
2018-03-24,2018,3,Mar,Mar 2018,Q1,2018-03,24,Sat,6
2018-03-25,2018,3,Mar,Mar 2018,Q1,2018-03,25,Sun,7
2018-03-26,2018,3,Mar,Mar 2018,Q1,2018-03,26,Mon,1
2018-03-27,2018,3,Mar,Mar 2018,Q1,2018-03,27,Tue,2
2018-03-28,2018,3,Mar,Mar 2018,Q1,2018-03,28,Wed,3
2018-03-29,2018,3,Mar,Mar 2018,Q1,2018-03,29,Thu,4
2018-03-30,2018,3,Mar,Mar 2018,Q1,2018-03,30,Fri,5
2018-03-31,2018,3,Mar,Mar 2018,Q1,2018-03,31,Sat,6
2018-04-01,2018,4,Apr,Apr 2018,Q2,2018-04,1,Sun,7
2018-04-02,2018,4,Apr,Apr 2018,Q2,2018-04,2,Mon,1
2018-04-03,2018,4,Apr,Apr 2018,Q2,2018-04,3,Tue,2
2018-04-04,2018,4,Apr,Apr 2018,Q2,2018-04,4,Wed,3
2018-04-05,2018,4,Apr,Apr 2018,Q2,2018-04,5,Thu,4
2018-04-06,2018,4,Apr,Apr 2018,Q2,2018-04,6,Fri,5
2018-04-07,2018,4,Apr,Apr 2018,Q2,2018-04,7,Sat,6
2018-04-08,2018,4,Apr,Apr 2018,Q2,2018-04,8,Sun,7
2018-04-09,2018,4,Apr,Apr 2018,Q2,2018-04,9,Mon,1
2018-04-10,2018,4,Apr,Apr 2018,Q2,2018-04,10,Tue,2
2018-04-11,2018,4,Apr,Apr 2018,Q2,2018-04,11,Wed,3
2018-04-12,2018,4,Apr,Apr 2018,Q2,2018-04,12,Thu,4
2018-04-13,2018,4,Apr,Apr 2018,Q2,2018-04,13,Fri,5
2018-04-14,2018,4,Apr,Apr 2018,Q2,2018-04,14,Sat,6
2018-04-15,2018,4,Apr,Apr 2018,Q2,2018-04,15,Sun,7
2018-04-16,2018,4,Apr,Apr 2018,Q2,2018-04,16,Mon,1
2018-04-17,2018,4,Apr,Apr 2018,Q2,2018-04,17,Tue,2
2018-04-18,2018,4,Apr,Apr 2018,Q2,2018-04,18,Wed,3
2018-04-19,2018,4,Apr,Apr 2018,Q2,2018-04,19,Thu,4
2018-04-20,2018,4,Apr,Apr 2018,Q2,2018-04,20,Fri,5
2018-04-21,2018,4,Apr,Apr 2018,Q2,2018-04,21,Sat,6
2018-04-22,2018,4,Apr,Apr 2018,Q2,2018-04,22,Sun,7
2018-04-23,2018,4,Apr,Apr 2018,Q2,2018-04,23,Mon,1
2018-04-24,2018,4,Apr,Apr 2018,Q2,2018-04,24,Tue,2
2018-04-25,2018,4,Apr,Apr 2018,Q2,2018-04,25,Wed,3
2018-04-26,2018,4,Apr,Apr 2018,Q2,2018-04,26,Thu,4
2018-04-27,2018,4,Apr,Apr 2018,Q2,2018-04,27,Fri,5
2018-04-28,2018,4,Apr,Apr 2018,Q2,2018-04,28,Sat,6
2018-04-29,2018,4,Apr,Apr 2018,Q2,2018-04,29,Sun,7
2018-04-30,2018,4,Apr,Apr 2018,Q2,2018-04,30,Mon,1
2018-05-01,2018,5,May,May 2018,Q2,2018-05,1,Tue,2
2018-05-02,2018,5,May,May 2018,Q2,2018-05,2,Wed,3
2018-05-03,2018,5,May,May 2018,Q2,2018-05,3,Thu,4
2018-05-04,2018,5,May,May 2018,Q2,2018-05,4,Fri,5
2018-05-05,2018,5,May,May 2018,Q2,2018-05,5,Sat,6
2018-05-06,2018,5,May,May 2018,Q2,2018-05,6,Sun,7
2018-05-07,2018,5,May,May 2018,Q2,2018-05,7,Mon,1
2018-05-08,2018,5,May,May 2018,Q2,2018-05,8,Tue,2
2018-05-09,2018,5,May,May 2018,Q2,2018-05,9,Wed,3
2018-05-10,2018,5,May,May 2018,Q2,2018-05,10,Thu,4
2018-05-11,2018,5,May,May 2018,Q2,2018-05,11,Fri,5
2018-05-12,2018,5,May,May 2018,Q2,2018-05,12,Sat,6
2018-05-13,2018,5,May,May 2018,Q2,2018-05,13,Sun,7
2018-05-14,2018,5,May,May 2018,Q2,2018-05,14,Mon,1
2018-05-15,2018,5,May,May 2018,Q2,2018-05,15,Tue,2
2018-05-16,2018,5,May,May 2018,Q2,2018-05,16,Wed,3
2018-05-17,2018,5,May,May 2018,Q2,2018-05,17,Thu,4
2018-05-18,2018,5,May,May 2018,Q2,2018-05,18,Fri,5
2018-05-19,2018,5,May,May 2018,Q2,2018-05,19,Sat,6
2018-05-20,2018,5,May,May 2018,Q2,2018-05,20,Sun,7
2018-05-21,2018,5,May,May 2018,Q2,2018-05,21,Mon,1
2018-05-22,2018,5,May,May 2018,Q2,2018-05,22,Tue,2
2018-05-23,2018,5,May,May 2018,Q2,2018-05,23,Wed,3
2018-05-24,2018,5,May,May 2018,Q2,2018-05,24,Thu,4
2018-05-25,2018,5,May,May 2018,Q2,2018-05,25,Fri,5
2018-05-26,2018,5,May,May 2018,Q2,2018-05,26,Sat,6
2018-05-27,2018,5,May,May 2018,Q2,2018-05,27,Sun,7
2018-05-28,2018,5,May,May 2018,Q2,2018-05,28,Mon,1
2018-05-29,2018,5,May,May 2018,Q2,2018-05,29,Tue,2
2018-05-30,2018,5,May,May 2018,Q2,2018-05,30,Wed,3
2018-05-31,2018,5,May,May 2018,Q2,2018-05,31,Thu,4
2018-06-01,2018,6,Jun,Jun 2018,Q2,2018-06,1,Fri,5
2018-06-02,2018,6,Jun,Jun 2018,Q2,2018-06,2,Sat,6
2018-06-03,2018,6,Jun,Jun 2018,Q2,2018-06,3,Sun,7
2018-06-04,2018,6,Jun,Jun 2018,Q2,2018-06,4,Mon,1
2018-06-05,2018,6,Jun,Jun 2018,Q2,2018-06,5,Tue,2
2018-06-06,2018,6,Jun,Jun 2018,Q2,2018-06,6,Wed,3
2018-06-07,2018,6,Jun,Jun 2018,Q2,2018-06,7,Thu,4
2018-06-08,2018,6,Jun,Jun 2018,Q2,2018-06,8,Fri,5
2018-06-09,2018,6,Jun,Jun 2018,Q2,2018-06,9,Sat,6
2018-06-10,2018,6,Jun,Jun 2018,Q2,2018-06,10,Sun,7
2018-06-11,2018,6,Jun,Jun 2018,Q2,2018-06,11,Mon,1
2018-06-12,2018,6,Jun,Jun 2018,Q2,2018-06,12,Tue,2
2018-06-13,2018,6,Jun,Jun 2018,Q2,2018-06,13,Wed,3
2018-06-14,2018,6,Jun,Jun 2018,Q2,2018-06,14,Thu,4
2018-06-15,2018,6,Jun,Jun 2018,Q2,2018-06,15,Fri,5
2018-06-16,2018,6,Jun,Jun 2018,Q2,2018-06,16,Sat,6
2018-06-17,2018,6,Jun,Jun 2018,Q2,2018-06,17,Sun,7
2018-06-18,2018,6,Jun,Jun 2018,Q2,2018-06,18,Mon,1
2018-06-19,2018,6,Jun,Jun 2018,Q2,2018-06,19,Tue,2
2018-06-20,2018,6,Jun,Jun 2018,Q2,2018-06,20,Wed,3
2018-06-21,2018,6,Jun,Jun 2018,Q2,2018-06,21,Thu,4
2018-06-22,2018,6,Jun,Jun 2018,Q2,2018-06,22,Fri,5
2018-06-23,2018,6,Jun,Jun 2018,Q2,2018-06,23,Sat,6
2018-06-24,2018,6,Jun,Jun 2018,Q2,2018-06,24,Sun,7
2018-06-25,2018,6,Jun,Jun 2018,Q2,2018-06,25,Mon,1
2018-06-26,2018,6,Jun,Jun 2018,Q2,2018-06,26,Tue,2
2018-06-27,2018,6,Jun,Jun 2018,Q2,2018-06,27,Wed,3
2018-06-28,2018,6,Jun,Jun 2018,Q2,2018-06,28,Thu,4
2018-06-29,2018,6,Jun,Jun 2018,Q2,2018-06,29,Fri,5
2018-06-30,2018,6,Jun,Jun 2018,Q2,2018-06,30,Sat,6
2018-07-01,2018,7,Jul,Jul 2018,Q3,2018-07,1,Sun,7
2018-07-02,2018,7,Jul,Jul 2018,Q3,2018-07,2,Mon,1
2018-07-03,2018,7,Jul,Jul 2018,Q3,2018-07,3,Tue,2
2018-07-04,2018,7,Jul,Jul 2018,Q3,2018-07,4,Wed,3
2018-07-05,2018,7,Jul,Jul 2018,Q3,2018-07,5,Thu,4
2018-07-06,2018,7,Jul,Jul 2018,Q3,2018-07,6,Fri,5
2018-07-07,2018,7,Jul,Jul 2018,Q3,2018-07,7,Sat,6
2018-07-08,2018,7,Jul,Jul 2018,Q3,2018-07,8,Sun,7
2018-07-09,2018,7,Jul,Jul 2018,Q3,2018-07,9,Mon,1
2018-07-10,2018,7,Jul,Jul 2018,Q3,2018-07,10,Tue,2
2018-07-11,2018,7,Jul,Jul 2018,Q3,2018-07,11,Wed,3
2018-07-12,2018,7,Jul,Jul 2018,Q3,2018-07,12,Thu,4
2018-07-13,2018,7,Jul,Jul 2018,Q3,2018-07,13,Fri,5
2018-07-14,2018,7,Jul,Jul 2018,Q3,2018-07,14,Sat,6
2018-07-15,2018,7,Jul,Jul 2018,Q3,2018-07,15,Sun,7
2018-07-16,2018,7,Jul,Jul 2018,Q3,2018-07,16,Mon,1
2018-07-17,2018,7,Jul,Jul 2018,Q3,2018-07,17,Tue,2
2018-07-18,2018,7,Jul,Jul 2018,Q3,2018-07,18,Wed,3
2018-07-19,2018,7,Jul,Jul 2018,Q3,2018-07,19,Thu,4
2018-07-20,2018,7,Jul,Jul 2018,Q3,2018-07,20,Fri,5
2018-07-21,2018,7,Jul,Jul 2018,Q3,2018-07,21,Sat,6
2018-07-22,2018,7,Jul,Jul 2018,Q3,2018-07,22,Sun,7
2018-07-23,2018,7,Jul,Jul 2018,Q3,2018-07,23,Mon,1
2018-07-24,2018,7,Jul,Jul 2018,Q3,2018-07,24,Tue,2
2018-07-25,2018,7,Jul,Jul 2018,Q3,2018-07,25,Wed,3
2018-07-26,2018,7,Jul,Jul 2018,Q3,2018-07,26,Thu,4
2018-07-27,2018,7,Jul,Jul 2018,Q3,2018-07,27,Fri,5
2018-07-28,2018,7,Jul,Jul 2018,Q3,2018-07,28,Sat,6
2018-07-29,2018,7,Jul,Jul 2018,Q3,2018-07,29,Sun,7
2018-07-30,2018,7,Jul,Jul 2018,Q3,2018-07,30,Mon,1
2018-07-31,2018,7,Jul,Jul 2018,Q3,2018-07,31,Tue,2
2018-08-01,2018,8,Aug,Aug 2018,Q3,2018-08,1,Wed,3
2018-08-02,2018,8,Aug,Aug 2018,Q3,2018-08,2,Thu,4
2018-08-03,2018,8,Aug,Aug 2018,Q3,2018-08,3,Fri,5
2018-08-04,2018,8,Aug,Aug 2018,Q3,2018-08,4,Sat,6
2018-08-05,2018,8,Aug,Aug 2018,Q3,2018-08,5,Sun,7
2018-08-06,2018,8,Aug,Aug 2018,Q3,2018-08,6,Mon,1
2018-08-07,2018,8,Aug,Aug 2018,Q3,2018-08,7,Tue,2
2018-08-08,2018,8,Aug,Aug 2018,Q3,2018-08,8,Wed,3
2018-08-09,2018,8,Aug,Aug 2018,Q3,2018-08,9,Thu,4
2018-08-10,2018,8,Aug,Aug 2018,Q3,2018-08,10,Fri,5
2018-08-11,2018,8,Aug,Aug 2018,Q3,2018-08,11,Sat,6
2018-08-12,2018,8,Aug,Aug 2018,Q3,2018-08,12,Sun,7
2018-08-13,2018,8,Aug,Aug 2018,Q3,2018-08,13,Mon,1
2018-08-14,2018,8,Aug,Aug 2018,Q3,2018-08,14,Tue,2
2018-08-15,2018,8,Aug,Aug 2018,Q3,2018-08,15,Wed,3
2018-08-16,2018,8,Aug,Aug 2018,Q3,2018-08,16,Thu,4
2018-08-17,2018,8,Aug,Aug 2018,Q3,2018-08,17,Fri,5
2018-08-18,2018,8,Aug,Aug 2018,Q3,2018-08,18,Sat,6
2018-08-19,2018,8,Aug,Aug 2018,Q3,2018-08,19,Sun,7
2018-08-20,2018,8,Aug,Aug 2018,Q3,2018-08,20,Mon,1
2018-08-21,2018,8,Aug,Aug 2018,Q3,2018-08,21,Tue,2
2018-08-22,2018,8,Aug,Aug 2018,Q3,2018-08,22,Wed,3
2018-08-23,2018,8,Aug,Aug 2018,Q3,2018-08,23,Thu,4
2018-08-24,2018,8,Aug,Aug 2018,Q3,2018-08,24,Fri,5
2018-08-25,2018,8,Aug,Aug 2018,Q3,2018-08,25,Sat,6
2018-08-26,2018,8,Aug,Aug 2018,Q3,2018-08,26,Sun,7
2018-08-27,2018,8,Aug,Aug 2018,Q3,2018-08,27,Mon,1
2018-08-28,2018,8,Aug,Aug 2018,Q3,2018-08,28,Tue,2
2018-08-29,2018,8,Aug,Aug 2018,Q3,2018-08,29,Wed,3
2018-08-30,2018,8,Aug,Aug 2018,Q3,2018-08,30,Thu,4
2018-08-31,2018,8,Aug,Aug 2018,Q3,2018-08,31,Fri,5
2018-09-01,2018,9,Sep,Sep 2018,Q3,2018-09,1,Sat,6
2018-09-02,2018,9,Sep,Sep 2018,Q3,2018-09,2,Sun,7
2018-09-03,2018,9,Sep,Sep 2018,Q3,2018-09,3,Mon,1
2018-09-04,2018,9,Sep,Sep 2018,Q3,2018-09,4,Tue,2
2018-09-05,2018,9,Sep,Sep 2018,Q3,2018-09,5,Wed,3
2018-09-06,2018,9,Sep,Sep 2018,Q3,2018-09,6,Thu,4
2018-09-07,2018,9,Sep,Sep 2018,Q3,2018-09,7,Fri,5
2018-09-08,2018,9,Sep,Sep 2018,Q3,2018-09,8,Sat,6
2018-09-09,2018,9,Sep,Sep 2018,Q3,2018-09,9,Sun,7
2018-09-10,2018,9,Sep,Sep 2018,Q3,2018-09,10,Mon,1
2018-09-11,2018,9,Sep,Sep 2018,Q3,2018-09,11,Tue,2
2018-09-12,2018,9,Sep,Sep 2018,Q3,2018-09,12,Wed,3
2018-09-13,2018,9,Sep,Sep 2018,Q3,2018-09,13,Thu,4
2018-09-14,2018,9,Sep,Sep 2018,Q3,2018-09,14,Fri,5
2018-09-15,2018,9,Sep,Sep 2018,Q3,2018-09,15,Sat,6
2018-09-16,2018,9,Sep,Sep 2018,Q3,2018-09,16,Sun,7
2018-09-17,2018,9,Sep,Sep 2018,Q3,2018-09,17,Mon,1
2018-09-18,2018,9,Sep,Sep 2018,Q3,2018-09,18,Tue,2
2018-09-19,2018,9,Sep,Sep 2018,Q3,2018-09,19,Wed,3
2018-09-20,2018,9,Sep,Sep 2018,Q3,2018-09,20,Thu,4
2018-09-21,2018,9,Sep,Sep 2018,Q3,2018-09,21,Fri,5
2018-09-22,2018,9,Sep,Sep 2018,Q3,2018-09,22,Sat,6
2018-09-23,2018,9,Sep,Sep 2018,Q3,2018-09,23,Sun,7
2018-09-24,2018,9,Sep,Sep 2018,Q3,2018-09,24,Mon,1
2018-09-25,2018,9,Sep,Sep 2018,Q3,2018-09,25,Tue,2
2018-09-26,2018,9,Sep,Sep 2018,Q3,2018-09,26,Wed,3
2018-09-27,2018,9,Sep,Sep 2018,Q3,2018-09,27,Thu,4
2018-09-28,2018,9,Sep,Sep 2018,Q3,2018-09,28,Fri,5
2018-09-29,2018,9,Sep,Sep 2018,Q3,2018-09,29,Sat,6
2018-09-30,2018,9,Sep,Sep 2018,Q3,2018-09,30,Sun,7
2018-10-01,2018,10,Oct,Oct 2018,Q4,2018-10,1,Mon,1
2018-10-02,2018,10,Oct,Oct 2018,Q4,2018-10,2,Tue,2
2018-10-03,2018,10,Oct,Oct 2018,Q4,2018-10,3,Wed,3
2018-10-04,2018,10,Oct,Oct 2018,Q4,2018-10,4,Thu,4
2018-10-05,2018,10,Oct,Oct 2018,Q4,2018-10,5,Fri,5
2018-10-06,2018,10,Oct,Oct 2018,Q4,2018-10,6,Sat,6
2018-10-07,2018,10,Oct,Oct 2018,Q4,2018-10,7,Sun,7
2018-10-08,2018,10,Oct,Oct 2018,Q4,2018-10,8,Mon,1
2018-10-09,2018,10,Oct,Oct 2018,Q4,2018-10,9,Tue,2
2018-10-10,2018,10,Oct,Oct 2018,Q4,2018-10,10,Wed,3
2018-10-11,2018,10,Oct,Oct 2018,Q4,2018-10,11,Thu,4
2018-10-12,2018,10,Oct,Oct 2018,Q4,2018-10,12,Fri,5
2018-10-13,2018,10,Oct,Oct 2018,Q4,2018-10,13,Sat,6
2018-10-14,2018,10,Oct,Oct 2018,Q4,2018-10,14,Sun,7
2018-10-15,2018,10,Oct,Oct 2018,Q4,2018-10,15,Mon,1
2018-10-16,2018,10,Oct,Oct 2018,Q4,2018-10,16,Tue,2
2018-10-17,2018,10,Oct,Oct 2018,Q4,2018-10,17,Wed,3
2018-10-18,2018,10,Oct,Oct 2018,Q4,2018-10,18,Thu,4
2018-10-19,2018,10,Oct,Oct 2018,Q4,2018-10,19,Fri,5
2018-10-20,2018,10,Oct,Oct 2018,Q4,2018-10,20,Sat,6
2018-10-21,2018,10,Oct,Oct 2018,Q4,2018-10,21,Sun,7
2018-10-22,2018,10,Oct,Oct 2018,Q4,2018-10,22,Mon,1
2018-10-23,2018,10,Oct,Oct 2018,Q4,2018-10,23,Tue,2
2018-10-24,2018,10,Oct,Oct 2018,Q4,2018-10,24,Wed,3
2018-10-25,2018,10,Oct,Oct 2018,Q4,2018-10,25,Thu,4
2018-10-26,2018,10,Oct,Oct 2018,Q4,2018-10,26,Fri,5
2018-10-27,2018,10,Oct,Oct 2018,Q4,2018-10,27,Sat,6
2018-10-28,2018,10,Oct,Oct 2018,Q4,2018-10,28,Sun,7
2018-10-29,2018,10,Oct,Oct 2018,Q4,2018-10,29,Mon,1
2018-10-30,2018,10,Oct,Oct 2018,Q4,2018-10,30,Tue,2
2018-10-31,2018,10,Oct,Oct 2018,Q4,2018-10,31,Wed,3
2018-11-01,2018,11,Nov,Nov 2018,Q4,2018-11,1,Thu,4
2018-11-02,2018,11,Nov,Nov 2018,Q4,2018-11,2,Fri,5
2018-11-03,2018,11,Nov,Nov 2018,Q4,2018-11,3,Sat,6
2018-11-04,2018,11,Nov,Nov 2018,Q4,2018-11,4,Sun,7
2018-11-05,2018,11,Nov,Nov 2018,Q4,2018-11,5,Mon,1
2018-11-06,2018,11,Nov,Nov 2018,Q4,2018-11,6,Tue,2
2018-11-07,2018,11,Nov,Nov 2018,Q4,2018-11,7,Wed,3
2018-11-08,2018,11,Nov,Nov 2018,Q4,2018-11,8,Thu,4
2018-11-09,2018,11,Nov,Nov 2018,Q4,2018-11,9,Fri,5
2018-11-10,2018,11,Nov,Nov 2018,Q4,2018-11,10,Sat,6
2018-11-11,2018,11,Nov,Nov 2018,Q4,2018-11,11,Sun,7
2018-11-12,2018,11,Nov,Nov 2018,Q4,2018-11,12,Mon,1
2018-11-13,2018,11,Nov,Nov 2018,Q4,2018-11,13,Tue,2
2018-11-14,2018,11,Nov,Nov 2018,Q4,2018-11,14,Wed,3
2018-11-15,2018,11,Nov,Nov 2018,Q4,2018-11,15,Thu,4
2018-11-16,2018,11,Nov,Nov 2018,Q4,2018-11,16,Fri,5
2018-11-17,2018,11,Nov,Nov 2018,Q4,2018-11,17,Sat,6
2018-11-18,2018,11,Nov,Nov 2018,Q4,2018-11,18,Sun,7
2018-11-19,2018,11,Nov,Nov 2018,Q4,2018-11,19,Mon,1
2018-11-20,2018,11,Nov,Nov 2018,Q4,2018-11,20,Tue,2
2018-11-21,2018,11,Nov,Nov 2018,Q4,2018-11,21,Wed,3
2018-11-22,2018,11,Nov,Nov 2018,Q4,2018-11,22,Thu,4
2018-11-23,2018,11,Nov,Nov 2018,Q4,2018-11,23,Fri,5
2018-11-24,2018,11,Nov,Nov 2018,Q4,2018-11,24,Sat,6
2018-11-25,2018,11,Nov,Nov 2018,Q4,2018-11,25,Sun,7
2018-11-26,2018,11,Nov,Nov 2018,Q4,2018-11,26,Mon,1
2018-11-27,2018,11,Nov,Nov 2018,Q4,2018-11,27,Tue,2
2018-11-28,2018,11,Nov,Nov 2018,Q4,2018-11,28,Wed,3
2018-11-29,2018,11,Nov,Nov 2018,Q4,2018-11,29,Thu,4
2018-11-30,2018,11,Nov,Nov 2018,Q4,2018-11,30,Fri,5
2018-12-01,2018,12,Dec,Dec 2018,Q4,2018-12,1,Sat,6
2018-12-02,2018,12,Dec,Dec 2018,Q4,2018-12,2,Sun,7
2018-12-03,2018,12,Dec,Dec 2018,Q4,2018-12,3,Mon,1
2018-12-04,2018,12,Dec,Dec 2018,Q4,2018-12,4,Tue,2
2018-12-05,2018,12,Dec,Dec 2018,Q4,2018-12,5,Wed,3
2018-12-06,2018,12,Dec,Dec 2018,Q4,2018-12,6,Thu,4
2018-12-07,2018,12,Dec,Dec 2018,Q4,2018-12,7,Fri,5
2018-12-08,2018,12,Dec,Dec 2018,Q4,2018-12,8,Sat,6
2018-12-09,2018,12,Dec,Dec 2018,Q4,2018-12,9,Sun,7
2018-12-10,2018,12,Dec,Dec 2018,Q4,2018-12,10,Mon,1
2018-12-11,2018,12,Dec,Dec 2018,Q4,2018-12,11,Tue,2
2018-12-12,2018,12,Dec,Dec 2018,Q4,2018-12,12,Wed,3
2018-12-13,2018,12,Dec,Dec 2018,Q4,2018-12,13,Thu,4
2018-12-14,2018,12,Dec,Dec 2018,Q4,2018-12,14,Fri,5
2018-12-15,2018,12,Dec,Dec 2018,Q4,2018-12,15,Sat,6
2018-12-16,2018,12,Dec,Dec 2018,Q4,2018-12,16,Sun,7
2018-12-17,2018,12,Dec,Dec 2018,Q4,2018-12,17,Mon,1
2018-12-18,2018,12,Dec,Dec 2018,Q4,2018-12,18,Tue,2
2018-12-19,2018,12,Dec,Dec 2018,Q4,2018-12,19,Wed,3
2018-12-20,2018,12,Dec,Dec 2018,Q4,2018-12,20,Thu,4
2018-12-21,2018,12,Dec,Dec 2018,Q4,2018-12,21,Fri,5
2018-12-22,2018,12,Dec,Dec 2018,Q4,2018-12,22,Sat,6
2018-12-23,2018,12,Dec,Dec 2018,Q4,2018-12,23,Sun,7
2018-12-24,2018,12,Dec,Dec 2018,Q4,2018-12,24,Mon,1
2018-12-25,2018,12,Dec,Dec 2018,Q4,2018-12,25,Tue,2
2018-12-26,2018,12,Dec,Dec 2018,Q4,2018-12,26,Wed,3
2018-12-27,2018,12,Dec,Dec 2018,Q4,2018-12,27,Thu,4
2018-12-28,2018,12,Dec,Dec 2018,Q4,2018-12,28,Fri,5
2018-12-29,2018,12,Dec,Dec 2018,Q4,2018-12,29,Sat,6
2018-12-30,2018,12,Dec,Dec 2018,Q4,2018-12,30,Sun,7
2018-12-31,2018,12,Dec,Dec 2018,Q4,2018-12,31,Mon,1
2019-01-01,2019,1,Jan,Jan 2019,Q1,2019-01,1,Tue,2
2019-01-02,2019,1,Jan,Jan 2019,Q1,2019-01,2,Wed,3
2019-01-03,2019,1,Jan,Jan 2019,Q1,2019-01,3,Thu,4
2019-01-04,2019,1,Jan,Jan 2019,Q1,2019-01,4,Fri,5
2019-01-05,2019,1,Jan,Jan 2019,Q1,2019-01,5,Sat,6
2019-01-06,2019,1,Jan,Jan 2019,Q1,2019-01,6,Sun,7
2019-01-07,2019,1,Jan,Jan 2019,Q1,2019-01,7,Mon,1
2019-01-08,2019,1,Jan,Jan 2019,Q1,2019-01,8,Tue,2
2019-01-09,2019,1,Jan,Jan 2019,Q1,2019-01,9,Wed,3
2019-01-10,2019,1,Jan,Jan 2019,Q1,2019-01,10,Thu,4
2019-01-11,2019,1,Jan,Jan 2019,Q1,2019-01,11,Fri,5
2019-01-12,2019,1,Jan,Jan 2019,Q1,2019-01,12,Sat,6
2019-01-13,2019,1,Jan,Jan 2019,Q1,2019-01,13,Sun,7
2019-01-14,2019,1,Jan,Jan 2019,Q1,2019-01,14,Mon,1
2019-01-15,2019,1,Jan,Jan 2019,Q1,2019-01,15,Tue,2
2019-01-16,2019,1,Jan,Jan 2019,Q1,2019-01,16,Wed,3
2019-01-17,2019,1,Jan,Jan 2019,Q1,2019-01,17,Thu,4
2019-01-18,2019,1,Jan,Jan 2019,Q1,2019-01,18,Fri,5
2019-01-19,2019,1,Jan,Jan 2019,Q1,2019-01,19,Sat,6
2019-01-20,2019,1,Jan,Jan 2019,Q1,2019-01,20,Sun,7
2019-01-21,2019,1,Jan,Jan 2019,Q1,2019-01,21,Mon,1
2019-01-22,2019,1,Jan,Jan 2019,Q1,2019-01,22,Tue,2
2019-01-23,2019,1,Jan,Jan 2019,Q1,2019-01,23,Wed,3
2019-01-24,2019,1,Jan,Jan 2019,Q1,2019-01,24,Thu,4
2019-01-25,2019,1,Jan,Jan 2019,Q1,2019-01,25,Fri,5
2019-01-26,2019,1,Jan,Jan 2019,Q1,2019-01,26,Sat,6
2019-01-27,2019,1,Jan,Jan 2019,Q1,2019-01,27,Sun,7
2019-01-28,2019,1,Jan,Jan 2019,Q1,2019-01,28,Mon,1
2019-01-29,2019,1,Jan,Jan 2019,Q1,2019-01,29,Tue,2
2019-01-30,2019,1,Jan,Jan 2019,Q1,2019-01,30,Wed,3
2019-01-31,2019,1,Jan,Jan 2019,Q1,2019-01,31,Thu,4
2019-02-01,2019,2,Feb,Feb 2019,Q1,2019-02,1,Fri,5
2019-02-02,2019,2,Feb,Feb 2019,Q1,2019-02,2,Sat,6
2019-02-03,2019,2,Feb,Feb 2019,Q1,2019-02,3,Sun,7
2019-02-04,2019,2,Feb,Feb 2019,Q1,2019-02,4,Mon,1
2019-02-05,2019,2,Feb,Feb 2019,Q1,2019-02,5,Tue,2
2019-02-06,2019,2,Feb,Feb 2019,Q1,2019-02,6,Wed,3
2019-02-07,2019,2,Feb,Feb 2019,Q1,2019-02,7,Thu,4
2019-02-08,2019,2,Feb,Feb 2019,Q1,2019-02,8,Fri,5
2019-02-09,2019,2,Feb,Feb 2019,Q1,2019-02,9,Sat,6
2019-02-10,2019,2,Feb,Feb 2019,Q1,2019-02,10,Sun,7
2019-02-11,2019,2,Feb,Feb 2019,Q1,2019-02,11,Mon,1
2019-02-12,2019,2,Feb,Feb 2019,Q1,2019-02,12,Tue,2
2019-02-13,2019,2,Feb,Feb 2019,Q1,2019-02,13,Wed,3
2019-02-14,2019,2,Feb,Feb 2019,Q1,2019-02,14,Thu,4
2019-02-15,2019,2,Feb,Feb 2019,Q1,2019-02,15,Fri,5
2019-02-16,2019,2,Feb,Feb 2019,Q1,2019-02,16,Sat,6
2019-02-17,2019,2,Feb,Feb 2019,Q1,2019-02,17,Sun,7
2019-02-18,2019,2,Feb,Feb 2019,Q1,2019-02,18,Mon,1
2019-02-19,2019,2,Feb,Feb 2019,Q1,2019-02,19,Tue,2
2019-02-20,2019,2,Feb,Feb 2019,Q1,2019-02,20,Wed,3
2019-02-21,2019,2,Feb,Feb 2019,Q1,2019-02,21,Thu,4
2019-02-22,2019,2,Feb,Feb 2019,Q1,2019-02,22,Fri,5
2019-02-23,2019,2,Feb,Feb 2019,Q1,2019-02,23,Sat,6
2019-02-24,2019,2,Feb,Feb 2019,Q1,2019-02,24,Sun,7
2019-02-25,2019,2,Feb,Feb 2019,Q1,2019-02,25,Mon,1
2019-02-26,2019,2,Feb,Feb 2019,Q1,2019-02,26,Tue,2
2019-02-27,2019,2,Feb,Feb 2019,Q1,2019-02,27,Wed,3
2019-02-28,2019,2,Feb,Feb 2019,Q1,2019-02,28,Thu,4
2019-03-01,2019,3,Mar,Mar 2019,Q1,2019-03,1,Fri,5
2019-03-02,2019,3,Mar,Mar 2019,Q1,2019-03,2,Sat,6
2019-03-03,2019,3,Mar,Mar 2019,Q1,2019-03,3,Sun,7
2019-03-04,2019,3,Mar,Mar 2019,Q1,2019-03,4,Mon,1
2019-03-05,2019,3,Mar,Mar 2019,Q1,2019-03,5,Tue,2
2019-03-06,2019,3,Mar,Mar 2019,Q1,2019-03,6,Wed,3
2019-03-07,2019,3,Mar,Mar 2019,Q1,2019-03,7,Thu,4
2019-03-08,2019,3,Mar,Mar 2019,Q1,2019-03,8,Fri,5
2019-03-09,2019,3,Mar,Mar 2019,Q1,2019-03,9,Sat,6
2019-03-10,2019,3,Mar,Mar 2019,Q1,2019-03,10,Sun,7
2019-03-11,2019,3,Mar,Mar 2019,Q1,2019-03,11,Mon,1
2019-03-12,2019,3,Mar,Mar 2019,Q1,2019-03,12,Tue,2
2019-03-13,2019,3,Mar,Mar 2019,Q1,2019-03,13,Wed,3
2019-03-14,2019,3,Mar,Mar 2019,Q1,2019-03,14,Thu,4
2019-03-15,2019,3,Mar,Mar 2019,Q1,2019-03,15,Fri,5
2019-03-16,2019,3,Mar,Mar 2019,Q1,2019-03,16,Sat,6
2019-03-17,2019,3,Mar,Mar 2019,Q1,2019-03,17,Sun,7
2019-03-18,2019,3,Mar,Mar 2019,Q1,2019-03,18,Mon,1
2019-03-19,2019,3,Mar,Mar 2019,Q1,2019-03,19,Tue,2
2019-03-20,2019,3,Mar,Mar 2019,Q1,2019-03,20,Wed,3
2019-03-21,2019,3,Mar,Mar 2019,Q1,2019-03,21,Thu,4
2019-03-22,2019,3,Mar,Mar 2019,Q1,2019-03,22,Fri,5
2019-03-23,2019,3,Mar,Mar 2019,Q1,2019-03,23,Sat,6
2019-03-24,2019,3,Mar,Mar 2019,Q1,2019-03,24,Sun,7
2019-03-25,2019,3,Mar,Mar 2019,Q1,2019-03,25,Mon,1
2019-03-26,2019,3,Mar,Mar 2019,Q1,2019-03,26,Tue,2
2019-03-27,2019,3,Mar,Mar 2019,Q1,2019-03,27,Wed,3
2019-03-28,2019,3,Mar,Mar 2019,Q1,2019-03,28,Thu,4
2019-03-29,2019,3,Mar,Mar 2019,Q1,2019-03,29,Fri,5
2019-03-30,2019,3,Mar,Mar 2019,Q1,2019-03,30,Sat,6
2019-03-31,2019,3,Mar,Mar 2019,Q1,2019-03,31,Sun,7
2019-04-01,2019,4,Apr,Apr 2019,Q2,2019-04,1,Mon,1
2019-04-02,2019,4,Apr,Apr 2019,Q2,2019-04,2,Tue,2
2019-04-03,2019,4,Apr,Apr 2019,Q2,2019-04,3,Wed,3
2019-04-04,2019,4,Apr,Apr 2019,Q2,2019-04,4,Thu,4
2019-04-05,2019,4,Apr,Apr 2019,Q2,2019-04,5,Fri,5
2019-04-06,2019,4,Apr,Apr 2019,Q2,2019-04,6,Sat,6
2019-04-07,2019,4,Apr,Apr 2019,Q2,2019-04,7,Sun,7
2019-04-08,2019,4,Apr,Apr 2019,Q2,2019-04,8,Mon,1
2019-04-09,2019,4,Apr,Apr 2019,Q2,2019-04,9,Tue,2
2019-04-10,2019,4,Apr,Apr 2019,Q2,2019-04,10,Wed,3
2019-04-11,2019,4,Apr,Apr 2019,Q2,2019-04,11,Thu,4
2019-04-12,2019,4,Apr,Apr 2019,Q2,2019-04,12,Fri,5
2019-04-13,2019,4,Apr,Apr 2019,Q2,2019-04,13,Sat,6
2019-04-14,2019,4,Apr,Apr 2019,Q2,2019-04,14,Sun,7
2019-04-15,2019,4,Apr,Apr 2019,Q2,2019-04,15,Mon,1
2019-04-16,2019,4,Apr,Apr 2019,Q2,2019-04,16,Tue,2
2019-04-17,2019,4,Apr,Apr 2019,Q2,2019-04,17,Wed,3
2019-04-18,2019,4,Apr,Apr 2019,Q2,2019-04,18,Thu,4
2019-04-19,2019,4,Apr,Apr 2019,Q2,2019-04,19,Fri,5
2019-04-20,2019,4,Apr,Apr 2019,Q2,2019-04,20,Sat,6
2019-04-21,2019,4,Apr,Apr 2019,Q2,2019-04,21,Sun,7
2019-04-22,2019,4,Apr,Apr 2019,Q2,2019-04,22,Mon,1
2019-04-23,2019,4,Apr,Apr 2019,Q2,2019-04,23,Tue,2
2019-04-24,2019,4,Apr,Apr 2019,Q2,2019-04,24,Wed,3
2019-04-25,2019,4,Apr,Apr 2019,Q2,2019-04,25,Thu,4
2019-04-26,2019,4,Apr,Apr 2019,Q2,2019-04,26,Fri,5
2019-04-27,2019,4,Apr,Apr 2019,Q2,2019-04,27,Sat,6
2019-04-28,2019,4,Apr,Apr 2019,Q2,2019-04,28,Sun,7
2019-04-29,2019,4,Apr,Apr 2019,Q2,2019-04,29,Mon,1
2019-04-30,2019,4,Apr,Apr 2019,Q2,2019-04,30,Tue,2
2019-05-01,2019,5,May,May 2019,Q2,2019-05,1,Wed,3
2019-05-02,2019,5,May,May 2019,Q2,2019-05,2,Thu,4
2019-05-03,2019,5,May,May 2019,Q2,2019-05,3,Fri,5
2019-05-04,2019,5,May,May 2019,Q2,2019-05,4,Sat,6
2019-05-05,2019,5,May,May 2019,Q2,2019-05,5,Sun,7
2019-05-06,2019,5,May,May 2019,Q2,2019-05,6,Mon,1
2019-05-07,2019,5,May,May 2019,Q2,2019-05,7,Tue,2
2019-05-08,2019,5,May,May 2019,Q2,2019-05,8,Wed,3
2019-05-09,2019,5,May,May 2019,Q2,2019-05,9,Thu,4
2019-05-10,2019,5,May,May 2019,Q2,2019-05,10,Fri,5
2019-05-11,2019,5,May,May 2019,Q2,2019-05,11,Sat,6
2019-05-12,2019,5,May,May 2019,Q2,2019-05,12,Sun,7
2019-05-13,2019,5,May,May 2019,Q2,2019-05,13,Mon,1
2019-05-14,2019,5,May,May 2019,Q2,2019-05,14,Tue,2
2019-05-15,2019,5,May,May 2019,Q2,2019-05,15,Wed,3
2019-05-16,2019,5,May,May 2019,Q2,2019-05,16,Thu,4
2019-05-17,2019,5,May,May 2019,Q2,2019-05,17,Fri,5
2019-05-18,2019,5,May,May 2019,Q2,2019-05,18,Sat,6
2019-05-19,2019,5,May,May 2019,Q2,2019-05,19,Sun,7
2019-05-20,2019,5,May,May 2019,Q2,2019-05,20,Mon,1
2019-05-21,2019,5,May,May 2019,Q2,2019-05,21,Tue,2
2019-05-22,2019,5,May,May 2019,Q2,2019-05,22,Wed,3
2019-05-23,2019,5,May,May 2019,Q2,2019-05,23,Thu,4
2019-05-24,2019,5,May,May 2019,Q2,2019-05,24,Fri,5
2019-05-25,2019,5,May,May 2019,Q2,2019-05,25,Sat,6
2019-05-26,2019,5,May,May 2019,Q2,2019-05,26,Sun,7
2019-05-27,2019,5,May,May 2019,Q2,2019-05,27,Mon,1
2019-05-28,2019,5,May,May 2019,Q2,2019-05,28,Tue,2
2019-05-29,2019,5,May,May 2019,Q2,2019-05,29,Wed,3
2019-05-30,2019,5,May,May 2019,Q2,2019-05,30,Thu,4
2019-05-31,2019,5,May,May 2019,Q2,2019-05,31,Fri,5
2019-06-01,2019,6,Jun,Jun 2019,Q2,2019-06,1,Sat,6
2019-06-02,2019,6,Jun,Jun 2019,Q2,2019-06,2,Sun,7
2019-06-03,2019,6,Jun,Jun 2019,Q2,2019-06,3,Mon,1
2019-06-04,2019,6,Jun,Jun 2019,Q2,2019-06,4,Tue,2
2019-06-05,2019,6,Jun,Jun 2019,Q2,2019-06,5,Wed,3
2019-06-06,2019,6,Jun,Jun 2019,Q2,2019-06,6,Thu,4
2019-06-07,2019,6,Jun,Jun 2019,Q2,2019-06,7,Fri,5
2019-06-08,2019,6,Jun,Jun 2019,Q2,2019-06,8,Sat,6
2019-06-09,2019,6,Jun,Jun 2019,Q2,2019-06,9,Sun,7
2019-06-10,2019,6,Jun,Jun 2019,Q2,2019-06,10,Mon,1
2019-06-11,2019,6,Jun,Jun 2019,Q2,2019-06,11,Tue,2
2019-06-12,2019,6,Jun,Jun 2019,Q2,2019-06,12,Wed,3
2019-06-13,2019,6,Jun,Jun 2019,Q2,2019-06,13,Thu,4
2019-06-14,2019,6,Jun,Jun 2019,Q2,2019-06,14,Fri,5
2019-06-15,2019,6,Jun,Jun 2019,Q2,2019-06,15,Sat,6
2019-06-16,2019,6,Jun,Jun 2019,Q2,2019-06,16,Sun,7
2019-06-17,2019,6,Jun,Jun 2019,Q2,2019-06,17,Mon,1
2019-06-18,2019,6,Jun,Jun 2019,Q2,2019-06,18,Tue,2
2019-06-19,2019,6,Jun,Jun 2019,Q2,2019-06,19,Wed,3
2019-06-20,2019,6,Jun,Jun 2019,Q2,2019-06,20,Thu,4
2019-06-21,2019,6,Jun,Jun 2019,Q2,2019-06,21,Fri,5
2019-06-22,2019,6,Jun,Jun 2019,Q2,2019-06,22,Sat,6
2019-06-23,2019,6,Jun,Jun 2019,Q2,2019-06,23,Sun,7
2019-06-24,2019,6,Jun,Jun 2019,Q2,2019-06,24,Mon,1
2019-06-25,2019,6,Jun,Jun 2019,Q2,2019-06,25,Tue,2
2019-06-26,2019,6,Jun,Jun 2019,Q2,2019-06,26,Wed,3
2019-06-27,2019,6,Jun,Jun 2019,Q2,2019-06,27,Thu,4
2019-06-28,2019,6,Jun,Jun 2019,Q2,2019-06,28,Fri,5
2019-06-29,2019,6,Jun,Jun 2019,Q2,2019-06,29,Sat,6
2019-06-30,2019,6,Jun,Jun 2019,Q2,2019-06,30,Sun,7
2019-07-01,2019,7,Jul,Jul 2019,Q3,2019-07,1,Mon,1
2019-07-02,2019,7,Jul,Jul 2019,Q3,2019-07,2,Tue,2
2019-07-03,2019,7,Jul,Jul 2019,Q3,2019-07,3,Wed,3
2019-07-04,2019,7,Jul,Jul 2019,Q3,2019-07,4,Thu,4
2019-07-05,2019,7,Jul,Jul 2019,Q3,2019-07,5,Fri,5
2019-07-06,2019,7,Jul,Jul 2019,Q3,2019-07,6,Sat,6
2019-07-07,2019,7,Jul,Jul 2019,Q3,2019-07,7,Sun,7
2019-07-08,2019,7,Jul,Jul 2019,Q3,2019-07,8,Mon,1
2019-07-09,2019,7,Jul,Jul 2019,Q3,2019-07,9,Tue,2
2019-07-10,2019,7,Jul,Jul 2019,Q3,2019-07,10,Wed,3
2019-07-11,2019,7,Jul,Jul 2019,Q3,2019-07,11,Thu,4
2019-07-12,2019,7,Jul,Jul 2019,Q3,2019-07,12,Fri,5
2019-07-13,2019,7,Jul,Jul 2019,Q3,2019-07,13,Sat,6
2019-07-14,2019,7,Jul,Jul 2019,Q3,2019-07,14,Sun,7
2019-07-15,2019,7,Jul,Jul 2019,Q3,2019-07,15,Mon,1
2019-07-16,2019,7,Jul,Jul 2019,Q3,2019-07,16,Tue,2
2019-07-17,2019,7,Jul,Jul 2019,Q3,2019-07,17,Wed,3
2019-07-18,2019,7,Jul,Jul 2019,Q3,2019-07,18,Thu,4
2019-07-19,2019,7,Jul,Jul 2019,Q3,2019-07,19,Fri,5
2019-07-20,2019,7,Jul,Jul 2019,Q3,2019-07,20,Sat,6
2019-07-21,2019,7,Jul,Jul 2019,Q3,2019-07,21,Sun,7
2019-07-22,2019,7,Jul,Jul 2019,Q3,2019-07,22,Mon,1
2019-07-23,2019,7,Jul,Jul 2019,Q3,2019-07,23,Tue,2
2019-07-24,2019,7,Jul,Jul 2019,Q3,2019-07,24,Wed,3
2019-07-25,2019,7,Jul,Jul 2019,Q3,2019-07,25,Thu,4
2019-07-26,2019,7,Jul,Jul 2019,Q3,2019-07,26,Fri,5
2019-07-27,2019,7,Jul,Jul 2019,Q3,2019-07,27,Sat,6
2019-07-28,2019,7,Jul,Jul 2019,Q3,2019-07,28,Sun,7
2019-07-29,2019,7,Jul,Jul 2019,Q3,2019-07,29,Mon,1
2019-07-30,2019,7,Jul,Jul 2019,Q3,2019-07,30,Tue,2
2019-07-31,2019,7,Jul,Jul 2019,Q3,2019-07,31,Wed,3
2019-08-01,2019,8,Aug,Aug 2019,Q3,2019-08,1,Thu,4
2019-08-02,2019,8,Aug,Aug 2019,Q3,2019-08,2,Fri,5
2019-08-03,2019,8,Aug,Aug 2019,Q3,2019-08,3,Sat,6
2019-08-04,2019,8,Aug,Aug 2019,Q3,2019-08,4,Sun,7
2019-08-05,2019,8,Aug,Aug 2019,Q3,2019-08,5,Mon,1
2019-08-06,2019,8,Aug,Aug 2019,Q3,2019-08,6,Tue,2
2019-08-07,2019,8,Aug,Aug 2019,Q3,2019-08,7,Wed,3
2019-08-08,2019,8,Aug,Aug 2019,Q3,2019-08,8,Thu,4
2019-08-09,2019,8,Aug,Aug 2019,Q3,2019-08,9,Fri,5
2019-08-10,2019,8,Aug,Aug 2019,Q3,2019-08,10,Sat,6
2019-08-11,2019,8,Aug,Aug 2019,Q3,2019-08,11,Sun,7
2019-08-12,2019,8,Aug,Aug 2019,Q3,2019-08,12,Mon,1
2019-08-13,2019,8,Aug,Aug 2019,Q3,2019-08,13,Tue,2
2019-08-14,2019,8,Aug,Aug 2019,Q3,2019-08,14,Wed,3
2019-08-15,2019,8,Aug,Aug 2019,Q3,2019-08,15,Thu,4
2019-08-16,2019,8,Aug,Aug 2019,Q3,2019-08,16,Fri,5
2019-08-17,2019,8,Aug,Aug 2019,Q3,2019-08,17,Sat,6
2019-08-18,2019,8,Aug,Aug 2019,Q3,2019-08,18,Sun,7
2019-08-19,2019,8,Aug,Aug 2019,Q3,2019-08,19,Mon,1
2019-08-20,2019,8,Aug,Aug 2019,Q3,2019-08,20,Tue,2
2019-08-21,2019,8,Aug,Aug 2019,Q3,2019-08,21,Wed,3
2019-08-22,2019,8,Aug,Aug 2019,Q3,2019-08,22,Thu,4
2019-08-23,2019,8,Aug,Aug 2019,Q3,2019-08,23,Fri,5
2019-08-24,2019,8,Aug,Aug 2019,Q3,2019-08,24,Sat,6
2019-08-25,2019,8,Aug,Aug 2019,Q3,2019-08,25,Sun,7
2019-08-26,2019,8,Aug,Aug 2019,Q3,2019-08,26,Mon,1
2019-08-27,2019,8,Aug,Aug 2019,Q3,2019-08,27,Tue,2
2019-08-28,2019,8,Aug,Aug 2019,Q3,2019-08,28,Wed,3
2019-08-29,2019,8,Aug,Aug 2019,Q3,2019-08,29,Thu,4
2019-08-30,2019,8,Aug,Aug 2019,Q3,2019-08,30,Fri,5
2019-08-31,2019,8,Aug,Aug 2019,Q3,2019-08,31,Sat,6
2019-09-01,2019,9,Sep,Sep 2019,Q3,2019-09,1,Sun,7
2019-09-02,2019,9,Sep,Sep 2019,Q3,2019-09,2,Mon,1
2019-09-03,2019,9,Sep,Sep 2019,Q3,2019-09,3,Tue,2
2019-09-04,2019,9,Sep,Sep 2019,Q3,2019-09,4,Wed,3
2019-09-05,2019,9,Sep,Sep 2019,Q3,2019-09,5,Thu,4
2019-09-06,2019,9,Sep,Sep 2019,Q3,2019-09,6,Fri,5
2019-09-07,2019,9,Sep,Sep 2019,Q3,2019-09,7,Sat,6
2019-09-08,2019,9,Sep,Sep 2019,Q3,2019-09,8,Sun,7
2019-09-09,2019,9,Sep,Sep 2019,Q3,2019-09,9,Mon,1
2019-09-10,2019,9,Sep,Sep 2019,Q3,2019-09,10,Tue,2
2019-09-11,2019,9,Sep,Sep 2019,Q3,2019-09,11,Wed,3
2019-09-12,2019,9,Sep,Sep 2019,Q3,2019-09,12,Thu,4
2019-09-13,2019,9,Sep,Sep 2019,Q3,2019-09,13,Fri,5
2019-09-14,2019,9,Sep,Sep 2019,Q3,2019-09,14,Sat,6
2019-09-15,2019,9,Sep,Sep 2019,Q3,2019-09,15,Sun,7
2019-09-16,2019,9,Sep,Sep 2019,Q3,2019-09,16,Mon,1
2019-09-17,2019,9,Sep,Sep 2019,Q3,2019-09,17,Tue,2
2019-09-18,2019,9,Sep,Sep 2019,Q3,2019-09,18,Wed,3
2019-09-19,2019,9,Sep,Sep 2019,Q3,2019-09,19,Thu,4
2019-09-20,2019,9,Sep,Sep 2019,Q3,2019-09,20,Fri,5
2019-09-21,2019,9,Sep,Sep 2019,Q3,2019-09,21,Sat,6
2019-09-22,2019,9,Sep,Sep 2019,Q3,2019-09,22,Sun,7
2019-09-23,2019,9,Sep,Sep 2019,Q3,2019-09,23,Mon,1
2019-09-24,2019,9,Sep,Sep 2019,Q3,2019-09,24,Tue,2
2019-09-25,2019,9,Sep,Sep 2019,Q3,2019-09,25,Wed,3
2019-09-26,2019,9,Sep,Sep 2019,Q3,2019-09,26,Thu,4
2019-09-27,2019,9,Sep,Sep 2019,Q3,2019-09,27,Fri,5
2019-09-28,2019,9,Sep,Sep 2019,Q3,2019-09,28,Sat,6
2019-09-29,2019,9,Sep,Sep 2019,Q3,2019-09,29,Sun,7
2019-09-30,2019,9,Sep,Sep 2019,Q3,2019-09,30,Mon,1
2019-10-01,2019,10,Oct,Oct 2019,Q4,2019-10,1,Tue,2
2019-10-02,2019,10,Oct,Oct 2019,Q4,2019-10,2,Wed,3
2019-10-03,2019,10,Oct,Oct 2019,Q4,2019-10,3,Thu,4
2019-10-04,2019,10,Oct,Oct 2019,Q4,2019-10,4,Fri,5
2019-10-05,2019,10,Oct,Oct 2019,Q4,2019-10,5,Sat,6
2019-10-06,2019,10,Oct,Oct 2019,Q4,2019-10,6,Sun,7
2019-10-07,2019,10,Oct,Oct 2019,Q4,2019-10,7,Mon,1
2019-10-08,2019,10,Oct,Oct 2019,Q4,2019-10,8,Tue,2
2019-10-09,2019,10,Oct,Oct 2019,Q4,2019-10,9,Wed,3
2019-10-10,2019,10,Oct,Oct 2019,Q4,2019-10,10,Thu,4
2019-10-11,2019,10,Oct,Oct 2019,Q4,2019-10,11,Fri,5
2019-10-12,2019,10,Oct,Oct 2019,Q4,2019-10,12,Sat,6
2019-10-13,2019,10,Oct,Oct 2019,Q4,2019-10,13,Sun,7
2019-10-14,2019,10,Oct,Oct 2019,Q4,2019-10,14,Mon,1
2019-10-15,2019,10,Oct,Oct 2019,Q4,2019-10,15,Tue,2
2019-10-16,2019,10,Oct,Oct 2019,Q4,2019-10,16,Wed,3
2019-10-17,2019,10,Oct,Oct 2019,Q4,2019-10,17,Thu,4
2019-10-18,2019,10,Oct,Oct 2019,Q4,2019-10,18,Fri,5
2019-10-19,2019,10,Oct,Oct 2019,Q4,2019-10,19,Sat,6
2019-10-20,2019,10,Oct,Oct 2019,Q4,2019-10,20,Sun,7
2019-10-21,2019,10,Oct,Oct 2019,Q4,2019-10,21,Mon,1
2019-10-22,2019,10,Oct,Oct 2019,Q4,2019-10,22,Tue,2
2019-10-23,2019,10,Oct,Oct 2019,Q4,2019-10,23,Wed,3
2019-10-24,2019,10,Oct,Oct 2019,Q4,2019-10,24,Thu,4
2019-10-25,2019,10,Oct,Oct 2019,Q4,2019-10,25,Fri,5
2019-10-26,2019,10,Oct,Oct 2019,Q4,2019-10,26,Sat,6
2019-10-27,2019,10,Oct,Oct 2019,Q4,2019-10,27,Sun,7
2019-10-28,2019,10,Oct,Oct 2019,Q4,2019-10,28,Mon,1
2019-10-29,2019,10,Oct,Oct 2019,Q4,2019-10,29,Tue,2
2019-10-30,2019,10,Oct,Oct 2019,Q4,2019-10,30,Wed,3
2019-10-31,2019,10,Oct,Oct 2019,Q4,2019-10,31,Thu,4
2019-11-01,2019,11,Nov,Nov 2019,Q4,2019-11,1,Fri,5
2019-11-02,2019,11,Nov,Nov 2019,Q4,2019-11,2,Sat,6
2019-11-03,2019,11,Nov,Nov 2019,Q4,2019-11,3,Sun,7
2019-11-04,2019,11,Nov,Nov 2019,Q4,2019-11,4,Mon,1
2019-11-05,2019,11,Nov,Nov 2019,Q4,2019-11,5,Tue,2
2019-11-06,2019,11,Nov,Nov 2019,Q4,2019-11,6,Wed,3
2019-11-07,2019,11,Nov,Nov 2019,Q4,2019-11,7,Thu,4
2019-11-08,2019,11,Nov,Nov 2019,Q4,2019-11,8,Fri,5
2019-11-09,2019,11,Nov,Nov 2019,Q4,2019-11,9,Sat,6
2019-11-10,2019,11,Nov,Nov 2019,Q4,2019-11,10,Sun,7
2019-11-11,2019,11,Nov,Nov 2019,Q4,2019-11,11,Mon,1
2019-11-12,2019,11,Nov,Nov 2019,Q4,2019-11,12,Tue,2
2019-11-13,2019,11,Nov,Nov 2019,Q4,2019-11,13,Wed,3
2019-11-14,2019,11,Nov,Nov 2019,Q4,2019-11,14,Thu,4
2019-11-15,2019,11,Nov,Nov 2019,Q4,2019-11,15,Fri,5
2019-11-16,2019,11,Nov,Nov 2019,Q4,2019-11,16,Sat,6
2019-11-17,2019,11,Nov,Nov 2019,Q4,2019-11,17,Sun,7
2019-11-18,2019,11,Nov,Nov 2019,Q4,2019-11,18,Mon,1
2019-11-19,2019,11,Nov,Nov 2019,Q4,2019-11,19,Tue,2
2019-11-20,2019,11,Nov,Nov 2019,Q4,2019-11,20,Wed,3
2019-11-21,2019,11,Nov,Nov 2019,Q4,2019-11,21,Thu,4
2019-11-22,2019,11,Nov,Nov 2019,Q4,2019-11,22,Fri,5
2019-11-23,2019,11,Nov,Nov 2019,Q4,2019-11,23,Sat,6
2019-11-24,2019,11,Nov,Nov 2019,Q4,2019-11,24,Sun,7
2019-11-25,2019,11,Nov,Nov 2019,Q4,2019-11,25,Mon,1
2019-11-26,2019,11,Nov,Nov 2019,Q4,2019-11,26,Tue,2
2019-11-27,2019,11,Nov,Nov 2019,Q4,2019-11,27,Wed,3
2019-11-28,2019,11,Nov,Nov 2019,Q4,2019-11,28,Thu,4
2019-11-29,2019,11,Nov,Nov 2019,Q4,2019-11,29,Fri,5
2019-11-30,2019,11,Nov,Nov 2019,Q4,2019-11,30,Sat,6
2019-12-01,2019,12,Dec,Dec 2019,Q4,2019-12,1,Sun,7
2019-12-02,2019,12,Dec,Dec 2019,Q4,2019-12,2,Mon,1
2019-12-03,2019,12,Dec,Dec 2019,Q4,2019-12,3,Tue,2
2019-12-04,2019,12,Dec,Dec 2019,Q4,2019-12,4,Wed,3
2019-12-05,2019,12,Dec,Dec 2019,Q4,2019-12,5,Thu,4
2019-12-06,2019,12,Dec,Dec 2019,Q4,2019-12,6,Fri,5
2019-12-07,2019,12,Dec,Dec 2019,Q4,2019-12,7,Sat,6
2019-12-08,2019,12,Dec,Dec 2019,Q4,2019-12,8,Sun,7
2019-12-09,2019,12,Dec,Dec 2019,Q4,2019-12,9,Mon,1
2019-12-10,2019,12,Dec,Dec 2019,Q4,2019-12,10,Tue,2
2019-12-11,2019,12,Dec,Dec 2019,Q4,2019-12,11,Wed,3
2019-12-12,2019,12,Dec,Dec 2019,Q4,2019-12,12,Thu,4
2019-12-13,2019,12,Dec,Dec 2019,Q4,2019-12,13,Fri,5
2019-12-14,2019,12,Dec,Dec 2019,Q4,2019-12,14,Sat,6
2019-12-15,2019,12,Dec,Dec 2019,Q4,2019-12,15,Sun,7
2019-12-16,2019,12,Dec,Dec 2019,Q4,2019-12,16,Mon,1
2019-12-17,2019,12,Dec,Dec 2019,Q4,2019-12,17,Tue,2
2019-12-18,2019,12,Dec,Dec 2019,Q4,2019-12,18,Wed,3
2019-12-19,2019,12,Dec,Dec 2019,Q4,2019-12,19,Thu,4
2019-12-20,2019,12,Dec,Dec 2019,Q4,2019-12,20,Fri,5
2019-12-21,2019,12,Dec,Dec 2019,Q4,2019-12,21,Sat,6
2019-12-22,2019,12,Dec,Dec 2019,Q4,2019-12,22,Sun,7
2019-12-23,2019,12,Dec,Dec 2019,Q4,2019-12,23,Mon,1
2019-12-24,2019,12,Dec,Dec 2019,Q4,2019-12,24,Tue,2
2019-12-25,2019,12,Dec,Dec 2019,Q4,2019-12,25,Wed,3
2019-12-26,2019,12,Dec,Dec 2019,Q4,2019-12,26,Thu,4
2019-12-27,2019,12,Dec,Dec 2019,Q4,2019-12,27,Fri,5
2019-12-28,2019,12,Dec,Dec 2019,Q4,2019-12,28,Sat,6
2019-12-29,2019,12,Dec,Dec 2019,Q4,2019-12,29,Sun,7
2019-12-30,2019,12,Dec,Dec 2019,Q4,2019-12,30,Mon,1
2019-12-31,2019,12,Dec,Dec 2019,Q4,2019-12,31,Tue,2
2020-01-01,2020,1,Jan,Jan 2020,Q1,2020-01,1,Wed,3
2020-01-02,2020,1,Jan,Jan 2020,Q1,2020-01,2,Thu,4
2020-01-03,2020,1,Jan,Jan 2020,Q1,2020-01,3,Fri,5
2020-01-04,2020,1,Jan,Jan 2020,Q1,2020-01,4,Sat,6
2020-01-05,2020,1,Jan,Jan 2020,Q1,2020-01,5,Sun,7
2020-01-06,2020,1,Jan,Jan 2020,Q1,2020-01,6,Mon,1
2020-01-07,2020,1,Jan,Jan 2020,Q1,2020-01,7,Tue,2
2020-01-08,2020,1,Jan,Jan 2020,Q1,2020-01,8,Wed,3
2020-01-09,2020,1,Jan,Jan 2020,Q1,2020-01,9,Thu,4
2020-01-10,2020,1,Jan,Jan 2020,Q1,2020-01,10,Fri,5
2020-01-11,2020,1,Jan,Jan 2020,Q1,2020-01,11,Sat,6
2020-01-12,2020,1,Jan,Jan 2020,Q1,2020-01,12,Sun,7
2020-01-13,2020,1,Jan,Jan 2020,Q1,2020-01,13,Mon,1
2020-01-14,2020,1,Jan,Jan 2020,Q1,2020-01,14,Tue,2
2020-01-15,2020,1,Jan,Jan 2020,Q1,2020-01,15,Wed,3
2020-01-16,2020,1,Jan,Jan 2020,Q1,2020-01,16,Thu,4
2020-01-17,2020,1,Jan,Jan 2020,Q1,2020-01,17,Fri,5
2020-01-18,2020,1,Jan,Jan 2020,Q1,2020-01,18,Sat,6
2020-01-19,2020,1,Jan,Jan 2020,Q1,2020-01,19,Sun,7
2020-01-20,2020,1,Jan,Jan 2020,Q1,2020-01,20,Mon,1
2020-01-21,2020,1,Jan,Jan 2020,Q1,2020-01,21,Tue,2
2020-01-22,2020,1,Jan,Jan 2020,Q1,2020-01,22,Wed,3
2020-01-23,2020,1,Jan,Jan 2020,Q1,2020-01,23,Thu,4
2020-01-24,2020,1,Jan,Jan 2020,Q1,2020-01,24,Fri,5
2020-01-25,2020,1,Jan,Jan 2020,Q1,2020-01,25,Sat,6
2020-01-26,2020,1,Jan,Jan 2020,Q1,2020-01,26,Sun,7
2020-01-27,2020,1,Jan,Jan 2020,Q1,2020-01,27,Mon,1
2020-01-28,2020,1,Jan,Jan 2020,Q1,2020-01,28,Tue,2
2020-01-29,2020,1,Jan,Jan 2020,Q1,2020-01,29,Wed,3
2020-01-30,2020,1,Jan,Jan 2020,Q1,2020-01,30,Thu,4
2020-01-31,2020,1,Jan,Jan 2020,Q1,2020-01,31,Fri,5
2020-02-01,2020,2,Feb,Feb 2020,Q1,2020-02,1,Sat,6
2020-02-02,2020,2,Feb,Feb 2020,Q1,2020-02,2,Sun,7
2020-02-03,2020,2,Feb,Feb 2020,Q1,2020-02,3,Mon,1
2020-02-04,2020,2,Feb,Feb 2020,Q1,2020-02,4,Tue,2
2020-02-05,2020,2,Feb,Feb 2020,Q1,2020-02,5,Wed,3
2020-02-06,2020,2,Feb,Feb 2020,Q1,2020-02,6,Thu,4
2020-02-07,2020,2,Feb,Feb 2020,Q1,2020-02,7,Fri,5
2020-02-08,2020,2,Feb,Feb 2020,Q1,2020-02,8,Sat,6
2020-02-09,2020,2,Feb,Feb 2020,Q1,2020-02,9,Sun,7
2020-02-10,2020,2,Feb,Feb 2020,Q1,2020-02,10,Mon,1
2020-02-11,2020,2,Feb,Feb 2020,Q1,2020-02,11,Tue,2
2020-02-12,2020,2,Feb,Feb 2020,Q1,2020-02,12,Wed,3
2020-02-13,2020,2,Feb,Feb 2020,Q1,2020-02,13,Thu,4
2020-02-14,2020,2,Feb,Feb 2020,Q1,2020-02,14,Fri,5
2020-02-15,2020,2,Feb,Feb 2020,Q1,2020-02,15,Sat,6
2020-02-16,2020,2,Feb,Feb 2020,Q1,2020-02,16,Sun,7
2020-02-17,2020,2,Feb,Feb 2020,Q1,2020-02,17,Mon,1
2020-02-18,2020,2,Feb,Feb 2020,Q1,2020-02,18,Tue,2
2020-02-19,2020,2,Feb,Feb 2020,Q1,2020-02,19,Wed,3
2020-02-20,2020,2,Feb,Feb 2020,Q1,2020-02,20,Thu,4
2020-02-21,2020,2,Feb,Feb 2020,Q1,2020-02,21,Fri,5
2020-02-22,2020,2,Feb,Feb 2020,Q1,2020-02,22,Sat,6
2020-02-23,2020,2,Feb,Feb 2020,Q1,2020-02,23,Sun,7
2020-02-24,2020,2,Feb,Feb 2020,Q1,2020-02,24,Mon,1
2020-02-25,2020,2,Feb,Feb 2020,Q1,2020-02,25,Tue,2
2020-02-26,2020,2,Feb,Feb 2020,Q1,2020-02,26,Wed,3
2020-02-27,2020,2,Feb,Feb 2020,Q1,2020-02,27,Thu,4
2020-02-28,2020,2,Feb,Feb 2020,Q1,2020-02,28,Fri,5
2020-02-29,2020,2,Feb,Feb 2020,Q1,2020-02,29,Sat,6
2020-03-01,2020,3,Mar,Mar 2020,Q1,2020-03,1,Sun,7
2020-03-02,2020,3,Mar,Mar 2020,Q1,2020-03,2,Mon,1
2020-03-03,2020,3,Mar,Mar 2020,Q1,2020-03,3,Tue,2
2020-03-04,2020,3,Mar,Mar 2020,Q1,2020-03,4,Wed,3
2020-03-05,2020,3,Mar,Mar 2020,Q1,2020-03,5,Thu,4
2020-03-06,2020,3,Mar,Mar 2020,Q1,2020-03,6,Fri,5
2020-03-07,2020,3,Mar,Mar 2020,Q1,2020-03,7,Sat,6
2020-03-08,2020,3,Mar,Mar 2020,Q1,2020-03,8,Sun,7
2020-03-09,2020,3,Mar,Mar 2020,Q1,2020-03,9,Mon,1
2020-03-10,2020,3,Mar,Mar 2020,Q1,2020-03,10,Tue,2
2020-03-11,2020,3,Mar,Mar 2020,Q1,2020-03,11,Wed,3
2020-03-12,2020,3,Mar,Mar 2020,Q1,2020-03,12,Thu,4
2020-03-13,2020,3,Mar,Mar 2020,Q1,2020-03,13,Fri,5
2020-03-14,2020,3,Mar,Mar 2020,Q1,2020-03,14,Sat,6
2020-03-15,2020,3,Mar,Mar 2020,Q1,2020-03,15,Sun,7
2020-03-16,2020,3,Mar,Mar 2020,Q1,2020-03,16,Mon,1
2020-03-17,2020,3,Mar,Mar 2020,Q1,2020-03,17,Tue,2
2020-03-18,2020,3,Mar,Mar 2020,Q1,2020-03,18,Wed,3
2020-03-19,2020,3,Mar,Mar 2020,Q1,2020-03,19,Thu,4
2020-03-20,2020,3,Mar,Mar 2020,Q1,2020-03,20,Fri,5
2020-03-21,2020,3,Mar,Mar 2020,Q1,2020-03,21,Sat,6
2020-03-22,2020,3,Mar,Mar 2020,Q1,2020-03,22,Sun,7
2020-03-23,2020,3,Mar,Mar 2020,Q1,2020-03,23,Mon,1
2020-03-24,2020,3,Mar,Mar 2020,Q1,2020-03,24,Tue,2
2020-03-25,2020,3,Mar,Mar 2020,Q1,2020-03,25,Wed,3
2020-03-26,2020,3,Mar,Mar 2020,Q1,2020-03,26,Thu,4
2020-03-27,2020,3,Mar,Mar 2020,Q1,2020-03,27,Fri,5
2020-03-28,2020,3,Mar,Mar 2020,Q1,2020-03,28,Sat,6
2020-03-29,2020,3,Mar,Mar 2020,Q1,2020-03,29,Sun,7
2020-03-30,2020,3,Mar,Mar 2020,Q1,2020-03,30,Mon,1
2020-03-31,2020,3,Mar,Mar 2020,Q1,2020-03,31,Tue,2
2020-04-01,2020,4,Apr,Apr 2020,Q2,2020-04,1,Wed,3
2020-04-02,2020,4,Apr,Apr 2020,Q2,2020-04,2,Thu,4
2020-04-03,2020,4,Apr,Apr 2020,Q2,2020-04,3,Fri,5
2020-04-04,2020,4,Apr,Apr 2020,Q2,2020-04,4,Sat,6
2020-04-05,2020,4,Apr,Apr 2020,Q2,2020-04,5,Sun,7
2020-04-06,2020,4,Apr,Apr 2020,Q2,2020-04,6,Mon,1
2020-04-07,2020,4,Apr,Apr 2020,Q2,2020-04,7,Tue,2
2020-04-08,2020,4,Apr,Apr 2020,Q2,2020-04,8,Wed,3
2020-04-09,2020,4,Apr,Apr 2020,Q2,2020-04,9,Thu,4
2020-04-10,2020,4,Apr,Apr 2020,Q2,2020-04,10,Fri,5
2020-04-11,2020,4,Apr,Apr 2020,Q2,2020-04,11,Sat,6
2020-04-12,2020,4,Apr,Apr 2020,Q2,2020-04,12,Sun,7
2020-04-13,2020,4,Apr,Apr 2020,Q2,2020-04,13,Mon,1
2020-04-14,2020,4,Apr,Apr 2020,Q2,2020-04,14,Tue,2
2020-04-15,2020,4,Apr,Apr 2020,Q2,2020-04,15,Wed,3
2020-04-16,2020,4,Apr,Apr 2020,Q2,2020-04,16,Thu,4
2020-04-17,2020,4,Apr,Apr 2020,Q2,2020-04,17,Fri,5
2020-04-18,2020,4,Apr,Apr 2020,Q2,2020-04,18,Sat,6
2020-04-19,2020,4,Apr,Apr 2020,Q2,2020-04,19,Sun,7
2020-04-20,2020,4,Apr,Apr 2020,Q2,2020-04,20,Mon,1
2020-04-21,2020,4,Apr,Apr 2020,Q2,2020-04,21,Tue,2
2020-04-22,2020,4,Apr,Apr 2020,Q2,2020-04,22,Wed,3
2020-04-23,2020,4,Apr,Apr 2020,Q2,2020-04,23,Thu,4
2020-04-24,2020,4,Apr,Apr 2020,Q2,2020-04,24,Fri,5
2020-04-25,2020,4,Apr,Apr 2020,Q2,2020-04,25,Sat,6
2020-04-26,2020,4,Apr,Apr 2020,Q2,2020-04,26,Sun,7
2020-04-27,2020,4,Apr,Apr 2020,Q2,2020-04,27,Mon,1
2020-04-28,2020,4,Apr,Apr 2020,Q2,2020-04,28,Tue,2
2020-04-29,2020,4,Apr,Apr 2020,Q2,2020-04,29,Wed,3
2020-04-30,2020,4,Apr,Apr 2020,Q2,2020-04,30,Thu,4
2020-05-01,2020,5,May,May 2020,Q2,2020-05,1,Fri,5
2020-05-02,2020,5,May,May 2020,Q2,2020-05,2,Sat,6
2020-05-03,2020,5,May,May 2020,Q2,2020-05,3,Sun,7
2020-05-04,2020,5,May,May 2020,Q2,2020-05,4,Mon,1
2020-05-05,2020,5,May,May 2020,Q2,2020-05,5,Tue,2
2020-05-06,2020,5,May,May 2020,Q2,2020-05,6,Wed,3
2020-05-07,2020,5,May,May 2020,Q2,2020-05,7,Thu,4
2020-05-08,2020,5,May,May 2020,Q2,2020-05,8,Fri,5
2020-05-09,2020,5,May,May 2020,Q2,2020-05,9,Sat,6
2020-05-10,2020,5,May,May 2020,Q2,2020-05,10,Sun,7
2020-05-11,2020,5,May,May 2020,Q2,2020-05,11,Mon,1
2020-05-12,2020,5,May,May 2020,Q2,2020-05,12,Tue,2
2020-05-13,2020,5,May,May 2020,Q2,2020-05,13,Wed,3
2020-05-14,2020,5,May,May 2020,Q2,2020-05,14,Thu,4
2020-05-15,2020,5,May,May 2020,Q2,2020-05,15,Fri,5
2020-05-16,2020,5,May,May 2020,Q2,2020-05,16,Sat,6
2020-05-17,2020,5,May,May 2020,Q2,2020-05,17,Sun,7
2020-05-18,2020,5,May,May 2020,Q2,2020-05,18,Mon,1
2020-05-19,2020,5,May,May 2020,Q2,2020-05,19,Tue,2
2020-05-20,2020,5,May,May 2020,Q2,2020-05,20,Wed,3
2020-05-21,2020,5,May,May 2020,Q2,2020-05,21,Thu,4
2020-05-22,2020,5,May,May 2020,Q2,2020-05,22,Fri,5
2020-05-23,2020,5,May,May 2020,Q2,2020-05,23,Sat,6
2020-05-24,2020,5,May,May 2020,Q2,2020-05,24,Sun,7
2020-05-25,2020,5,May,May 2020,Q2,2020-05,25,Mon,1
2020-05-26,2020,5,May,May 2020,Q2,2020-05,26,Tue,2
2020-05-27,2020,5,May,May 2020,Q2,2020-05,27,Wed,3
2020-05-28,2020,5,May,May 2020,Q2,2020-05,28,Thu,4
2020-05-29,2020,5,May,May 2020,Q2,2020-05,29,Fri,5
2020-05-30,2020,5,May,May 2020,Q2,2020-05,30,Sat,6
2020-05-31,2020,5,May,May 2020,Q2,2020-05,31,Sun,7
2020-06-01,2020,6,Jun,Jun 2020,Q2,2020-06,1,Mon,1
2020-06-02,2020,6,Jun,Jun 2020,Q2,2020-06,2,Tue,2
2020-06-03,2020,6,Jun,Jun 2020,Q2,2020-06,3,Wed,3
2020-06-04,2020,6,Jun,Jun 2020,Q2,2020-06,4,Thu,4
2020-06-05,2020,6,Jun,Jun 2020,Q2,2020-06,5,Fri,5
2020-06-06,2020,6,Jun,Jun 2020,Q2,2020-06,6,Sat,6
2020-06-07,2020,6,Jun,Jun 2020,Q2,2020-06,7,Sun,7
2020-06-08,2020,6,Jun,Jun 2020,Q2,2020-06,8,Mon,1
2020-06-09,2020,6,Jun,Jun 2020,Q2,2020-06,9,Tue,2
2020-06-10,2020,6,Jun,Jun 2020,Q2,2020-06,10,Wed,3
2020-06-11,2020,6,Jun,Jun 2020,Q2,2020-06,11,Thu,4
2020-06-12,2020,6,Jun,Jun 2020,Q2,2020-06,12,Fri,5
2020-06-13,2020,6,Jun,Jun 2020,Q2,2020-06,13,Sat,6
2020-06-14,2020,6,Jun,Jun 2020,Q2,2020-06,14,Sun,7
2020-06-15,2020,6,Jun,Jun 2020,Q2,2020-06,15,Mon,1
2020-06-16,2020,6,Jun,Jun 2020,Q2,2020-06,16,Tue,2
2020-06-17,2020,6,Jun,Jun 2020,Q2,2020-06,17,Wed,3
2020-06-18,2020,6,Jun,Jun 2020,Q2,2020-06,18,Thu,4
2020-06-19,2020,6,Jun,Jun 2020,Q2,2020-06,19,Fri,5
2020-06-20,2020,6,Jun,Jun 2020,Q2,2020-06,20,Sat,6
2020-06-21,2020,6,Jun,Jun 2020,Q2,2020-06,21,Sun,7
2020-06-22,2020,6,Jun,Jun 2020,Q2,2020-06,22,Mon,1
2020-06-23,2020,6,Jun,Jun 2020,Q2,2020-06,23,Tue,2
2020-06-24,2020,6,Jun,Jun 2020,Q2,2020-06,24,Wed,3
2020-06-25,2020,6,Jun,Jun 2020,Q2,2020-06,25,Thu,4
2020-06-26,2020,6,Jun,Jun 2020,Q2,2020-06,26,Fri,5
2020-06-27,2020,6,Jun,Jun 2020,Q2,2020-06,27,Sat,6
2020-06-28,2020,6,Jun,Jun 2020,Q2,2020-06,28,Sun,7
2020-06-29,2020,6,Jun,Jun 2020,Q2,2020-06,29,Mon,1
2020-06-30,2020,6,Jun,Jun 2020,Q2,2020-06,30,Tue,2
2020-07-01,2020,7,Jul,Jul 2020,Q3,2020-07,1,Wed,3
2020-07-02,2020,7,Jul,Jul 2020,Q3,2020-07,2,Thu,4
2020-07-03,2020,7,Jul,Jul 2020,Q3,2020-07,3,Fri,5
2020-07-04,2020,7,Jul,Jul 2020,Q3,2020-07,4,Sat,6
2020-07-05,2020,7,Jul,Jul 2020,Q3,2020-07,5,Sun,7
2020-07-06,2020,7,Jul,Jul 2020,Q3,2020-07,6,Mon,1
2020-07-07,2020,7,Jul,Jul 2020,Q3,2020-07,7,Tue,2
2020-07-08,2020,7,Jul,Jul 2020,Q3,2020-07,8,Wed,3
2020-07-09,2020,7,Jul,Jul 2020,Q3,2020-07,9,Thu,4
2020-07-10,2020,7,Jul,Jul 2020,Q3,2020-07,10,Fri,5
2020-07-11,2020,7,Jul,Jul 2020,Q3,2020-07,11,Sat,6
2020-07-12,2020,7,Jul,Jul 2020,Q3,2020-07,12,Sun,7
2020-07-13,2020,7,Jul,Jul 2020,Q3,2020-07,13,Mon,1
2020-07-14,2020,7,Jul,Jul 2020,Q3,2020-07,14,Tue,2
2020-07-15,2020,7,Jul,Jul 2020,Q3,2020-07,15,Wed,3
2020-07-16,2020,7,Jul,Jul 2020,Q3,2020-07,16,Thu,4
2020-07-17,2020,7,Jul,Jul 2020,Q3,2020-07,17,Fri,5
2020-07-18,2020,7,Jul,Jul 2020,Q3,2020-07,18,Sat,6
2020-07-19,2020,7,Jul,Jul 2020,Q3,2020-07,19,Sun,7
2020-07-20,2020,7,Jul,Jul 2020,Q3,2020-07,20,Mon,1
2020-07-21,2020,7,Jul,Jul 2020,Q3,2020-07,21,Tue,2
2020-07-22,2020,7,Jul,Jul 2020,Q3,2020-07,22,Wed,3
2020-07-23,2020,7,Jul,Jul 2020,Q3,2020-07,23,Thu,4
2020-07-24,2020,7,Jul,Jul 2020,Q3,2020-07,24,Fri,5
2020-07-25,2020,7,Jul,Jul 2020,Q3,2020-07,25,Sat,6
2020-07-26,2020,7,Jul,Jul 2020,Q3,2020-07,26,Sun,7
2020-07-27,2020,7,Jul,Jul 2020,Q3,2020-07,27,Mon,1
2020-07-28,2020,7,Jul,Jul 2020,Q3,2020-07,28,Tue,2
2020-07-29,2020,7,Jul,Jul 2020,Q3,2020-07,29,Wed,3
2020-07-30,2020,7,Jul,Jul 2020,Q3,2020-07,30,Thu,4
2020-07-31,2020,7,Jul,Jul 2020,Q3,2020-07,31,Fri,5
2020-08-01,2020,8,Aug,Aug 2020,Q3,2020-08,1,Sat,6
2020-08-02,2020,8,Aug,Aug 2020,Q3,2020-08,2,Sun,7
2020-08-03,2020,8,Aug,Aug 2020,Q3,2020-08,3,Mon,1
2020-08-04,2020,8,Aug,Aug 2020,Q3,2020-08,4,Tue,2
2020-08-05,2020,8,Aug,Aug 2020,Q3,2020-08,5,Wed,3
2020-08-06,2020,8,Aug,Aug 2020,Q3,2020-08,6,Thu,4
2020-08-07,2020,8,Aug,Aug 2020,Q3,2020-08,7,Fri,5
2020-08-08,2020,8,Aug,Aug 2020,Q3,2020-08,8,Sat,6
2020-08-09,2020,8,Aug,Aug 2020,Q3,2020-08,9,Sun,7
2020-08-10,2020,8,Aug,Aug 2020,Q3,2020-08,10,Mon,1
2020-08-11,2020,8,Aug,Aug 2020,Q3,2020-08,11,Tue,2
2020-08-12,2020,8,Aug,Aug 2020,Q3,2020-08,12,Wed,3
2020-08-13,2020,8,Aug,Aug 2020,Q3,2020-08,13,Thu,4
2020-08-14,2020,8,Aug,Aug 2020,Q3,2020-08,14,Fri,5
2020-08-15,2020,8,Aug,Aug 2020,Q3,2020-08,15,Sat,6
2020-08-16,2020,8,Aug,Aug 2020,Q3,2020-08,16,Sun,7
2020-08-17,2020,8,Aug,Aug 2020,Q3,2020-08,17,Mon,1
2020-08-18,2020,8,Aug,Aug 2020,Q3,2020-08,18,Tue,2
2020-08-19,2020,8,Aug,Aug 2020,Q3,2020-08,19,Wed,3
2020-08-20,2020,8,Aug,Aug 2020,Q3,2020-08,20,Thu,4
2020-08-21,2020,8,Aug,Aug 2020,Q3,2020-08,21,Fri,5
2020-08-22,2020,8,Aug,Aug 2020,Q3,2020-08,22,Sat,6
2020-08-23,2020,8,Aug,Aug 2020,Q3,2020-08,23,Sun,7
2020-08-24,2020,8,Aug,Aug 2020,Q3,2020-08,24,Mon,1
2020-08-25,2020,8,Aug,Aug 2020,Q3,2020-08,25,Tue,2
2020-08-26,2020,8,Aug,Aug 2020,Q3,2020-08,26,Wed,3
2020-08-27,2020,8,Aug,Aug 2020,Q3,2020-08,27,Thu,4
2020-08-28,2020,8,Aug,Aug 2020,Q3,2020-08,28,Fri,5
2020-08-29,2020,8,Aug,Aug 2020,Q3,2020-08,29,Sat,6
2020-08-30,2020,8,Aug,Aug 2020,Q3,2020-08,30,Sun,7
2020-08-31,2020,8,Aug,Aug 2020,Q3,2020-08,31,Mon,1
2020-09-01,2020,9,Sep,Sep 2020,Q3,2020-09,1,Tue,2
2020-09-02,2020,9,Sep,Sep 2020,Q3,2020-09,2,Wed,3
2020-09-03,2020,9,Sep,Sep 2020,Q3,2020-09,3,Thu,4
2020-09-04,2020,9,Sep,Sep 2020,Q3,2020-09,4,Fri,5
2020-09-05,2020,9,Sep,Sep 2020,Q3,2020-09,5,Sat,6
2020-09-06,2020,9,Sep,Sep 2020,Q3,2020-09,6,Sun,7
2020-09-07,2020,9,Sep,Sep 2020,Q3,2020-09,7,Mon,1
2020-09-08,2020,9,Sep,Sep 2020,Q3,2020-09,8,Tue,2
2020-09-09,2020,9,Sep,Sep 2020,Q3,2020-09,9,Wed,3
2020-09-10,2020,9,Sep,Sep 2020,Q3,2020-09,10,Thu,4
2020-09-11,2020,9,Sep,Sep 2020,Q3,2020-09,11,Fri,5
2020-09-12,2020,9,Sep,Sep 2020,Q3,2020-09,12,Sat,6
2020-09-13,2020,9,Sep,Sep 2020,Q3,2020-09,13,Sun,7
2020-09-14,2020,9,Sep,Sep 2020,Q3,2020-09,14,Mon,1
2020-09-15,2020,9,Sep,Sep 2020,Q3,2020-09,15,Tue,2
2020-09-16,2020,9,Sep,Sep 2020,Q3,2020-09,16,Wed,3
2020-09-17,2020,9,Sep,Sep 2020,Q3,2020-09,17,Thu,4
2020-09-18,2020,9,Sep,Sep 2020,Q3,2020-09,18,Fri,5
2020-09-19,2020,9,Sep,Sep 2020,Q3,2020-09,19,Sat,6
2020-09-20,2020,9,Sep,Sep 2020,Q3,2020-09,20,Sun,7
2020-09-21,2020,9,Sep,Sep 2020,Q3,2020-09,21,Mon,1
2020-09-22,2020,9,Sep,Sep 2020,Q3,2020-09,22,Tue,2
2020-09-23,2020,9,Sep,Sep 2020,Q3,2020-09,23,Wed,3
2020-09-24,2020,9,Sep,Sep 2020,Q3,2020-09,24,Thu,4
2020-09-25,2020,9,Sep,Sep 2020,Q3,2020-09,25,Fri,5
2020-09-26,2020,9,Sep,Sep 2020,Q3,2020-09,26,Sat,6
2020-09-27,2020,9,Sep,Sep 2020,Q3,2020-09,27,Sun,7
2020-09-28,2020,9,Sep,Sep 2020,Q3,2020-09,28,Mon,1
2020-09-29,2020,9,Sep,Sep 2020,Q3,2020-09,29,Tue,2
2020-09-30,2020,9,Sep,Sep 2020,Q3,2020-09,30,Wed,3
2020-10-01,2020,10,Oct,Oct 2020,Q4,2020-10,1,Thu,4
2020-10-02,2020,10,Oct,Oct 2020,Q4,2020-10,2,Fri,5
2020-10-03,2020,10,Oct,Oct 2020,Q4,2020-10,3,Sat,6
2020-10-04,2020,10,Oct,Oct 2020,Q4,2020-10,4,Sun,7
2020-10-05,2020,10,Oct,Oct 2020,Q4,2020-10,5,Mon,1
2020-10-06,2020,10,Oct,Oct 2020,Q4,2020-10,6,Tue,2
2020-10-07,2020,10,Oct,Oct 2020,Q4,2020-10,7,Wed,3
2020-10-08,2020,10,Oct,Oct 2020,Q4,2020-10,8,Thu,4
2020-10-09,2020,10,Oct,Oct 2020,Q4,2020-10,9,Fri,5
2020-10-10,2020,10,Oct,Oct 2020,Q4,2020-10,10,Sat,6
2020-10-11,2020,10,Oct,Oct 2020,Q4,2020-10,11,Sun,7
2020-10-12,2020,10,Oct,Oct 2020,Q4,2020-10,12,Mon,1
2020-10-13,2020,10,Oct,Oct 2020,Q4,2020-10,13,Tue,2
2020-10-14,2020,10,Oct,Oct 2020,Q4,2020-10,14,Wed,3
2020-10-15,2020,10,Oct,Oct 2020,Q4,2020-10,15,Thu,4
2020-10-16,2020,10,Oct,Oct 2020,Q4,2020-10,16,Fri,5
2020-10-17,2020,10,Oct,Oct 2020,Q4,2020-10,17,Sat,6
2020-10-18,2020,10,Oct,Oct 2020,Q4,2020-10,18,Sun,7
2020-10-19,2020,10,Oct,Oct 2020,Q4,2020-10,19,Mon,1
2020-10-20,2020,10,Oct,Oct 2020,Q4,2020-10,20,Tue,2
2020-10-21,2020,10,Oct,Oct 2020,Q4,2020-10,21,Wed,3
2020-10-22,2020,10,Oct,Oct 2020,Q4,2020-10,22,Thu,4
2020-10-23,2020,10,Oct,Oct 2020,Q4,2020-10,23,Fri,5
2020-10-24,2020,10,Oct,Oct 2020,Q4,2020-10,24,Sat,6
2020-10-25,2020,10,Oct,Oct 2020,Q4,2020-10,25,Sun,7
2020-10-26,2020,10,Oct,Oct 2020,Q4,2020-10,26,Mon,1
2020-10-27,2020,10,Oct,Oct 2020,Q4,2020-10,27,Tue,2
2020-10-28,2020,10,Oct,Oct 2020,Q4,2020-10,28,Wed,3
2020-10-29,2020,10,Oct,Oct 2020,Q4,2020-10,29,Thu,4
2020-10-30,2020,10,Oct,Oct 2020,Q4,2020-10,30,Fri,5
2020-10-31,2020,10,Oct,Oct 2020,Q4,2020-10,31,Sat,6
2020-11-01,2020,11,Nov,Nov 2020,Q4,2020-11,1,Sun,7
2020-11-02,2020,11,Nov,Nov 2020,Q4,2020-11,2,Mon,1
2020-11-03,2020,11,Nov,Nov 2020,Q4,2020-11,3,Tue,2
2020-11-04,2020,11,Nov,Nov 2020,Q4,2020-11,4,Wed,3
2020-11-05,2020,11,Nov,Nov 2020,Q4,2020-11,5,Thu,4
2020-11-06,2020,11,Nov,Nov 2020,Q4,2020-11,6,Fri,5
2020-11-07,2020,11,Nov,Nov 2020,Q4,2020-11,7,Sat,6
2020-11-08,2020,11,Nov,Nov 2020,Q4,2020-11,8,Sun,7
2020-11-09,2020,11,Nov,Nov 2020,Q4,2020-11,9,Mon,1
2020-11-10,2020,11,Nov,Nov 2020,Q4,2020-11,10,Tue,2
2020-11-11,2020,11,Nov,Nov 2020,Q4,2020-11,11,Wed,3
2020-11-12,2020,11,Nov,Nov 2020,Q4,2020-11,12,Thu,4
2020-11-13,2020,11,Nov,Nov 2020,Q4,2020-11,13,Fri,5
2020-11-14,2020,11,Nov,Nov 2020,Q4,2020-11,14,Sat,6
2020-11-15,2020,11,Nov,Nov 2020,Q4,2020-11,15,Sun,7
2020-11-16,2020,11,Nov,Nov 2020,Q4,2020-11,16,Mon,1
2020-11-17,2020,11,Nov,Nov 2020,Q4,2020-11,17,Tue,2
2020-11-18,2020,11,Nov,Nov 2020,Q4,2020-11,18,Wed,3
2020-11-19,2020,11,Nov,Nov 2020,Q4,2020-11,19,Thu,4
2020-11-20,2020,11,Nov,Nov 2020,Q4,2020-11,20,Fri,5
2020-11-21,2020,11,Nov,Nov 2020,Q4,2020-11,21,Sat,6
2020-11-22,2020,11,Nov,Nov 2020,Q4,2020-11,22,Sun,7
2020-11-23,2020,11,Nov,Nov 2020,Q4,2020-11,23,Mon,1
2020-11-24,2020,11,Nov,Nov 2020,Q4,2020-11,24,Tue,2
2020-11-25,2020,11,Nov,Nov 2020,Q4,2020-11,25,Wed,3
2020-11-26,2020,11,Nov,Nov 2020,Q4,2020-11,26,Thu,4
2020-11-27,2020,11,Nov,Nov 2020,Q4,2020-11,27,Fri,5
2020-11-28,2020,11,Nov,Nov 2020,Q4,2020-11,28,Sat,6
2020-11-29,2020,11,Nov,Nov 2020,Q4,2020-11,29,Sun,7
2020-11-30,2020,11,Nov,Nov 2020,Q4,2020-11,30,Mon,1
2020-12-01,2020,12,Dec,Dec 2020,Q4,2020-12,1,Tue,2
2020-12-02,2020,12,Dec,Dec 2020,Q4,2020-12,2,Wed,3
2020-12-03,2020,12,Dec,Dec 2020,Q4,2020-12,3,Thu,4
2020-12-04,2020,12,Dec,Dec 2020,Q4,2020-12,4,Fri,5
2020-12-05,2020,12,Dec,Dec 2020,Q4,2020-12,5,Sat,6
2020-12-06,2020,12,Dec,Dec 2020,Q4,2020-12,6,Sun,7
2020-12-07,2020,12,Dec,Dec 2020,Q4,2020-12,7,Mon,1
2020-12-08,2020,12,Dec,Dec 2020,Q4,2020-12,8,Tue,2
2020-12-09,2020,12,Dec,Dec 2020,Q4,2020-12,9,Wed,3
2020-12-10,2020,12,Dec,Dec 2020,Q4,2020-12,10,Thu,4
2020-12-11,2020,12,Dec,Dec 2020,Q4,2020-12,11,Fri,5
2020-12-12,2020,12,Dec,Dec 2020,Q4,2020-12,12,Sat,6
2020-12-13,2020,12,Dec,Dec 2020,Q4,2020-12,13,Sun,7
2020-12-14,2020,12,Dec,Dec 2020,Q4,2020-12,14,Mon,1
2020-12-15,2020,12,Dec,Dec 2020,Q4,2020-12,15,Tue,2
2020-12-16,2020,12,Dec,Dec 2020,Q4,2020-12,16,Wed,3
2020-12-17,2020,12,Dec,Dec 2020,Q4,2020-12,17,Thu,4
2020-12-18,2020,12,Dec,Dec 2020,Q4,2020-12,18,Fri,5
2020-12-19,2020,12,Dec,Dec 2020,Q4,2020-12,19,Sat,6
2020-12-20,2020,12,Dec,Dec 2020,Q4,2020-12,20,Sun,7
2020-12-21,2020,12,Dec,Dec 2020,Q4,2020-12,21,Mon,1
2020-12-22,2020,12,Dec,Dec 2020,Q4,2020-12,22,Tue,2
2020-12-23,2020,12,Dec,Dec 2020,Q4,2020-12,23,Wed,3
2020-12-24,2020,12,Dec,Dec 2020,Q4,2020-12,24,Thu,4
2020-12-25,2020,12,Dec,Dec 2020,Q4,2020-12,25,Fri,5
2020-12-26,2020,12,Dec,Dec 2020,Q4,2020-12,26,Sat,6
2020-12-27,2020,12,Dec,Dec 2020,Q4,2020-12,27,Sun,7
2020-12-28,2020,12,Dec,Dec 2020,Q4,2020-12,28,Mon,1
2020-12-29,2020,12,Dec,Dec 2020,Q4,2020-12,29,Tue,2
2020-12-30,2020,12,Dec,Dec 2020,Q4,2020-12,30,Wed,3
2020-12-31,2020,12,Dec,Dec 2020,Q4,2020-12,31,Thu,4
2021-01-01,2021,1,Jan,Jan 2021,Q1,2021-01,1,Fri,5
2021-01-02,2021,1,Jan,Jan 2021,Q1,2021-01,2,Sat,6
2021-01-03,2021,1,Jan,Jan 2021,Q1,2021-01,3,Sun,7
2021-01-04,2021,1,Jan,Jan 2021,Q1,2021-01,4,Mon,1
2021-01-05,2021,1,Jan,Jan 2021,Q1,2021-01,5,Tue,2
2021-01-06,2021,1,Jan,Jan 2021,Q1,2021-01,6,Wed,3
2021-01-07,2021,1,Jan,Jan 2021,Q1,2021-01,7,Thu,4
2021-01-08,2021,1,Jan,Jan 2021,Q1,2021-01,8,Fri,5
2021-01-09,2021,1,Jan,Jan 2021,Q1,2021-01,9,Sat,6
2021-01-10,2021,1,Jan,Jan 2021,Q1,2021-01,10,Sun,7
2021-01-11,2021,1,Jan,Jan 2021,Q1,2021-01,11,Mon,1
2021-01-12,2021,1,Jan,Jan 2021,Q1,2021-01,12,Tue,2
2021-01-13,2021,1,Jan,Jan 2021,Q1,2021-01,13,Wed,3
2021-01-14,2021,1,Jan,Jan 2021,Q1,2021-01,14,Thu,4
2021-01-15,2021,1,Jan,Jan 2021,Q1,2021-01,15,Fri,5
2021-01-16,2021,1,Jan,Jan 2021,Q1,2021-01,16,Sat,6
2021-01-17,2021,1,Jan,Jan 2021,Q1,2021-01,17,Sun,7
2021-01-18,2021,1,Jan,Jan 2021,Q1,2021-01,18,Mon,1
2021-01-19,2021,1,Jan,Jan 2021,Q1,2021-01,19,Tue,2
2021-01-20,2021,1,Jan,Jan 2021,Q1,2021-01,20,Wed,3
2021-01-21,2021,1,Jan,Jan 2021,Q1,2021-01,21,Thu,4
2021-01-22,2021,1,Jan,Jan 2021,Q1,2021-01,22,Fri,5
2021-01-23,2021,1,Jan,Jan 2021,Q1,2021-01,23,Sat,6
2021-01-24,2021,1,Jan,Jan 2021,Q1,2021-01,24,Sun,7
2021-01-25,2021,1,Jan,Jan 2021,Q1,2021-01,25,Mon,1
2021-01-26,2021,1,Jan,Jan 2021,Q1,2021-01,26,Tue,2
2021-01-27,2021,1,Jan,Jan 2021,Q1,2021-01,27,Wed,3
2021-01-28,2021,1,Jan,Jan 2021,Q1,2021-01,28,Thu,4
2021-01-29,2021,1,Jan,Jan 2021,Q1,2021-01,29,Fri,5
2021-01-30,2021,1,Jan,Jan 2021,Q1,2021-01,30,Sat,6
2021-01-31,2021,1,Jan,Jan 2021,Q1,2021-01,31,Sun,7
2021-02-01,2021,2,Feb,Feb 2021,Q1,2021-02,1,Mon,1
2021-02-02,2021,2,Feb,Feb 2021,Q1,2021-02,2,Tue,2
2021-02-03,2021,2,Feb,Feb 2021,Q1,2021-02,3,Wed,3
2021-02-04,2021,2,Feb,Feb 2021,Q1,2021-02,4,Thu,4
2021-02-05,2021,2,Feb,Feb 2021,Q1,2021-02,5,Fri,5
2021-02-06,2021,2,Feb,Feb 2021,Q1,2021-02,6,Sat,6
2021-02-07,2021,2,Feb,Feb 2021,Q1,2021-02,7,Sun,7
2021-02-08,2021,2,Feb,Feb 2021,Q1,2021-02,8,Mon,1
2021-02-09,2021,2,Feb,Feb 2021,Q1,2021-02,9,Tue,2
2021-02-10,2021,2,Feb,Feb 2021,Q1,2021-02,10,Wed,3
2021-02-11,2021,2,Feb,Feb 2021,Q1,2021-02,11,Thu,4
2021-02-12,2021,2,Feb,Feb 2021,Q1,2021-02,12,Fri,5
2021-02-13,2021,2,Feb,Feb 2021,Q1,2021-02,13,Sat,6
2021-02-14,2021,2,Feb,Feb 2021,Q1,2021-02,14,Sun,7
2021-02-15,2021,2,Feb,Feb 2021,Q1,2021-02,15,Mon,1
2021-02-16,2021,2,Feb,Feb 2021,Q1,2021-02,16,Tue,2
2021-02-17,2021,2,Feb,Feb 2021,Q1,2021-02,17,Wed,3
2021-02-18,2021,2,Feb,Feb 2021,Q1,2021-02,18,Thu,4
2021-02-19,2021,2,Feb,Feb 2021,Q1,2021-02,19,Fri,5
2021-02-20,2021,2,Feb,Feb 2021,Q1,2021-02,20,Sat,6
2021-02-21,2021,2,Feb,Feb 2021,Q1,2021-02,21,Sun,7
2021-02-22,2021,2,Feb,Feb 2021,Q1,2021-02,22,Mon,1
2021-02-23,2021,2,Feb,Feb 2021,Q1,2021-02,23,Tue,2
2021-02-24,2021,2,Feb,Feb 2021,Q1,2021-02,24,Wed,3
2021-02-25,2021,2,Feb,Feb 2021,Q1,2021-02,25,Thu,4
2021-02-26,2021,2,Feb,Feb 2021,Q1,2021-02,26,Fri,5
2021-02-27,2021,2,Feb,Feb 2021,Q1,2021-02,27,Sat,6
2021-02-28,2021,2,Feb,Feb 2021,Q1,2021-02,28,Sun,7
2021-03-01,2021,3,Mar,Mar 2021,Q1,2021-03,1,Mon,1
2021-03-02,2021,3,Mar,Mar 2021,Q1,2021-03,2,Tue,2
2021-03-03,2021,3,Mar,Mar 2021,Q1,2021-03,3,Wed,3
2021-03-04,2021,3,Mar,Mar 2021,Q1,2021-03,4,Thu,4
2021-03-05,2021,3,Mar,Mar 2021,Q1,2021-03,5,Fri,5
2021-03-06,2021,3,Mar,Mar 2021,Q1,2021-03,6,Sat,6
2021-03-07,2021,3,Mar,Mar 2021,Q1,2021-03,7,Sun,7
2021-03-08,2021,3,Mar,Mar 2021,Q1,2021-03,8,Mon,1
2021-03-09,2021,3,Mar,Mar 2021,Q1,2021-03,9,Tue,2
2021-03-10,2021,3,Mar,Mar 2021,Q1,2021-03,10,Wed,3
2021-03-11,2021,3,Mar,Mar 2021,Q1,2021-03,11,Thu,4
2021-03-12,2021,3,Mar,Mar 2021,Q1,2021-03,12,Fri,5
2021-03-13,2021,3,Mar,Mar 2021,Q1,2021-03,13,Sat,6
2021-03-14,2021,3,Mar,Mar 2021,Q1,2021-03,14,Sun,7
2021-03-15,2021,3,Mar,Mar 2021,Q1,2021-03,15,Mon,1
2021-03-16,2021,3,Mar,Mar 2021,Q1,2021-03,16,Tue,2
2021-03-17,2021,3,Mar,Mar 2021,Q1,2021-03,17,Wed,3
2021-03-18,2021,3,Mar,Mar 2021,Q1,2021-03,18,Thu,4
2021-03-19,2021,3,Mar,Mar 2021,Q1,2021-03,19,Fri,5
2021-03-20,2021,3,Mar,Mar 2021,Q1,2021-03,20,Sat,6
2021-03-21,2021,3,Mar,Mar 2021,Q1,2021-03,21,Sun,7
2021-03-22,2021,3,Mar,Mar 2021,Q1,2021-03,22,Mon,1
2021-03-23,2021,3,Mar,Mar 2021,Q1,2021-03,23,Tue,2
2021-03-24,2021,3,Mar,Mar 2021,Q1,2021-03,24,Wed,3
2021-03-25,2021,3,Mar,Mar 2021,Q1,2021-03,25,Thu,4
2021-03-26,2021,3,Mar,Mar 2021,Q1,2021-03,26,Fri,5
2021-03-27,2021,3,Mar,Mar 2021,Q1,2021-03,27,Sat,6
2021-03-28,2021,3,Mar,Mar 2021,Q1,2021-03,28,Sun,7
2021-03-29,2021,3,Mar,Mar 2021,Q1,2021-03,29,Mon,1
2021-03-30,2021,3,Mar,Mar 2021,Q1,2021-03,30,Tue,2
2021-03-31,2021,3,Mar,Mar 2021,Q1,2021-03,31,Wed,3
2021-04-01,2021,4,Apr,Apr 2021,Q2,2021-04,1,Thu,4
2021-04-02,2021,4,Apr,Apr 2021,Q2,2021-04,2,Fri,5
2021-04-03,2021,4,Apr,Apr 2021,Q2,2021-04,3,Sat,6
2021-04-04,2021,4,Apr,Apr 2021,Q2,2021-04,4,Sun,7
2021-04-05,2021,4,Apr,Apr 2021,Q2,2021-04,5,Mon,1
2021-04-06,2021,4,Apr,Apr 2021,Q2,2021-04,6,Tue,2
2021-04-07,2021,4,Apr,Apr 2021,Q2,2021-04,7,Wed,3
2021-04-08,2021,4,Apr,Apr 2021,Q2,2021-04,8,Thu,4
2021-04-09,2021,4,Apr,Apr 2021,Q2,2021-04,9,Fri,5
2021-04-10,2021,4,Apr,Apr 2021,Q2,2021-04,10,Sat,6
2021-04-11,2021,4,Apr,Apr 2021,Q2,2021-04,11,Sun,7
2021-04-12,2021,4,Apr,Apr 2021,Q2,2021-04,12,Mon,1
2021-04-13,2021,4,Apr,Apr 2021,Q2,2021-04,13,Tue,2
2021-04-14,2021,4,Apr,Apr 2021,Q2,2021-04,14,Wed,3
2021-04-15,2021,4,Apr,Apr 2021,Q2,2021-04,15,Thu,4
2021-04-16,2021,4,Apr,Apr 2021,Q2,2021-04,16,Fri,5
2021-04-17,2021,4,Apr,Apr 2021,Q2,2021-04,17,Sat,6
2021-04-18,2021,4,Apr,Apr 2021,Q2,2021-04,18,Sun,7
2021-04-19,2021,4,Apr,Apr 2021,Q2,2021-04,19,Mon,1
2021-04-20,2021,4,Apr,Apr 2021,Q2,2021-04,20,Tue,2
2021-04-21,2021,4,Apr,Apr 2021,Q2,2021-04,21,Wed,3
2021-04-22,2021,4,Apr,Apr 2021,Q2,2021-04,22,Thu,4
2021-04-23,2021,4,Apr,Apr 2021,Q2,2021-04,23,Fri,5
2021-04-24,2021,4,Apr,Apr 2021,Q2,2021-04,24,Sat,6
2021-04-25,2021,4,Apr,Apr 2021,Q2,2021-04,25,Sun,7
2021-04-26,2021,4,Apr,Apr 2021,Q2,2021-04,26,Mon,1
2021-04-27,2021,4,Apr,Apr 2021,Q2,2021-04,27,Tue,2
2021-04-28,2021,4,Apr,Apr 2021,Q2,2021-04,28,Wed,3
2021-04-29,2021,4,Apr,Apr 2021,Q2,2021-04,29,Thu,4
2021-04-30,2021,4,Apr,Apr 2021,Q2,2021-04,30,Fri,5
2021-05-01,2021,5,May,May 2021,Q2,2021-05,1,Sat,6
2021-05-02,2021,5,May,May 2021,Q2,2021-05,2,Sun,7
2021-05-03,2021,5,May,May 2021,Q2,2021-05,3,Mon,1
2021-05-04,2021,5,May,May 2021,Q2,2021-05,4,Tue,2
2021-05-05,2021,5,May,May 2021,Q2,2021-05,5,Wed,3
2021-05-06,2021,5,May,May 2021,Q2,2021-05,6,Thu,4
2021-05-07,2021,5,May,May 2021,Q2,2021-05,7,Fri,5
2021-05-08,2021,5,May,May 2021,Q2,2021-05,8,Sat,6
2021-05-09,2021,5,May,May 2021,Q2,2021-05,9,Sun,7
2021-05-10,2021,5,May,May 2021,Q2,2021-05,10,Mon,1
2021-05-11,2021,5,May,May 2021,Q2,2021-05,11,Tue,2
2021-05-12,2021,5,May,May 2021,Q2,2021-05,12,Wed,3
2021-05-13,2021,5,May,May 2021,Q2,2021-05,13,Thu,4
2021-05-14,2021,5,May,May 2021,Q2,2021-05,14,Fri,5
2021-05-15,2021,5,May,May 2021,Q2,2021-05,15,Sat,6
2021-05-16,2021,5,May,May 2021,Q2,2021-05,16,Sun,7
2021-05-17,2021,5,May,May 2021,Q2,2021-05,17,Mon,1
2021-05-18,2021,5,May,May 2021,Q2,2021-05,18,Tue,2
2021-05-19,2021,5,May,May 2021,Q2,2021-05,19,Wed,3
2021-05-20,2021,5,May,May 2021,Q2,2021-05,20,Thu,4
2021-05-21,2021,5,May,May 2021,Q2,2021-05,21,Fri,5
2021-05-22,2021,5,May,May 2021,Q2,2021-05,22,Sat,6
2021-05-23,2021,5,May,May 2021,Q2,2021-05,23,Sun,7
2021-05-24,2021,5,May,May 2021,Q2,2021-05,24,Mon,1
2021-05-25,2021,5,May,May 2021,Q2,2021-05,25,Tue,2
2021-05-26,2021,5,May,May 2021,Q2,2021-05,26,Wed,3
2021-05-27,2021,5,May,May 2021,Q2,2021-05,27,Thu,4
2021-05-28,2021,5,May,May 2021,Q2,2021-05,28,Fri,5
2021-05-29,2021,5,May,May 2021,Q2,2021-05,29,Sat,6
2021-05-30,2021,5,May,May 2021,Q2,2021-05,30,Sun,7
2021-05-31,2021,5,May,May 2021,Q2,2021-05,31,Mon,1
2021-06-01,2021,6,Jun,Jun 2021,Q2,2021-06,1,Tue,2
2021-06-02,2021,6,Jun,Jun 2021,Q2,2021-06,2,Wed,3
2021-06-03,2021,6,Jun,Jun 2021,Q2,2021-06,3,Thu,4
2021-06-04,2021,6,Jun,Jun 2021,Q2,2021-06,4,Fri,5
2021-06-05,2021,6,Jun,Jun 2021,Q2,2021-06,5,Sat,6
2021-06-06,2021,6,Jun,Jun 2021,Q2,2021-06,6,Sun,7
2021-06-07,2021,6,Jun,Jun 2021,Q2,2021-06,7,Mon,1
2021-06-08,2021,6,Jun,Jun 2021,Q2,2021-06,8,Tue,2
2021-06-09,2021,6,Jun,Jun 2021,Q2,2021-06,9,Wed,3
2021-06-10,2021,6,Jun,Jun 2021,Q2,2021-06,10,Thu,4
2021-06-11,2021,6,Jun,Jun 2021,Q2,2021-06,11,Fri,5
2021-06-12,2021,6,Jun,Jun 2021,Q2,2021-06,12,Sat,6
2021-06-13,2021,6,Jun,Jun 2021,Q2,2021-06,13,Sun,7
2021-06-14,2021,6,Jun,Jun 2021,Q2,2021-06,14,Mon,1
2021-06-15,2021,6,Jun,Jun 2021,Q2,2021-06,15,Tue,2
2021-06-16,2021,6,Jun,Jun 2021,Q2,2021-06,16,Wed,3
2021-06-17,2021,6,Jun,Jun 2021,Q2,2021-06,17,Thu,4
2021-06-18,2021,6,Jun,Jun 2021,Q2,2021-06,18,Fri,5
2021-06-19,2021,6,Jun,Jun 2021,Q2,2021-06,19,Sat,6
2021-06-20,2021,6,Jun,Jun 2021,Q2,2021-06,20,Sun,7
2021-06-21,2021,6,Jun,Jun 2021,Q2,2021-06,21,Mon,1
2021-06-22,2021,6,Jun,Jun 2021,Q2,2021-06,22,Tue,2
2021-06-23,2021,6,Jun,Jun 2021,Q2,2021-06,23,Wed,3
2021-06-24,2021,6,Jun,Jun 2021,Q2,2021-06,24,Thu,4
2021-06-25,2021,6,Jun,Jun 2021,Q2,2021-06,25,Fri,5
2021-06-26,2021,6,Jun,Jun 2021,Q2,2021-06,26,Sat,6
2021-06-27,2021,6,Jun,Jun 2021,Q2,2021-06,27,Sun,7
2021-06-28,2021,6,Jun,Jun 2021,Q2,2021-06,28,Mon,1
2021-06-29,2021,6,Jun,Jun 2021,Q2,2021-06,29,Tue,2
2021-06-30,2021,6,Jun,Jun 2021,Q2,2021-06,30,Wed,3
2021-07-01,2021,7,Jul,Jul 2021,Q3,2021-07,1,Thu,4
2021-07-02,2021,7,Jul,Jul 2021,Q3,2021-07,2,Fri,5
2021-07-03,2021,7,Jul,Jul 2021,Q3,2021-07,3,Sat,6
2021-07-04,2021,7,Jul,Jul 2021,Q3,2021-07,4,Sun,7
2021-07-05,2021,7,Jul,Jul 2021,Q3,2021-07,5,Mon,1
2021-07-06,2021,7,Jul,Jul 2021,Q3,2021-07,6,Tue,2
2021-07-07,2021,7,Jul,Jul 2021,Q3,2021-07,7,Wed,3
2021-07-08,2021,7,Jul,Jul 2021,Q3,2021-07,8,Thu,4
2021-07-09,2021,7,Jul,Jul 2021,Q3,2021-07,9,Fri,5
2021-07-10,2021,7,Jul,Jul 2021,Q3,2021-07,10,Sat,6
2021-07-11,2021,7,Jul,Jul 2021,Q3,2021-07,11,Sun,7
2021-07-12,2021,7,Jul,Jul 2021,Q3,2021-07,12,Mon,1
2021-07-13,2021,7,Jul,Jul 2021,Q3,2021-07,13,Tue,2
2021-07-14,2021,7,Jul,Jul 2021,Q3,2021-07,14,Wed,3
2021-07-15,2021,7,Jul,Jul 2021,Q3,2021-07,15,Thu,4
2021-07-16,2021,7,Jul,Jul 2021,Q3,2021-07,16,Fri,5
2021-07-17,2021,7,Jul,Jul 2021,Q3,2021-07,17,Sat,6
2021-07-18,2021,7,Jul,Jul 2021,Q3,2021-07,18,Sun,7
2021-07-19,2021,7,Jul,Jul 2021,Q3,2021-07,19,Mon,1
2021-07-20,2021,7,Jul,Jul 2021,Q3,2021-07,20,Tue,2
2021-07-21,2021,7,Jul,Jul 2021,Q3,2021-07,21,Wed,3
2021-07-22,2021,7,Jul,Jul 2021,Q3,2021-07,22,Thu,4
2021-07-23,2021,7,Jul,Jul 2021,Q3,2021-07,23,Fri,5
2021-07-24,2021,7,Jul,Jul 2021,Q3,2021-07,24,Sat,6
2021-07-25,2021,7,Jul,Jul 2021,Q3,2021-07,25,Sun,7
2021-07-26,2021,7,Jul,Jul 2021,Q3,2021-07,26,Mon,1
2021-07-27,2021,7,Jul,Jul 2021,Q3,2021-07,27,Tue,2
2021-07-28,2021,7,Jul,Jul 2021,Q3,2021-07,28,Wed,3
2021-07-29,2021,7,Jul,Jul 2021,Q3,2021-07,29,Thu,4
2021-07-30,2021,7,Jul,Jul 2021,Q3,2021-07,30,Fri,5
2021-07-31,2021,7,Jul,Jul 2021,Q3,2021-07,31,Sat,6
2021-08-01,2021,8,Aug,Aug 2021,Q3,2021-08,1,Sun,7
2021-08-02,2021,8,Aug,Aug 2021,Q3,2021-08,2,Mon,1
2021-08-03,2021,8,Aug,Aug 2021,Q3,2021-08,3,Tue,2
2021-08-04,2021,8,Aug,Aug 2021,Q3,2021-08,4,Wed,3
2021-08-05,2021,8,Aug,Aug 2021,Q3,2021-08,5,Thu,4
2021-08-06,2021,8,Aug,Aug 2021,Q3,2021-08,6,Fri,5
2021-08-07,2021,8,Aug,Aug 2021,Q3,2021-08,7,Sat,6
2021-08-08,2021,8,Aug,Aug 2021,Q3,2021-08,8,Sun,7
2021-08-09,2021,8,Aug,Aug 2021,Q3,2021-08,9,Mon,1
2021-08-10,2021,8,Aug,Aug 2021,Q3,2021-08,10,Tue,2
2021-08-11,2021,8,Aug,Aug 2021,Q3,2021-08,11,Wed,3
2021-08-12,2021,8,Aug,Aug 2021,Q3,2021-08,12,Thu,4
2021-08-13,2021,8,Aug,Aug 2021,Q3,2021-08,13,Fri,5
2021-08-14,2021,8,Aug,Aug 2021,Q3,2021-08,14,Sat,6
2021-08-15,2021,8,Aug,Aug 2021,Q3,2021-08,15,Sun,7
2021-08-16,2021,8,Aug,Aug 2021,Q3,2021-08,16,Mon,1
2021-08-17,2021,8,Aug,Aug 2021,Q3,2021-08,17,Tue,2
2021-08-18,2021,8,Aug,Aug 2021,Q3,2021-08,18,Wed,3
2021-08-19,2021,8,Aug,Aug 2021,Q3,2021-08,19,Thu,4
2021-08-20,2021,8,Aug,Aug 2021,Q3,2021-08,20,Fri,5
2021-08-21,2021,8,Aug,Aug 2021,Q3,2021-08,21,Sat,6
2021-08-22,2021,8,Aug,Aug 2021,Q3,2021-08,22,Sun,7
2021-08-23,2021,8,Aug,Aug 2021,Q3,2021-08,23,Mon,1
2021-08-24,2021,8,Aug,Aug 2021,Q3,2021-08,24,Tue,2
2021-08-25,2021,8,Aug,Aug 2021,Q3,2021-08,25,Wed,3
2021-08-26,2021,8,Aug,Aug 2021,Q3,2021-08,26,Thu,4
2021-08-27,2021,8,Aug,Aug 2021,Q3,2021-08,27,Fri,5
2021-08-28,2021,8,Aug,Aug 2021,Q3,2021-08,28,Sat,6
2021-08-29,2021,8,Aug,Aug 2021,Q3,2021-08,29,Sun,7
2021-08-30,2021,8,Aug,Aug 2021,Q3,2021-08,30,Mon,1
2021-08-31,2021,8,Aug,Aug 2021,Q3,2021-08,31,Tue,2
2021-09-01,2021,9,Sep,Sep 2021,Q3,2021-09,1,Wed,3
2021-09-02,2021,9,Sep,Sep 2021,Q3,2021-09,2,Thu,4
2021-09-03,2021,9,Sep,Sep 2021,Q3,2021-09,3,Fri,5
2021-09-04,2021,9,Sep,Sep 2021,Q3,2021-09,4,Sat,6
2021-09-05,2021,9,Sep,Sep 2021,Q3,2021-09,5,Sun,7
2021-09-06,2021,9,Sep,Sep 2021,Q3,2021-09,6,Mon,1
2021-09-07,2021,9,Sep,Sep 2021,Q3,2021-09,7,Tue,2
2021-09-08,2021,9,Sep,Sep 2021,Q3,2021-09,8,Wed,3
2021-09-09,2021,9,Sep,Sep 2021,Q3,2021-09,9,Thu,4
2021-09-10,2021,9,Sep,Sep 2021,Q3,2021-09,10,Fri,5
2021-09-11,2021,9,Sep,Sep 2021,Q3,2021-09,11,Sat,6
2021-09-12,2021,9,Sep,Sep 2021,Q3,2021-09,12,Sun,7
2021-09-13,2021,9,Sep,Sep 2021,Q3,2021-09,13,Mon,1
2021-09-14,2021,9,Sep,Sep 2021,Q3,2021-09,14,Tue,2
2021-09-15,2021,9,Sep,Sep 2021,Q3,2021-09,15,Wed,3
2021-09-16,2021,9,Sep,Sep 2021,Q3,2021-09,16,Thu,4
2021-09-17,2021,9,Sep,Sep 2021,Q3,2021-09,17,Fri,5
2021-09-18,2021,9,Sep,Sep 2021,Q3,2021-09,18,Sat,6
2021-09-19,2021,9,Sep,Sep 2021,Q3,2021-09,19,Sun,7
2021-09-20,2021,9,Sep,Sep 2021,Q3,2021-09,20,Mon,1
2021-09-21,2021,9,Sep,Sep 2021,Q3,2021-09,21,Tue,2
2021-09-22,2021,9,Sep,Sep 2021,Q3,2021-09,22,Wed,3
2021-09-23,2021,9,Sep,Sep 2021,Q3,2021-09,23,Thu,4
2021-09-24,2021,9,Sep,Sep 2021,Q3,2021-09,24,Fri,5
2021-09-25,2021,9,Sep,Sep 2021,Q3,2021-09,25,Sat,6
2021-09-26,2021,9,Sep,Sep 2021,Q3,2021-09,26,Sun,7
2021-09-27,2021,9,Sep,Sep 2021,Q3,2021-09,27,Mon,1
2021-09-28,2021,9,Sep,Sep 2021,Q3,2021-09,28,Tue,2
2021-09-29,2021,9,Sep,Sep 2021,Q3,2021-09,29,Wed,3
2021-09-30,2021,9,Sep,Sep 2021,Q3,2021-09,30,Thu,4
2021-10-01,2021,10,Oct,Oct 2021,Q4,2021-10,1,Fri,5
2021-10-02,2021,10,Oct,Oct 2021,Q4,2021-10,2,Sat,6
2021-10-03,2021,10,Oct,Oct 2021,Q4,2021-10,3,Sun,7
2021-10-04,2021,10,Oct,Oct 2021,Q4,2021-10,4,Mon,1
2021-10-05,2021,10,Oct,Oct 2021,Q4,2021-10,5,Tue,2
2021-10-06,2021,10,Oct,Oct 2021,Q4,2021-10,6,Wed,3
2021-10-07,2021,10,Oct,Oct 2021,Q4,2021-10,7,Thu,4
2021-10-08,2021,10,Oct,Oct 2021,Q4,2021-10,8,Fri,5
2021-10-09,2021,10,Oct,Oct 2021,Q4,2021-10,9,Sat,6
2021-10-10,2021,10,Oct,Oct 2021,Q4,2021-10,10,Sun,7
2021-10-11,2021,10,Oct,Oct 2021,Q4,2021-10,11,Mon,1
2021-10-12,2021,10,Oct,Oct 2021,Q4,2021-10,12,Tue,2
2021-10-13,2021,10,Oct,Oct 2021,Q4,2021-10,13,Wed,3
2021-10-14,2021,10,Oct,Oct 2021,Q4,2021-10,14,Thu,4
2021-10-15,2021,10,Oct,Oct 2021,Q4,2021-10,15,Fri,5
2021-10-16,2021,10,Oct,Oct 2021,Q4,2021-10,16,Sat,6
2021-10-17,2021,10,Oct,Oct 2021,Q4,2021-10,17,Sun,7
2021-10-18,2021,10,Oct,Oct 2021,Q4,2021-10,18,Mon,1
2021-10-19,2021,10,Oct,Oct 2021,Q4,2021-10,19,Tue,2
2021-10-20,2021,10,Oct,Oct 2021,Q4,2021-10,20,Wed,3
2021-10-21,2021,10,Oct,Oct 2021,Q4,2021-10,21,Thu,4
2021-10-22,2021,10,Oct,Oct 2021,Q4,2021-10,22,Fri,5
2021-10-23,2021,10,Oct,Oct 2021,Q4,2021-10,23,Sat,6
2021-10-24,2021,10,Oct,Oct 2021,Q4,2021-10,24,Sun,7
2021-10-25,2021,10,Oct,Oct 2021,Q4,2021-10,25,Mon,1
2021-10-26,2021,10,Oct,Oct 2021,Q4,2021-10,26,Tue,2
2021-10-27,2021,10,Oct,Oct 2021,Q4,2021-10,27,Wed,3
2021-10-28,2021,10,Oct,Oct 2021,Q4,2021-10,28,Thu,4
2021-10-29,2021,10,Oct,Oct 2021,Q4,2021-10,29,Fri,5
2021-10-30,2021,10,Oct,Oct 2021,Q4,2021-10,30,Sat,6
2021-10-31,2021,10,Oct,Oct 2021,Q4,2021-10,31,Sun,7
2021-11-01,2021,11,Nov,Nov 2021,Q4,2021-11,1,Mon,1
2021-11-02,2021,11,Nov,Nov 2021,Q4,2021-11,2,Tue,2
2021-11-03,2021,11,Nov,Nov 2021,Q4,2021-11,3,Wed,3
2021-11-04,2021,11,Nov,Nov 2021,Q4,2021-11,4,Thu,4
2021-11-05,2021,11,Nov,Nov 2021,Q4,2021-11,5,Fri,5
2021-11-06,2021,11,Nov,Nov 2021,Q4,2021-11,6,Sat,6
2021-11-07,2021,11,Nov,Nov 2021,Q4,2021-11,7,Sun,7
2021-11-08,2021,11,Nov,Nov 2021,Q4,2021-11,8,Mon,1
2021-11-09,2021,11,Nov,Nov 2021,Q4,2021-11,9,Tue,2
2021-11-10,2021,11,Nov,Nov 2021,Q4,2021-11,10,Wed,3
2021-11-11,2021,11,Nov,Nov 2021,Q4,2021-11,11,Thu,4
2021-11-12,2021,11,Nov,Nov 2021,Q4,2021-11,12,Fri,5
2021-11-13,2021,11,Nov,Nov 2021,Q4,2021-11,13,Sat,6
2021-11-14,2021,11,Nov,Nov 2021,Q4,2021-11,14,Sun,7
2021-11-15,2021,11,Nov,Nov 2021,Q4,2021-11,15,Mon,1
2021-11-16,2021,11,Nov,Nov 2021,Q4,2021-11,16,Tue,2
2021-11-17,2021,11,Nov,Nov 2021,Q4,2021-11,17,Wed,3
2021-11-18,2021,11,Nov,Nov 2021,Q4,2021-11,18,Thu,4
2021-11-19,2021,11,Nov,Nov 2021,Q4,2021-11,19,Fri,5
2021-11-20,2021,11,Nov,Nov 2021,Q4,2021-11,20,Sat,6
2021-11-21,2021,11,Nov,Nov 2021,Q4,2021-11,21,Sun,7
2021-11-22,2021,11,Nov,Nov 2021,Q4,2021-11,22,Mon,1
2021-11-23,2021,11,Nov,Nov 2021,Q4,2021-11,23,Tue,2
2021-11-24,2021,11,Nov,Nov 2021,Q4,2021-11,24,Wed,3
2021-11-25,2021,11,Nov,Nov 2021,Q4,2021-11,25,Thu,4
2021-11-26,2021,11,Nov,Nov 2021,Q4,2021-11,26,Fri,5
2021-11-27,2021,11,Nov,Nov 2021,Q4,2021-11,27,Sat,6
2021-11-28,2021,11,Nov,Nov 2021,Q4,2021-11,28,Sun,7
2021-11-29,2021,11,Nov,Nov 2021,Q4,2021-11,29,Mon,1
2021-11-30,2021,11,Nov,Nov 2021,Q4,2021-11,30,Tue,2
2021-12-01,2021,12,Dec,Dec 2021,Q4,2021-12,1,Wed,3
2021-12-02,2021,12,Dec,Dec 2021,Q4,2021-12,2,Thu,4
2021-12-03,2021,12,Dec,Dec 2021,Q4,2021-12,3,Fri,5
2021-12-04,2021,12,Dec,Dec 2021,Q4,2021-12,4,Sat,6
2021-12-05,2021,12,Dec,Dec 2021,Q4,2021-12,5,Sun,7
2021-12-06,2021,12,Dec,Dec 2021,Q4,2021-12,6,Mon,1
2021-12-07,2021,12,Dec,Dec 2021,Q4,2021-12,7,Tue,2
2021-12-08,2021,12,Dec,Dec 2021,Q4,2021-12,8,Wed,3
2021-12-09,2021,12,Dec,Dec 2021,Q4,2021-12,9,Thu,4
2021-12-10,2021,12,Dec,Dec 2021,Q4,2021-12,10,Fri,5
2021-12-11,2021,12,Dec,Dec 2021,Q4,2021-12,11,Sat,6
2021-12-12,2021,12,Dec,Dec 2021,Q4,2021-12,12,Sun,7
2021-12-13,2021,12,Dec,Dec 2021,Q4,2021-12,13,Mon,1
2021-12-14,2021,12,Dec,Dec 2021,Q4,2021-12,14,Tue,2
2021-12-15,2021,12,Dec,Dec 2021,Q4,2021-12,15,Wed,3
2021-12-16,2021,12,Dec,Dec 2021,Q4,2021-12,16,Thu,4
2021-12-17,2021,12,Dec,Dec 2021,Q4,2021-12,17,Fri,5
2021-12-18,2021,12,Dec,Dec 2021,Q4,2021-12,18,Sat,6
2021-12-19,2021,12,Dec,Dec 2021,Q4,2021-12,19,Sun,7
2021-12-20,2021,12,Dec,Dec 2021,Q4,2021-12,20,Mon,1
2021-12-21,2021,12,Dec,Dec 2021,Q4,2021-12,21,Tue,2
2021-12-22,2021,12,Dec,Dec 2021,Q4,2021-12,22,Wed,3
2021-12-23,2021,12,Dec,Dec 2021,Q4,2021-12,23,Thu,4
2021-12-24,2021,12,Dec,Dec 2021,Q4,2021-12,24,Fri,5
2021-12-25,2021,12,Dec,Dec 2021,Q4,2021-12,25,Sat,6
2021-12-26,2021,12,Dec,Dec 2021,Q4,2021-12,26,Sun,7
2021-12-27,2021,12,Dec,Dec 2021,Q4,2021-12,27,Mon,1
2021-12-28,2021,12,Dec,Dec 2021,Q4,2021-12,28,Tue,2
2021-12-29,2021,12,Dec,Dec 2021,Q4,2021-12,29,Wed,3
2021-12-30,2021,12,Dec,Dec 2021,Q4,2021-12,30,Thu,4
2021-12-31,2021,12,Dec,Dec 2021,Q4,2021-12,31,Fri,5
2022-01-01,2022,1,Jan,Jan 2022,Q1,2022-01,1,Sat,6
2022-01-02,2022,1,Jan,Jan 2022,Q1,2022-01,2,Sun,7
2022-01-03,2022,1,Jan,Jan 2022,Q1,2022-01,3,Mon,1
2022-01-04,2022,1,Jan,Jan 2022,Q1,2022-01,4,Tue,2
2022-01-05,2022,1,Jan,Jan 2022,Q1,2022-01,5,Wed,3
2022-01-06,2022,1,Jan,Jan 2022,Q1,2022-01,6,Thu,4
2022-01-07,2022,1,Jan,Jan 2022,Q1,2022-01,7,Fri,5
2022-01-08,2022,1,Jan,Jan 2022,Q1,2022-01,8,Sat,6
2022-01-09,2022,1,Jan,Jan 2022,Q1,2022-01,9,Sun,7
2022-01-10,2022,1,Jan,Jan 2022,Q1,2022-01,10,Mon,1
2022-01-11,2022,1,Jan,Jan 2022,Q1,2022-01,11,Tue,2
2022-01-12,2022,1,Jan,Jan 2022,Q1,2022-01,12,Wed,3
2022-01-13,2022,1,Jan,Jan 2022,Q1,2022-01,13,Thu,4
2022-01-14,2022,1,Jan,Jan 2022,Q1,2022-01,14,Fri,5
2022-01-15,2022,1,Jan,Jan 2022,Q1,2022-01,15,Sat,6
2022-01-16,2022,1,Jan,Jan 2022,Q1,2022-01,16,Sun,7
2022-01-17,2022,1,Jan,Jan 2022,Q1,2022-01,17,Mon,1
2022-01-18,2022,1,Jan,Jan 2022,Q1,2022-01,18,Tue,2
2022-01-19,2022,1,Jan,Jan 2022,Q1,2022-01,19,Wed,3
2022-01-20,2022,1,Jan,Jan 2022,Q1,2022-01,20,Thu,4
2022-01-21,2022,1,Jan,Jan 2022,Q1,2022-01,21,Fri,5
2022-01-22,2022,1,Jan,Jan 2022,Q1,2022-01,22,Sat,6
2022-01-23,2022,1,Jan,Jan 2022,Q1,2022-01,23,Sun,7
2022-01-24,2022,1,Jan,Jan 2022,Q1,2022-01,24,Mon,1
2022-01-25,2022,1,Jan,Jan 2022,Q1,2022-01,25,Tue,2
2022-01-26,2022,1,Jan,Jan 2022,Q1,2022-01,26,Wed,3
2022-01-27,2022,1,Jan,Jan 2022,Q1,2022-01,27,Thu,4
2022-01-28,2022,1,Jan,Jan 2022,Q1,2022-01,28,Fri,5
2022-01-29,2022,1,Jan,Jan 2022,Q1,2022-01,29,Sat,6
2022-01-30,2022,1,Jan,Jan 2022,Q1,2022-01,30,Sun,7
2022-01-31,2022,1,Jan,Jan 2022,Q1,2022-01,31,Mon,1
2022-02-01,2022,2,Feb,Feb 2022,Q1,2022-02,1,Tue,2
2022-02-02,2022,2,Feb,Feb 2022,Q1,2022-02,2,Wed,3
2022-02-03,2022,2,Feb,Feb 2022,Q1,2022-02,3,Thu,4
2022-02-04,2022,2,Feb,Feb 2022,Q1,2022-02,4,Fri,5
2022-02-05,2022,2,Feb,Feb 2022,Q1,2022-02,5,Sat,6
2022-02-06,2022,2,Feb,Feb 2022,Q1,2022-02,6,Sun,7
2022-02-07,2022,2,Feb,Feb 2022,Q1,2022-02,7,Mon,1
2022-02-08,2022,2,Feb,Feb 2022,Q1,2022-02,8,Tue,2
2022-02-09,2022,2,Feb,Feb 2022,Q1,2022-02,9,Wed,3
2022-02-10,2022,2,Feb,Feb 2022,Q1,2022-02,10,Thu,4
2022-02-11,2022,2,Feb,Feb 2022,Q1,2022-02,11,Fri,5
2022-02-12,2022,2,Feb,Feb 2022,Q1,2022-02,12,Sat,6
2022-02-13,2022,2,Feb,Feb 2022,Q1,2022-02,13,Sun,7
2022-02-14,2022,2,Feb,Feb 2022,Q1,2022-02,14,Mon,1
2022-02-15,2022,2,Feb,Feb 2022,Q1,2022-02,15,Tue,2
2022-02-16,2022,2,Feb,Feb 2022,Q1,2022-02,16,Wed,3
2022-02-17,2022,2,Feb,Feb 2022,Q1,2022-02,17,Thu,4
2022-02-18,2022,2,Feb,Feb 2022,Q1,2022-02,18,Fri,5
2022-02-19,2022,2,Feb,Feb 2022,Q1,2022-02,19,Sat,6
2022-02-20,2022,2,Feb,Feb 2022,Q1,2022-02,20,Sun,7
2022-02-21,2022,2,Feb,Feb 2022,Q1,2022-02,21,Mon,1
2022-02-22,2022,2,Feb,Feb 2022,Q1,2022-02,22,Tue,2
2022-02-23,2022,2,Feb,Feb 2022,Q1,2022-02,23,Wed,3
2022-02-24,2022,2,Feb,Feb 2022,Q1,2022-02,24,Thu,4
2022-02-25,2022,2,Feb,Feb 2022,Q1,2022-02,25,Fri,5
2022-02-26,2022,2,Feb,Feb 2022,Q1,2022-02,26,Sat,6
2022-02-27,2022,2,Feb,Feb 2022,Q1,2022-02,27,Sun,7
2022-02-28,2022,2,Feb,Feb 2022,Q1,2022-02,28,Mon,1
2022-03-01,2022,3,Mar,Mar 2022,Q1,2022-03,1,Tue,2
2022-03-02,2022,3,Mar,Mar 2022,Q1,2022-03,2,Wed,3
2022-03-03,2022,3,Mar,Mar 2022,Q1,2022-03,3,Thu,4
2022-03-04,2022,3,Mar,Mar 2022,Q1,2022-03,4,Fri,5
2022-03-05,2022,3,Mar,Mar 2022,Q1,2022-03,5,Sat,6
2022-03-06,2022,3,Mar,Mar 2022,Q1,2022-03,6,Sun,7
2022-03-07,2022,3,Mar,Mar 2022,Q1,2022-03,7,Mon,1
2022-03-08,2022,3,Mar,Mar 2022,Q1,2022-03,8,Tue,2
2022-03-09,2022,3,Mar,Mar 2022,Q1,2022-03,9,Wed,3
2022-03-10,2022,3,Mar,Mar 2022,Q1,2022-03,10,Thu,4
2022-03-11,2022,3,Mar,Mar 2022,Q1,2022-03,11,Fri,5
2022-03-12,2022,3,Mar,Mar 2022,Q1,2022-03,12,Sat,6
2022-03-13,2022,3,Mar,Mar 2022,Q1,2022-03,13,Sun,7
2022-03-14,2022,3,Mar,Mar 2022,Q1,2022-03,14,Mon,1
2022-03-15,2022,3,Mar,Mar 2022,Q1,2022-03,15,Tue,2
2022-03-16,2022,3,Mar,Mar 2022,Q1,2022-03,16,Wed,3
2022-03-17,2022,3,Mar,Mar 2022,Q1,2022-03,17,Thu,4
2022-03-18,2022,3,Mar,Mar 2022,Q1,2022-03,18,Fri,5
2022-03-19,2022,3,Mar,Mar 2022,Q1,2022-03,19,Sat,6
2022-03-20,2022,3,Mar,Mar 2022,Q1,2022-03,20,Sun,7
2022-03-21,2022,3,Mar,Mar 2022,Q1,2022-03,21,Mon,1
2022-03-22,2022,3,Mar,Mar 2022,Q1,2022-03,22,Tue,2
2022-03-23,2022,3,Mar,Mar 2022,Q1,2022-03,23,Wed,3
2022-03-24,2022,3,Mar,Mar 2022,Q1,2022-03,24,Thu,4
2022-03-25,2022,3,Mar,Mar 2022,Q1,2022-03,25,Fri,5
2022-03-26,2022,3,Mar,Mar 2022,Q1,2022-03,26,Sat,6
2022-03-27,2022,3,Mar,Mar 2022,Q1,2022-03,27,Sun,7
2022-03-28,2022,3,Mar,Mar 2022,Q1,2022-03,28,Mon,1
2022-03-29,2022,3,Mar,Mar 2022,Q1,2022-03,29,Tue,2
2022-03-30,2022,3,Mar,Mar 2022,Q1,2022-03,30,Wed,3
2022-03-31,2022,3,Mar,Mar 2022,Q1,2022-03,31,Thu,4
2022-04-01,2022,4,Apr,Apr 2022,Q2,2022-04,1,Fri,5
2022-04-02,2022,4,Apr,Apr 2022,Q2,2022-04,2,Sat,6
2022-04-03,2022,4,Apr,Apr 2022,Q2,2022-04,3,Sun,7
2022-04-04,2022,4,Apr,Apr 2022,Q2,2022-04,4,Mon,1
2022-04-05,2022,4,Apr,Apr 2022,Q2,2022-04,5,Tue,2
2022-04-06,2022,4,Apr,Apr 2022,Q2,2022-04,6,Wed,3
2022-04-07,2022,4,Apr,Apr 2022,Q2,2022-04,7,Thu,4
2022-04-08,2022,4,Apr,Apr 2022,Q2,2022-04,8,Fri,5
2022-04-09,2022,4,Apr,Apr 2022,Q2,2022-04,9,Sat,6
2022-04-10,2022,4,Apr,Apr 2022,Q2,2022-04,10,Sun,7
2022-04-11,2022,4,Apr,Apr 2022,Q2,2022-04,11,Mon,1
2022-04-12,2022,4,Apr,Apr 2022,Q2,2022-04,12,Tue,2
2022-04-13,2022,4,Apr,Apr 2022,Q2,2022-04,13,Wed,3
2022-04-14,2022,4,Apr,Apr 2022,Q2,2022-04,14,Thu,4
2022-04-15,2022,4,Apr,Apr 2022,Q2,2022-04,15,Fri,5
2022-04-16,2022,4,Apr,Apr 2022,Q2,2022-04,16,Sat,6
2022-04-17,2022,4,Apr,Apr 2022,Q2,2022-04,17,Sun,7
2022-04-18,2022,4,Apr,Apr 2022,Q2,2022-04,18,Mon,1
2022-04-19,2022,4,Apr,Apr 2022,Q2,2022-04,19,Tue,2
2022-04-20,2022,4,Apr,Apr 2022,Q2,2022-04,20,Wed,3
2022-04-21,2022,4,Apr,Apr 2022,Q2,2022-04,21,Thu,4
2022-04-22,2022,4,Apr,Apr 2022,Q2,2022-04,22,Fri,5
2022-04-23,2022,4,Apr,Apr 2022,Q2,2022-04,23,Sat,6
2022-04-24,2022,4,Apr,Apr 2022,Q2,2022-04,24,Sun,7
2022-04-25,2022,4,Apr,Apr 2022,Q2,2022-04,25,Mon,1
2022-04-26,2022,4,Apr,Apr 2022,Q2,2022-04,26,Tue,2
2022-04-27,2022,4,Apr,Apr 2022,Q2,2022-04,27,Wed,3
2022-04-28,2022,4,Apr,Apr 2022,Q2,2022-04,28,Thu,4
2022-04-29,2022,4,Apr,Apr 2022,Q2,2022-04,29,Fri,5
2022-04-30,2022,4,Apr,Apr 2022,Q2,2022-04,30,Sat,6
2022-05-01,2022,5,May,May 2022,Q2,2022-05,1,Sun,7
2022-05-02,2022,5,May,May 2022,Q2,2022-05,2,Mon,1
2022-05-03,2022,5,May,May 2022,Q2,2022-05,3,Tue,2
2022-05-04,2022,5,May,May 2022,Q2,2022-05,4,Wed,3
2022-05-05,2022,5,May,May 2022,Q2,2022-05,5,Thu,4
2022-05-06,2022,5,May,May 2022,Q2,2022-05,6,Fri,5
2022-05-07,2022,5,May,May 2022,Q2,2022-05,7,Sat,6
2022-05-08,2022,5,May,May 2022,Q2,2022-05,8,Sun,7
2022-05-09,2022,5,May,May 2022,Q2,2022-05,9,Mon,1
2022-05-10,2022,5,May,May 2022,Q2,2022-05,10,Tue,2
2022-05-11,2022,5,May,May 2022,Q2,2022-05,11,Wed,3
2022-05-12,2022,5,May,May 2022,Q2,2022-05,12,Thu,4
2022-05-13,2022,5,May,May 2022,Q2,2022-05,13,Fri,5
2022-05-14,2022,5,May,May 2022,Q2,2022-05,14,Sat,6
2022-05-15,2022,5,May,May 2022,Q2,2022-05,15,Sun,7
2022-05-16,2022,5,May,May 2022,Q2,2022-05,16,Mon,1
2022-05-17,2022,5,May,May 2022,Q2,2022-05,17,Tue,2
2022-05-18,2022,5,May,May 2022,Q2,2022-05,18,Wed,3
2022-05-19,2022,5,May,May 2022,Q2,2022-05,19,Thu,4
2022-05-20,2022,5,May,May 2022,Q2,2022-05,20,Fri,5
2022-05-21,2022,5,May,May 2022,Q2,2022-05,21,Sat,6
2022-05-22,2022,5,May,May 2022,Q2,2022-05,22,Sun,7
2022-05-23,2022,5,May,May 2022,Q2,2022-05,23,Mon,1
2022-05-24,2022,5,May,May 2022,Q2,2022-05,24,Tue,2
2022-05-25,2022,5,May,May 2022,Q2,2022-05,25,Wed,3
2022-05-26,2022,5,May,May 2022,Q2,2022-05,26,Thu,4
2022-05-27,2022,5,May,May 2022,Q2,2022-05,27,Fri,5
2022-05-28,2022,5,May,May 2022,Q2,2022-05,28,Sat,6
2022-05-29,2022,5,May,May 2022,Q2,2022-05,29,Sun,7
2022-05-30,2022,5,May,May 2022,Q2,2022-05,30,Mon,1
2022-05-31,2022,5,May,May 2022,Q2,2022-05,31,Tue,2
2022-06-01,2022,6,Jun,Jun 2022,Q2,2022-06,1,Wed,3
2022-06-02,2022,6,Jun,Jun 2022,Q2,2022-06,2,Thu,4
2022-06-03,2022,6,Jun,Jun 2022,Q2,2022-06,3,Fri,5
2022-06-04,2022,6,Jun,Jun 2022,Q2,2022-06,4,Sat,6
2022-06-05,2022,6,Jun,Jun 2022,Q2,2022-06,5,Sun,7
2022-06-06,2022,6,Jun,Jun 2022,Q2,2022-06,6,Mon,1
2022-06-07,2022,6,Jun,Jun 2022,Q2,2022-06,7,Tue,2
2022-06-08,2022,6,Jun,Jun 2022,Q2,2022-06,8,Wed,3
2022-06-09,2022,6,Jun,Jun 2022,Q2,2022-06,9,Thu,4
2022-06-10,2022,6,Jun,Jun 2022,Q2,2022-06,10,Fri,5
2022-06-11,2022,6,Jun,Jun 2022,Q2,2022-06,11,Sat,6
2022-06-12,2022,6,Jun,Jun 2022,Q2,2022-06,12,Sun,7
2022-06-13,2022,6,Jun,Jun 2022,Q2,2022-06,13,Mon,1
2022-06-14,2022,6,Jun,Jun 2022,Q2,2022-06,14,Tue,2
2022-06-15,2022,6,Jun,Jun 2022,Q2,2022-06,15,Wed,3
2022-06-16,2022,6,Jun,Jun 2022,Q2,2022-06,16,Thu,4
2022-06-17,2022,6,Jun,Jun 2022,Q2,2022-06,17,Fri,5
2022-06-18,2022,6,Jun,Jun 2022,Q2,2022-06,18,Sat,6
2022-06-19,2022,6,Jun,Jun 2022,Q2,2022-06,19,Sun,7
2022-06-20,2022,6,Jun,Jun 2022,Q2,2022-06,20,Mon,1
2022-06-21,2022,6,Jun,Jun 2022,Q2,2022-06,21,Tue,2
2022-06-22,2022,6,Jun,Jun 2022,Q2,2022-06,22,Wed,3
2022-06-23,2022,6,Jun,Jun 2022,Q2,2022-06,23,Thu,4
2022-06-24,2022,6,Jun,Jun 2022,Q2,2022-06,24,Fri,5
2022-06-25,2022,6,Jun,Jun 2022,Q2,2022-06,25,Sat,6
2022-06-26,2022,6,Jun,Jun 2022,Q2,2022-06,26,Sun,7
2022-06-27,2022,6,Jun,Jun 2022,Q2,2022-06,27,Mon,1
2022-06-28,2022,6,Jun,Jun 2022,Q2,2022-06,28,Tue,2
2022-06-29,2022,6,Jun,Jun 2022,Q2,2022-06,29,Wed,3
2022-06-30,2022,6,Jun,Jun 2022,Q2,2022-06,30,Thu,4
2022-07-01,2022,7,Jul,Jul 2022,Q3,2022-07,1,Fri,5
2022-07-02,2022,7,Jul,Jul 2022,Q3,2022-07,2,Sat,6
2022-07-03,2022,7,Jul,Jul 2022,Q3,2022-07,3,Sun,7
2022-07-04,2022,7,Jul,Jul 2022,Q3,2022-07,4,Mon,1
2022-07-05,2022,7,Jul,Jul 2022,Q3,2022-07,5,Tue,2
2022-07-06,2022,7,Jul,Jul 2022,Q3,2022-07,6,Wed,3
2022-07-07,2022,7,Jul,Jul 2022,Q3,2022-07,7,Thu,4
2022-07-08,2022,7,Jul,Jul 2022,Q3,2022-07,8,Fri,5
2022-07-09,2022,7,Jul,Jul 2022,Q3,2022-07,9,Sat,6
2022-07-10,2022,7,Jul,Jul 2022,Q3,2022-07,10,Sun,7
2022-07-11,2022,7,Jul,Jul 2022,Q3,2022-07,11,Mon,1
2022-07-12,2022,7,Jul,Jul 2022,Q3,2022-07,12,Tue,2
2022-07-13,2022,7,Jul,Jul 2022,Q3,2022-07,13,Wed,3
2022-07-14,2022,7,Jul,Jul 2022,Q3,2022-07,14,Thu,4
2022-07-15,2022,7,Jul,Jul 2022,Q3,2022-07,15,Fri,5
2022-07-16,2022,7,Jul,Jul 2022,Q3,2022-07,16,Sat,6
2022-07-17,2022,7,Jul,Jul 2022,Q3,2022-07,17,Sun,7
2022-07-18,2022,7,Jul,Jul 2022,Q3,2022-07,18,Mon,1
2022-07-19,2022,7,Jul,Jul 2022,Q3,2022-07,19,Tue,2
2022-07-20,2022,7,Jul,Jul 2022,Q3,2022-07,20,Wed,3
2022-07-21,2022,7,Jul,Jul 2022,Q3,2022-07,21,Thu,4
2022-07-22,2022,7,Jul,Jul 2022,Q3,2022-07,22,Fri,5
2022-07-23,2022,7,Jul,Jul 2022,Q3,2022-07,23,Sat,6
2022-07-24,2022,7,Jul,Jul 2022,Q3,2022-07,24,Sun,7
2022-07-25,2022,7,Jul,Jul 2022,Q3,2022-07,25,Mon,1
2022-07-26,2022,7,Jul,Jul 2022,Q3,2022-07,26,Tue,2
2022-07-27,2022,7,Jul,Jul 2022,Q3,2022-07,27,Wed,3
2022-07-28,2022,7,Jul,Jul 2022,Q3,2022-07,28,Thu,4
2022-07-29,2022,7,Jul,Jul 2022,Q3,2022-07,29,Fri,5
2022-07-30,2022,7,Jul,Jul 2022,Q3,2022-07,30,Sat,6
2022-07-31,2022,7,Jul,Jul 2022,Q3,2022-07,31,Sun,7
2022-08-01,2022,8,Aug,Aug 2022,Q3,2022-08,1,Mon,1
2022-08-02,2022,8,Aug,Aug 2022,Q3,2022-08,2,Tue,2
2022-08-03,2022,8,Aug,Aug 2022,Q3,2022-08,3,Wed,3
2022-08-04,2022,8,Aug,Aug 2022,Q3,2022-08,4,Thu,4
2022-08-05,2022,8,Aug,Aug 2022,Q3,2022-08,5,Fri,5
2022-08-06,2022,8,Aug,Aug 2022,Q3,2022-08,6,Sat,6
2022-08-07,2022,8,Aug,Aug 2022,Q3,2022-08,7,Sun,7
2022-08-08,2022,8,Aug,Aug 2022,Q3,2022-08,8,Mon,1
2022-08-09,2022,8,Aug,Aug 2022,Q3,2022-08,9,Tue,2
2022-08-10,2022,8,Aug,Aug 2022,Q3,2022-08,10,Wed,3
2022-08-11,2022,8,Aug,Aug 2022,Q3,2022-08,11,Thu,4
2022-08-12,2022,8,Aug,Aug 2022,Q3,2022-08,12,Fri,5
2022-08-13,2022,8,Aug,Aug 2022,Q3,2022-08,13,Sat,6
2022-08-14,2022,8,Aug,Aug 2022,Q3,2022-08,14,Sun,7
2022-08-15,2022,8,Aug,Aug 2022,Q3,2022-08,15,Mon,1
2022-08-16,2022,8,Aug,Aug 2022,Q3,2022-08,16,Tue,2
2022-08-17,2022,8,Aug,Aug 2022,Q3,2022-08,17,Wed,3
2022-08-18,2022,8,Aug,Aug 2022,Q3,2022-08,18,Thu,4
2022-08-19,2022,8,Aug,Aug 2022,Q3,2022-08,19,Fri,5
2022-08-20,2022,8,Aug,Aug 2022,Q3,2022-08,20,Sat,6
2022-08-21,2022,8,Aug,Aug 2022,Q3,2022-08,21,Sun,7
2022-08-22,2022,8,Aug,Aug 2022,Q3,2022-08,22,Mon,1
2022-08-23,2022,8,Aug,Aug 2022,Q3,2022-08,23,Tue,2
2022-08-24,2022,8,Aug,Aug 2022,Q3,2022-08,24,Wed,3
2022-08-25,2022,8,Aug,Aug 2022,Q3,2022-08,25,Thu,4
2022-08-26,2022,8,Aug,Aug 2022,Q3,2022-08,26,Fri,5
2022-08-27,2022,8,Aug,Aug 2022,Q3,2022-08,27,Sat,6
2022-08-28,2022,8,Aug,Aug 2022,Q3,2022-08,28,Sun,7
2022-08-29,2022,8,Aug,Aug 2022,Q3,2022-08,29,Mon,1
2022-08-30,2022,8,Aug,Aug 2022,Q3,2022-08,30,Tue,2
2022-08-31,2022,8,Aug,Aug 2022,Q3,2022-08,31,Wed,3
2022-09-01,2022,9,Sep,Sep 2022,Q3,2022-09,1,Thu,4
2022-09-02,2022,9,Sep,Sep 2022,Q3,2022-09,2,Fri,5
2022-09-03,2022,9,Sep,Sep 2022,Q3,2022-09,3,Sat,6
2022-09-04,2022,9,Sep,Sep 2022,Q3,2022-09,4,Sun,7
2022-09-05,2022,9,Sep,Sep 2022,Q3,2022-09,5,Mon,1
2022-09-06,2022,9,Sep,Sep 2022,Q3,2022-09,6,Tue,2
2022-09-07,2022,9,Sep,Sep 2022,Q3,2022-09,7,Wed,3
2022-09-08,2022,9,Sep,Sep 2022,Q3,2022-09,8,Thu,4
2022-09-09,2022,9,Sep,Sep 2022,Q3,2022-09,9,Fri,5
2022-09-10,2022,9,Sep,Sep 2022,Q3,2022-09,10,Sat,6
2022-09-11,2022,9,Sep,Sep 2022,Q3,2022-09,11,Sun,7
2022-09-12,2022,9,Sep,Sep 2022,Q3,2022-09,12,Mon,1
2022-09-13,2022,9,Sep,Sep 2022,Q3,2022-09,13,Tue,2
2022-09-14,2022,9,Sep,Sep 2022,Q3,2022-09,14,Wed,3
2022-09-15,2022,9,Sep,Sep 2022,Q3,2022-09,15,Thu,4
2022-09-16,2022,9,Sep,Sep 2022,Q3,2022-09,16,Fri,5
2022-09-17,2022,9,Sep,Sep 2022,Q3,2022-09,17,Sat,6
2022-09-18,2022,9,Sep,Sep 2022,Q3,2022-09,18,Sun,7
2022-09-19,2022,9,Sep,Sep 2022,Q3,2022-09,19,Mon,1
2022-09-20,2022,9,Sep,Sep 2022,Q3,2022-09,20,Tue,2
2022-09-21,2022,9,Sep,Sep 2022,Q3,2022-09,21,Wed,3
2022-09-22,2022,9,Sep,Sep 2022,Q3,2022-09,22,Thu,4
2022-09-23,2022,9,Sep,Sep 2022,Q3,2022-09,23,Fri,5
2022-09-24,2022,9,Sep,Sep 2022,Q3,2022-09,24,Sat,6
2022-09-25,2022,9,Sep,Sep 2022,Q3,2022-09,25,Sun,7
2022-09-26,2022,9,Sep,Sep 2022,Q3,2022-09,26,Mon,1
2022-09-27,2022,9,Sep,Sep 2022,Q3,2022-09,27,Tue,2
2022-09-28,2022,9,Sep,Sep 2022,Q3,2022-09,28,Wed,3
2022-09-29,2022,9,Sep,Sep 2022,Q3,2022-09,29,Thu,4
2022-09-30,2022,9,Sep,Sep 2022,Q3,2022-09,30,Fri,5
2022-10-01,2022,10,Oct,Oct 2022,Q4,2022-10,1,Sat,6
2022-10-02,2022,10,Oct,Oct 2022,Q4,2022-10,2,Sun,7
2022-10-03,2022,10,Oct,Oct 2022,Q4,2022-10,3,Mon,1
2022-10-04,2022,10,Oct,Oct 2022,Q4,2022-10,4,Tue,2
2022-10-05,2022,10,Oct,Oct 2022,Q4,2022-10,5,Wed,3
2022-10-06,2022,10,Oct,Oct 2022,Q4,2022-10,6,Thu,4
2022-10-07,2022,10,Oct,Oct 2022,Q4,2022-10,7,Fri,5
2022-10-08,2022,10,Oct,Oct 2022,Q4,2022-10,8,Sat,6
2022-10-09,2022,10,Oct,Oct 2022,Q4,2022-10,9,Sun,7
2022-10-10,2022,10,Oct,Oct 2022,Q4,2022-10,10,Mon,1
2022-10-11,2022,10,Oct,Oct 2022,Q4,2022-10,11,Tue,2
2022-10-12,2022,10,Oct,Oct 2022,Q4,2022-10,12,Wed,3
2022-10-13,2022,10,Oct,Oct 2022,Q4,2022-10,13,Thu,4
2022-10-14,2022,10,Oct,Oct 2022,Q4,2022-10,14,Fri,5
2022-10-15,2022,10,Oct,Oct 2022,Q4,2022-10,15,Sat,6
2022-10-16,2022,10,Oct,Oct 2022,Q4,2022-10,16,Sun,7
2022-10-17,2022,10,Oct,Oct 2022,Q4,2022-10,17,Mon,1
2022-10-18,2022,10,Oct,Oct 2022,Q4,2022-10,18,Tue,2
2022-10-19,2022,10,Oct,Oct 2022,Q4,2022-10,19,Wed,3
2022-10-20,2022,10,Oct,Oct 2022,Q4,2022-10,20,Thu,4
2022-10-21,2022,10,Oct,Oct 2022,Q4,2022-10,21,Fri,5
2022-10-22,2022,10,Oct,Oct 2022,Q4,2022-10,22,Sat,6
2022-10-23,2022,10,Oct,Oct 2022,Q4,2022-10,23,Sun,7
2022-10-24,2022,10,Oct,Oct 2022,Q4,2022-10,24,Mon,1
2022-10-25,2022,10,Oct,Oct 2022,Q4,2022-10,25,Tue,2
2022-10-26,2022,10,Oct,Oct 2022,Q4,2022-10,26,Wed,3
2022-10-27,2022,10,Oct,Oct 2022,Q4,2022-10,27,Thu,4
2022-10-28,2022,10,Oct,Oct 2022,Q4,2022-10,28,Fri,5
2022-10-29,2022,10,Oct,Oct 2022,Q4,2022-10,29,Sat,6
2022-10-30,2022,10,Oct,Oct 2022,Q4,2022-10,30,Sun,7
2022-10-31,2022,10,Oct,Oct 2022,Q4,2022-10,31,Mon,1
2022-11-01,2022,11,Nov,Nov 2022,Q4,2022-11,1,Tue,2
2022-11-02,2022,11,Nov,Nov 2022,Q4,2022-11,2,Wed,3
2022-11-03,2022,11,Nov,Nov 2022,Q4,2022-11,3,Thu,4
2022-11-04,2022,11,Nov,Nov 2022,Q4,2022-11,4,Fri,5
2022-11-05,2022,11,Nov,Nov 2022,Q4,2022-11,5,Sat,6
2022-11-06,2022,11,Nov,Nov 2022,Q4,2022-11,6,Sun,7
2022-11-07,2022,11,Nov,Nov 2022,Q4,2022-11,7,Mon,1
2022-11-08,2022,11,Nov,Nov 2022,Q4,2022-11,8,Tue,2
2022-11-09,2022,11,Nov,Nov 2022,Q4,2022-11,9,Wed,3
2022-11-10,2022,11,Nov,Nov 2022,Q4,2022-11,10,Thu,4
2022-11-11,2022,11,Nov,Nov 2022,Q4,2022-11,11,Fri,5
2022-11-12,2022,11,Nov,Nov 2022,Q4,2022-11,12,Sat,6
2022-11-13,2022,11,Nov,Nov 2022,Q4,2022-11,13,Sun,7
2022-11-14,2022,11,Nov,Nov 2022,Q4,2022-11,14,Mon,1
2022-11-15,2022,11,Nov,Nov 2022,Q4,2022-11,15,Tue,2
2022-11-16,2022,11,Nov,Nov 2022,Q4,2022-11,16,Wed,3
2022-11-17,2022,11,Nov,Nov 2022,Q4,2022-11,17,Thu,4
2022-11-18,2022,11,Nov,Nov 2022,Q4,2022-11,18,Fri,5
2022-11-19,2022,11,Nov,Nov 2022,Q4,2022-11,19,Sat,6
2022-11-20,2022,11,Nov,Nov 2022,Q4,2022-11,20,Sun,7
2022-11-21,2022,11,Nov,Nov 2022,Q4,2022-11,21,Mon,1
2022-11-22,2022,11,Nov,Nov 2022,Q4,2022-11,22,Tue,2
2022-11-23,2022,11,Nov,Nov 2022,Q4,2022-11,23,Wed,3
2022-11-24,2022,11,Nov,Nov 2022,Q4,2022-11,24,Thu,4
2022-11-25,2022,11,Nov,Nov 2022,Q4,2022-11,25,Fri,5
2022-11-26,2022,11,Nov,Nov 2022,Q4,2022-11,26,Sat,6
2022-11-27,2022,11,Nov,Nov 2022,Q4,2022-11,27,Sun,7
2022-11-28,2022,11,Nov,Nov 2022,Q4,2022-11,28,Mon,1
2022-11-29,2022,11,Nov,Nov 2022,Q4,2022-11,29,Tue,2
2022-11-30,2022,11,Nov,Nov 2022,Q4,2022-11,30,Wed,3
2022-12-01,2022,12,Dec,Dec 2022,Q4,2022-12,1,Thu,4
2022-12-02,2022,12,Dec,Dec 2022,Q4,2022-12,2,Fri,5
2022-12-03,2022,12,Dec,Dec 2022,Q4,2022-12,3,Sat,6
2022-12-04,2022,12,Dec,Dec 2022,Q4,2022-12,4,Sun,7
2022-12-05,2022,12,Dec,Dec 2022,Q4,2022-12,5,Mon,1
2022-12-06,2022,12,Dec,Dec 2022,Q4,2022-12,6,Tue,2
2022-12-07,2022,12,Dec,Dec 2022,Q4,2022-12,7,Wed,3
2022-12-08,2022,12,Dec,Dec 2022,Q4,2022-12,8,Thu,4
2022-12-09,2022,12,Dec,Dec 2022,Q4,2022-12,9,Fri,5
2022-12-10,2022,12,Dec,Dec 2022,Q4,2022-12,10,Sat,6
2022-12-11,2022,12,Dec,Dec 2022,Q4,2022-12,11,Sun,7
2022-12-12,2022,12,Dec,Dec 2022,Q4,2022-12,12,Mon,1
2022-12-13,2022,12,Dec,Dec 2022,Q4,2022-12,13,Tue,2
2022-12-14,2022,12,Dec,Dec 2022,Q4,2022-12,14,Wed,3
2022-12-15,2022,12,Dec,Dec 2022,Q4,2022-12,15,Thu,4
2022-12-16,2022,12,Dec,Dec 2022,Q4,2022-12,16,Fri,5
2022-12-17,2022,12,Dec,Dec 2022,Q4,2022-12,17,Sat,6
2022-12-18,2022,12,Dec,Dec 2022,Q4,2022-12,18,Sun,7
2022-12-19,2022,12,Dec,Dec 2022,Q4,2022-12,19,Mon,1
2022-12-20,2022,12,Dec,Dec 2022,Q4,2022-12,20,Tue,2
2022-12-21,2022,12,Dec,Dec 2022,Q4,2022-12,21,Wed,3
2022-12-22,2022,12,Dec,Dec 2022,Q4,2022-12,22,Thu,4
2022-12-23,2022,12,Dec,Dec 2022,Q4,2022-12,23,Fri,5
2022-12-24,2022,12,Dec,Dec 2022,Q4,2022-12,24,Sat,6
2022-12-25,2022,12,Dec,Dec 2022,Q4,2022-12,25,Sun,7
2022-12-26,2022,12,Dec,Dec 2022,Q4,2022-12,26,Mon,1
2022-12-27,2022,12,Dec,Dec 2022,Q4,2022-12,27,Tue,2
2022-12-28,2022,12,Dec,Dec 2022,Q4,2022-12,28,Wed,3
2022-12-29,2022,12,Dec,Dec 2022,Q4,2022-12,29,Thu,4
2022-12-30,2022,12,Dec,Dec 2022,Q4,2022-12,30,Fri,5
2022-12-31,2022,12,Dec,Dec 2022,Q4,2022-12,31,Sat,6
2023-01-01,2023,1,Jan,Jan 2023,Q1,2023-01,1,Sun,7
2023-01-02,2023,1,Jan,Jan 2023,Q1,2023-01,2,Mon,1
2023-01-03,2023,1,Jan,Jan 2023,Q1,2023-01,3,Tue,2
2023-01-04,2023,1,Jan,Jan 2023,Q1,2023-01,4,Wed,3
2023-01-05,2023,1,Jan,Jan 2023,Q1,2023-01,5,Thu,4
2023-01-06,2023,1,Jan,Jan 2023,Q1,2023-01,6,Fri,5
2023-01-07,2023,1,Jan,Jan 2023,Q1,2023-01,7,Sat,6
2023-01-08,2023,1,Jan,Jan 2023,Q1,2023-01,8,Sun,7
2023-01-09,2023,1,Jan,Jan 2023,Q1,2023-01,9,Mon,1
2023-01-10,2023,1,Jan,Jan 2023,Q1,2023-01,10,Tue,2
2023-01-11,2023,1,Jan,Jan 2023,Q1,2023-01,11,Wed,3
2023-01-12,2023,1,Jan,Jan 2023,Q1,2023-01,12,Thu,4
2023-01-13,2023,1,Jan,Jan 2023,Q1,2023-01,13,Fri,5
2023-01-14,2023,1,Jan,Jan 2023,Q1,2023-01,14,Sat,6
2023-01-15,2023,1,Jan,Jan 2023,Q1,2023-01,15,Sun,7
2023-01-16,2023,1,Jan,Jan 2023,Q1,2023-01,16,Mon,1
2023-01-17,2023,1,Jan,Jan 2023,Q1,2023-01,17,Tue,2
2023-01-18,2023,1,Jan,Jan 2023,Q1,2023-01,18,Wed,3
2023-01-19,2023,1,Jan,Jan 2023,Q1,2023-01,19,Thu,4
2023-01-20,2023,1,Jan,Jan 2023,Q1,2023-01,20,Fri,5
2023-01-21,2023,1,Jan,Jan 2023,Q1,2023-01,21,Sat,6
2023-01-22,2023,1,Jan,Jan 2023,Q1,2023-01,22,Sun,7
2023-01-23,2023,1,Jan,Jan 2023,Q1,2023-01,23,Mon,1
2023-01-24,2023,1,Jan,Jan 2023,Q1,2023-01,24,Tue,2
2023-01-25,2023,1,Jan,Jan 2023,Q1,2023-01,25,Wed,3
2023-01-26,2023,1,Jan,Jan 2023,Q1,2023-01,26,Thu,4
2023-01-27,2023,1,Jan,Jan 2023,Q1,2023-01,27,Fri,5
2023-01-28,2023,1,Jan,Jan 2023,Q1,2023-01,28,Sat,6
2023-01-29,2023,1,Jan,Jan 2023,Q1,2023-01,29,Sun,7
2023-01-30,2023,1,Jan,Jan 2023,Q1,2023-01,30,Mon,1
2023-01-31,2023,1,Jan,Jan 2023,Q1,2023-01,31,Tue,2
2023-02-01,2023,2,Feb,Feb 2023,Q1,2023-02,1,Wed,3
2023-02-02,2023,2,Feb,Feb 2023,Q1,2023-02,2,Thu,4
2023-02-03,2023,2,Feb,Feb 2023,Q1,2023-02,3,Fri,5
2023-02-04,2023,2,Feb,Feb 2023,Q1,2023-02,4,Sat,6
2023-02-05,2023,2,Feb,Feb 2023,Q1,2023-02,5,Sun,7
2023-02-06,2023,2,Feb,Feb 2023,Q1,2023-02,6,Mon,1
2023-02-07,2023,2,Feb,Feb 2023,Q1,2023-02,7,Tue,2
2023-02-08,2023,2,Feb,Feb 2023,Q1,2023-02,8,Wed,3
2023-02-09,2023,2,Feb,Feb 2023,Q1,2023-02,9,Thu,4
2023-02-10,2023,2,Feb,Feb 2023,Q1,2023-02,10,Fri,5
2023-02-11,2023,2,Feb,Feb 2023,Q1,2023-02,11,Sat,6
2023-02-12,2023,2,Feb,Feb 2023,Q1,2023-02,12,Sun,7
2023-02-13,2023,2,Feb,Feb 2023,Q1,2023-02,13,Mon,1
2023-02-14,2023,2,Feb,Feb 2023,Q1,2023-02,14,Tue,2
2023-02-15,2023,2,Feb,Feb 2023,Q1,2023-02,15,Wed,3
2023-02-16,2023,2,Feb,Feb 2023,Q1,2023-02,16,Thu,4
2023-02-17,2023,2,Feb,Feb 2023,Q1,2023-02,17,Fri,5
2023-02-18,2023,2,Feb,Feb 2023,Q1,2023-02,18,Sat,6
2023-02-19,2023,2,Feb,Feb 2023,Q1,2023-02,19,Sun,7
2023-02-20,2023,2,Feb,Feb 2023,Q1,2023-02,20,Mon,1
2023-02-21,2023,2,Feb,Feb 2023,Q1,2023-02,21,Tue,2
2023-02-22,2023,2,Feb,Feb 2023,Q1,2023-02,22,Wed,3
2023-02-23,2023,2,Feb,Feb 2023,Q1,2023-02,23,Thu,4
2023-02-24,2023,2,Feb,Feb 2023,Q1,2023-02,24,Fri,5
2023-02-25,2023,2,Feb,Feb 2023,Q1,2023-02,25,Sat,6
2023-02-26,2023,2,Feb,Feb 2023,Q1,2023-02,26,Sun,7
2023-02-27,2023,2,Feb,Feb 2023,Q1,2023-02,27,Mon,1
2023-02-28,2023,2,Feb,Feb 2023,Q1,2023-02,28,Tue,2
2023-03-01,2023,3,Mar,Mar 2023,Q1,2023-03,1,Wed,3
2023-03-02,2023,3,Mar,Mar 2023,Q1,2023-03,2,Thu,4
2023-03-03,2023,3,Mar,Mar 2023,Q1,2023-03,3,Fri,5
2023-03-04,2023,3,Mar,Mar 2023,Q1,2023-03,4,Sat,6
2023-03-05,2023,3,Mar,Mar 2023,Q1,2023-03,5,Sun,7
2023-03-06,2023,3,Mar,Mar 2023,Q1,2023-03,6,Mon,1
2023-03-07,2023,3,Mar,Mar 2023,Q1,2023-03,7,Tue,2
2023-03-08,2023,3,Mar,Mar 2023,Q1,2023-03,8,Wed,3
2023-03-09,2023,3,Mar,Mar 2023,Q1,2023-03,9,Thu,4
2023-03-10,2023,3,Mar,Mar 2023,Q1,2023-03,10,Fri,5
2023-03-11,2023,3,Mar,Mar 2023,Q1,2023-03,11,Sat,6
2023-03-12,2023,3,Mar,Mar 2023,Q1,2023-03,12,Sun,7
2023-03-13,2023,3,Mar,Mar 2023,Q1,2023-03,13,Mon,1
2023-03-14,2023,3,Mar,Mar 2023,Q1,2023-03,14,Tue,2
2023-03-15,2023,3,Mar,Mar 2023,Q1,2023-03,15,Wed,3
2023-03-16,2023,3,Mar,Mar 2023,Q1,2023-03,16,Thu,4
2023-03-17,2023,3,Mar,Mar 2023,Q1,2023-03,17,Fri,5
2023-03-18,2023,3,Mar,Mar 2023,Q1,2023-03,18,Sat,6
2023-03-19,2023,3,Mar,Mar 2023,Q1,2023-03,19,Sun,7
2023-03-20,2023,3,Mar,Mar 2023,Q1,2023-03,20,Mon,1
2023-03-21,2023,3,Mar,Mar 2023,Q1,2023-03,21,Tue,2
2023-03-22,2023,3,Mar,Mar 2023,Q1,2023-03,22,Wed,3
2023-03-23,2023,3,Mar,Mar 2023,Q1,2023-03,23,Thu,4
2023-03-24,2023,3,Mar,Mar 2023,Q1,2023-03,24,Fri,5
2023-03-25,2023,3,Mar,Mar 2023,Q1,2023-03,25,Sat,6
2023-03-26,2023,3,Mar,Mar 2023,Q1,2023-03,26,Sun,7
2023-03-27,2023,3,Mar,Mar 2023,Q1,2023-03,27,Mon,1
2023-03-28,2023,3,Mar,Mar 2023,Q1,2023-03,28,Tue,2
2023-03-29,2023,3,Mar,Mar 2023,Q1,2023-03,29,Wed,3
2023-03-30,2023,3,Mar,Mar 2023,Q1,2023-03,30,Thu,4
2023-03-31,2023,3,Mar,Mar 2023,Q1,2023-03,31,Fri,5
2023-04-01,2023,4,Apr,Apr 2023,Q2,2023-04,1,Sat,6
2023-04-02,2023,4,Apr,Apr 2023,Q2,2023-04,2,Sun,7
2023-04-03,2023,4,Apr,Apr 2023,Q2,2023-04,3,Mon,1
2023-04-04,2023,4,Apr,Apr 2023,Q2,2023-04,4,Tue,2
2023-04-05,2023,4,Apr,Apr 2023,Q2,2023-04,5,Wed,3
2023-04-06,2023,4,Apr,Apr 2023,Q2,2023-04,6,Thu,4
2023-04-07,2023,4,Apr,Apr 2023,Q2,2023-04,7,Fri,5
2023-04-08,2023,4,Apr,Apr 2023,Q2,2023-04,8,Sat,6
2023-04-09,2023,4,Apr,Apr 2023,Q2,2023-04,9,Sun,7
2023-04-10,2023,4,Apr,Apr 2023,Q2,2023-04,10,Mon,1
2023-04-11,2023,4,Apr,Apr 2023,Q2,2023-04,11,Tue,2
2023-04-12,2023,4,Apr,Apr 2023,Q2,2023-04,12,Wed,3
2023-04-13,2023,4,Apr,Apr 2023,Q2,2023-04,13,Thu,4
2023-04-14,2023,4,Apr,Apr 2023,Q2,2023-04,14,Fri,5
2023-04-15,2023,4,Apr,Apr 2023,Q2,2023-04,15,Sat,6
2023-04-16,2023,4,Apr,Apr 2023,Q2,2023-04,16,Sun,7
2023-04-17,2023,4,Apr,Apr 2023,Q2,2023-04,17,Mon,1
2023-04-18,2023,4,Apr,Apr 2023,Q2,2023-04,18,Tue,2
2023-04-19,2023,4,Apr,Apr 2023,Q2,2023-04,19,Wed,3
2023-04-20,2023,4,Apr,Apr 2023,Q2,2023-04,20,Thu,4
2023-04-21,2023,4,Apr,Apr 2023,Q2,2023-04,21,Fri,5
2023-04-22,2023,4,Apr,Apr 2023,Q2,2023-04,22,Sat,6
2023-04-23,2023,4,Apr,Apr 2023,Q2,2023-04,23,Sun,7
2023-04-24,2023,4,Apr,Apr 2023,Q2,2023-04,24,Mon,1
2023-04-25,2023,4,Apr,Apr 2023,Q2,2023-04,25,Tue,2
2023-04-26,2023,4,Apr,Apr 2023,Q2,2023-04,26,Wed,3
2023-04-27,2023,4,Apr,Apr 2023,Q2,2023-04,27,Thu,4
2023-04-28,2023,4,Apr,Apr 2023,Q2,2023-04,28,Fri,5
2023-04-29,2023,4,Apr,Apr 2023,Q2,2023-04,29,Sat,6
2023-04-30,2023,4,Apr,Apr 2023,Q2,2023-04,30,Sun,7
2023-05-01,2023,5,May,May 2023,Q2,2023-05,1,Mon,1
2023-05-02,2023,5,May,May 2023,Q2,2023-05,2,Tue,2
2023-05-03,2023,5,May,May 2023,Q2,2023-05,3,Wed,3
2023-05-04,2023,5,May,May 2023,Q2,2023-05,4,Thu,4
2023-05-05,2023,5,May,May 2023,Q2,2023-05,5,Fri,5
2023-05-06,2023,5,May,May 2023,Q2,2023-05,6,Sat,6
2023-05-07,2023,5,May,May 2023,Q2,2023-05,7,Sun,7
2023-05-08,2023,5,May,May 2023,Q2,2023-05,8,Mon,1
2023-05-09,2023,5,May,May 2023,Q2,2023-05,9,Tue,2
2023-05-10,2023,5,May,May 2023,Q2,2023-05,10,Wed,3
2023-05-11,2023,5,May,May 2023,Q2,2023-05,11,Thu,4
2023-05-12,2023,5,May,May 2023,Q2,2023-05,12,Fri,5
2023-05-13,2023,5,May,May 2023,Q2,2023-05,13,Sat,6
2023-05-14,2023,5,May,May 2023,Q2,2023-05,14,Sun,7
2023-05-15,2023,5,May,May 2023,Q2,2023-05,15,Mon,1
2023-05-16,2023,5,May,May 2023,Q2,2023-05,16,Tue,2
2023-05-17,2023,5,May,May 2023,Q2,2023-05,17,Wed,3
2023-05-18,2023,5,May,May 2023,Q2,2023-05,18,Thu,4
2023-05-19,2023,5,May,May 2023,Q2,2023-05,19,Fri,5
2023-05-20,2023,5,May,May 2023,Q2,2023-05,20,Sat,6
2023-05-21,2023,5,May,May 2023,Q2,2023-05,21,Sun,7
2023-05-22,2023,5,May,May 2023,Q2,2023-05,22,Mon,1
2023-05-23,2023,5,May,May 2023,Q2,2023-05,23,Tue,2
2023-05-24,2023,5,May,May 2023,Q2,2023-05,24,Wed,3
2023-05-25,2023,5,May,May 2023,Q2,2023-05,25,Thu,4
2023-05-26,2023,5,May,May 2023,Q2,2023-05,26,Fri,5
2023-05-27,2023,5,May,May 2023,Q2,2023-05,27,Sat,6
2023-05-28,2023,5,May,May 2023,Q2,2023-05,28,Sun,7
2023-05-29,2023,5,May,May 2023,Q2,2023-05,29,Mon,1
2023-05-30,2023,5,May,May 2023,Q2,2023-05,30,Tue,2
2023-05-31,2023,5,May,May 2023,Q2,2023-05,31,Wed,3
2023-06-01,2023,6,Jun,Jun 2023,Q2,2023-06,1,Thu,4
2023-06-02,2023,6,Jun,Jun 2023,Q2,2023-06,2,Fri,5
2023-06-03,2023,6,Jun,Jun 2023,Q2,2023-06,3,Sat,6
2023-06-04,2023,6,Jun,Jun 2023,Q2,2023-06,4,Sun,7
2023-06-05,2023,6,Jun,Jun 2023,Q2,2023-06,5,Mon,1
2023-06-06,2023,6,Jun,Jun 2023,Q2,2023-06,6,Tue,2
2023-06-07,2023,6,Jun,Jun 2023,Q2,2023-06,7,Wed,3
2023-06-08,2023,6,Jun,Jun 2023,Q2,2023-06,8,Thu,4
2023-06-09,2023,6,Jun,Jun 2023,Q2,2023-06,9,Fri,5
2023-06-10,2023,6,Jun,Jun 2023,Q2,2023-06,10,Sat,6
2023-06-11,2023,6,Jun,Jun 2023,Q2,2023-06,11,Sun,7
2023-06-12,2023,6,Jun,Jun 2023,Q2,2023-06,12,Mon,1
2023-06-13,2023,6,Jun,Jun 2023,Q2,2023-06,13,Tue,2
2023-06-14,2023,6,Jun,Jun 2023,Q2,2023-06,14,Wed,3
2023-06-15,2023,6,Jun,Jun 2023,Q2,2023-06,15,Thu,4
2023-06-16,2023,6,Jun,Jun 2023,Q2,2023-06,16,Fri,5
2023-06-17,2023,6,Jun,Jun 2023,Q2,2023-06,17,Sat,6
2023-06-18,2023,6,Jun,Jun 2023,Q2,2023-06,18,Sun,7
2023-06-19,2023,6,Jun,Jun 2023,Q2,2023-06,19,Mon,1
2023-06-20,2023,6,Jun,Jun 2023,Q2,2023-06,20,Tue,2
2023-06-21,2023,6,Jun,Jun 2023,Q2,2023-06,21,Wed,3
2023-06-22,2023,6,Jun,Jun 2023,Q2,2023-06,22,Thu,4
2023-06-23,2023,6,Jun,Jun 2023,Q2,2023-06,23,Fri,5
2023-06-24,2023,6,Jun,Jun 2023,Q2,2023-06,24,Sat,6
2023-06-25,2023,6,Jun,Jun 2023,Q2,2023-06,25,Sun,7
2023-06-26,2023,6,Jun,Jun 2023,Q2,2023-06,26,Mon,1
2023-06-27,2023,6,Jun,Jun 2023,Q2,2023-06,27,Tue,2
2023-06-28,2023,6,Jun,Jun 2023,Q2,2023-06,28,Wed,3
2023-06-29,2023,6,Jun,Jun 2023,Q2,2023-06,29,Thu,4
2023-06-30,2023,6,Jun,Jun 2023,Q2,2023-06,30,Fri,5
2023-07-01,2023,7,Jul,Jul 2023,Q3,2023-07,1,Sat,6
2023-07-02,2023,7,Jul,Jul 2023,Q3,2023-07,2,Sun,7
2023-07-03,2023,7,Jul,Jul 2023,Q3,2023-07,3,Mon,1
2023-07-04,2023,7,Jul,Jul 2023,Q3,2023-07,4,Tue,2
2023-07-05,2023,7,Jul,Jul 2023,Q3,2023-07,5,Wed,3
2023-07-06,2023,7,Jul,Jul 2023,Q3,2023-07,6,Thu,4
2023-07-07,2023,7,Jul,Jul 2023,Q3,2023-07,7,Fri,5
2023-07-08,2023,7,Jul,Jul 2023,Q3,2023-07,8,Sat,6
2023-07-09,2023,7,Jul,Jul 2023,Q3,2023-07,9,Sun,7
2023-07-10,2023,7,Jul,Jul 2023,Q3,2023-07,10,Mon,1
2023-07-11,2023,7,Jul,Jul 2023,Q3,2023-07,11,Tue,2
2023-07-12,2023,7,Jul,Jul 2023,Q3,2023-07,12,Wed,3
2023-07-13,2023,7,Jul,Jul 2023,Q3,2023-07,13,Thu,4
2023-07-14,2023,7,Jul,Jul 2023,Q3,2023-07,14,Fri,5
2023-07-15,2023,7,Jul,Jul 2023,Q3,2023-07,15,Sat,6
2023-07-16,2023,7,Jul,Jul 2023,Q3,2023-07,16,Sun,7
2023-07-17,2023,7,Jul,Jul 2023,Q3,2023-07,17,Mon,1
2023-07-18,2023,7,Jul,Jul 2023,Q3,2023-07,18,Tue,2
2023-07-19,2023,7,Jul,Jul 2023,Q3,2023-07,19,Wed,3
2023-07-20,2023,7,Jul,Jul 2023,Q3,2023-07,20,Thu,4
2023-07-21,2023,7,Jul,Jul 2023,Q3,2023-07,21,Fri,5
2023-07-22,2023,7,Jul,Jul 2023,Q3,2023-07,22,Sat,6
2023-07-23,2023,7,Jul,Jul 2023,Q3,2023-07,23,Sun,7
2023-07-24,2023,7,Jul,Jul 2023,Q3,2023-07,24,Mon,1
2023-07-25,2023,7,Jul,Jul 2023,Q3,2023-07,25,Tue,2
2023-07-26,2023,7,Jul,Jul 2023,Q3,2023-07,26,Wed,3
2023-07-27,2023,7,Jul,Jul 2023,Q3,2023-07,27,Thu,4
2023-07-28,2023,7,Jul,Jul 2023,Q3,2023-07,28,Fri,5
2023-07-29,2023,7,Jul,Jul 2023,Q3,2023-07,29,Sat,6
2023-07-30,2023,7,Jul,Jul 2023,Q3,2023-07,30,Sun,7
2023-07-31,2023,7,Jul,Jul 2023,Q3,2023-07,31,Mon,1
2023-08-01,2023,8,Aug,Aug 2023,Q3,2023-08,1,Tue,2
2023-08-02,2023,8,Aug,Aug 2023,Q3,2023-08,2,Wed,3
2023-08-03,2023,8,Aug,Aug 2023,Q3,2023-08,3,Thu,4
2023-08-04,2023,8,Aug,Aug 2023,Q3,2023-08,4,Fri,5
2023-08-05,2023,8,Aug,Aug 2023,Q3,2023-08,5,Sat,6
2023-08-06,2023,8,Aug,Aug 2023,Q3,2023-08,6,Sun,7
2023-08-07,2023,8,Aug,Aug 2023,Q3,2023-08,7,Mon,1
2023-08-08,2023,8,Aug,Aug 2023,Q3,2023-08,8,Tue,2
2023-08-09,2023,8,Aug,Aug 2023,Q3,2023-08,9,Wed,3
2023-08-10,2023,8,Aug,Aug 2023,Q3,2023-08,10,Thu,4
2023-08-11,2023,8,Aug,Aug 2023,Q3,2023-08,11,Fri,5
2023-08-12,2023,8,Aug,Aug 2023,Q3,2023-08,12,Sat,6
2023-08-13,2023,8,Aug,Aug 2023,Q3,2023-08,13,Sun,7
2023-08-14,2023,8,Aug,Aug 2023,Q3,2023-08,14,Mon,1
2023-08-15,2023,8,Aug,Aug 2023,Q3,2023-08,15,Tue,2
2023-08-16,2023,8,Aug,Aug 2023,Q3,2023-08,16,Wed,3
2023-08-17,2023,8,Aug,Aug 2023,Q3,2023-08,17,Thu,4
2023-08-18,2023,8,Aug,Aug 2023,Q3,2023-08,18,Fri,5
2023-08-19,2023,8,Aug,Aug 2023,Q3,2023-08,19,Sat,6
2023-08-20,2023,8,Aug,Aug 2023,Q3,2023-08,20,Sun,7
2023-08-21,2023,8,Aug,Aug 2023,Q3,2023-08,21,Mon,1
2023-08-22,2023,8,Aug,Aug 2023,Q3,2023-08,22,Tue,2
2023-08-23,2023,8,Aug,Aug 2023,Q3,2023-08,23,Wed,3
2023-08-24,2023,8,Aug,Aug 2023,Q3,2023-08,24,Thu,4
2023-08-25,2023,8,Aug,Aug 2023,Q3,2023-08,25,Fri,5
2023-08-26,2023,8,Aug,Aug 2023,Q3,2023-08,26,Sat,6
2023-08-27,2023,8,Aug,Aug 2023,Q3,2023-08,27,Sun,7
2023-08-28,2023,8,Aug,Aug 2023,Q3,2023-08,28,Mon,1
2023-08-29,2023,8,Aug,Aug 2023,Q3,2023-08,29,Tue,2
2023-08-30,2023,8,Aug,Aug 2023,Q3,2023-08,30,Wed,3
2023-08-31,2023,8,Aug,Aug 2023,Q3,2023-08,31,Thu,4
2023-09-01,2023,9,Sep,Sep 2023,Q3,2023-09,1,Fri,5
2023-09-02,2023,9,Sep,Sep 2023,Q3,2023-09,2,Sat,6
2023-09-03,2023,9,Sep,Sep 2023,Q3,2023-09,3,Sun,7
2023-09-04,2023,9,Sep,Sep 2023,Q3,2023-09,4,Mon,1
2023-09-05,2023,9,Sep,Sep 2023,Q3,2023-09,5,Tue,2
2023-09-06,2023,9,Sep,Sep 2023,Q3,2023-09,6,Wed,3
2023-09-07,2023,9,Sep,Sep 2023,Q3,2023-09,7,Thu,4
2023-09-08,2023,9,Sep,Sep 2023,Q3,2023-09,8,Fri,5
2023-09-09,2023,9,Sep,Sep 2023,Q3,2023-09,9,Sat,6
2023-09-10,2023,9,Sep,Sep 2023,Q3,2023-09,10,Sun,7
2023-09-11,2023,9,Sep,Sep 2023,Q3,2023-09,11,Mon,1
2023-09-12,2023,9,Sep,Sep 2023,Q3,2023-09,12,Tue,2
2023-09-13,2023,9,Sep,Sep 2023,Q3,2023-09,13,Wed,3
2023-09-14,2023,9,Sep,Sep 2023,Q3,2023-09,14,Thu,4
2023-09-15,2023,9,Sep,Sep 2023,Q3,2023-09,15,Fri,5
2023-09-16,2023,9,Sep,Sep 2023,Q3,2023-09,16,Sat,6
2023-09-17,2023,9,Sep,Sep 2023,Q3,2023-09,17,Sun,7
2023-09-18,2023,9,Sep,Sep 2023,Q3,2023-09,18,Mon,1
2023-09-19,2023,9,Sep,Sep 2023,Q3,2023-09,19,Tue,2
2023-09-20,2023,9,Sep,Sep 2023,Q3,2023-09,20,Wed,3
2023-09-21,2023,9,Sep,Sep 2023,Q3,2023-09,21,Thu,4
2023-09-22,2023,9,Sep,Sep 2023,Q3,2023-09,22,Fri,5
2023-09-23,2023,9,Sep,Sep 2023,Q3,2023-09,23,Sat,6
2023-09-24,2023,9,Sep,Sep 2023,Q3,2023-09,24,Sun,7
2023-09-25,2023,9,Sep,Sep 2023,Q3,2023-09,25,Mon,1
2023-09-26,2023,9,Sep,Sep 2023,Q3,2023-09,26,Tue,2
2023-09-27,2023,9,Sep,Sep 2023,Q3,2023-09,27,Wed,3
2023-09-28,2023,9,Sep,Sep 2023,Q3,2023-09,28,Thu,4
2023-09-29,2023,9,Sep,Sep 2023,Q3,2023-09,29,Fri,5
2023-09-30,2023,9,Sep,Sep 2023,Q3,2023-09,30,Sat,6
2023-10-01,2023,10,Oct,Oct 2023,Q4,2023-10,1,Sun,7
2023-10-02,2023,10,Oct,Oct 2023,Q4,2023-10,2,Mon,1
2023-10-03,2023,10,Oct,Oct 2023,Q4,2023-10,3,Tue,2
2023-10-04,2023,10,Oct,Oct 2023,Q4,2023-10,4,Wed,3
2023-10-05,2023,10,Oct,Oct 2023,Q4,2023-10,5,Thu,4
2023-10-06,2023,10,Oct,Oct 2023,Q4,2023-10,6,Fri,5
2023-10-07,2023,10,Oct,Oct 2023,Q4,2023-10,7,Sat,6
2023-10-08,2023,10,Oct,Oct 2023,Q4,2023-10,8,Sun,7
2023-10-09,2023,10,Oct,Oct 2023,Q4,2023-10,9,Mon,1
2023-10-10,2023,10,Oct,Oct 2023,Q4,2023-10,10,Tue,2
2023-10-11,2023,10,Oct,Oct 2023,Q4,2023-10,11,Wed,3
2023-10-12,2023,10,Oct,Oct 2023,Q4,2023-10,12,Thu,4
2023-10-13,2023,10,Oct,Oct 2023,Q4,2023-10,13,Fri,5
2023-10-14,2023,10,Oct,Oct 2023,Q4,2023-10,14,Sat,6
2023-10-15,2023,10,Oct,Oct 2023,Q4,2023-10,15,Sun,7
2023-10-16,2023,10,Oct,Oct 2023,Q4,2023-10,16,Mon,1
2023-10-17,2023,10,Oct,Oct 2023,Q4,2023-10,17,Tue,2
2023-10-18,2023,10,Oct,Oct 2023,Q4,2023-10,18,Wed,3
2023-10-19,2023,10,Oct,Oct 2023,Q4,2023-10,19,Thu,4
2023-10-20,2023,10,Oct,Oct 2023,Q4,2023-10,20,Fri,5
2023-10-21,2023,10,Oct,Oct 2023,Q4,2023-10,21,Sat,6
2023-10-22,2023,10,Oct,Oct 2023,Q4,2023-10,22,Sun,7
2023-10-23,2023,10,Oct,Oct 2023,Q4,2023-10,23,Mon,1
2023-10-24,2023,10,Oct,Oct 2023,Q4,2023-10,24,Tue,2
2023-10-25,2023,10,Oct,Oct 2023,Q4,2023-10,25,Wed,3
2023-10-26,2023,10,Oct,Oct 2023,Q4,2023-10,26,Thu,4
2023-10-27,2023,10,Oct,Oct 2023,Q4,2023-10,27,Fri,5
2023-10-28,2023,10,Oct,Oct 2023,Q4,2023-10,28,Sat,6
2023-10-29,2023,10,Oct,Oct 2023,Q4,2023-10,29,Sun,7
2023-10-30,2023,10,Oct,Oct 2023,Q4,2023-10,30,Mon,1
2023-10-31,2023,10,Oct,Oct 2023,Q4,2023-10,31,Tue,2
2023-11-01,2023,11,Nov,Nov 2023,Q4,2023-11,1,Wed,3
2023-11-02,2023,11,Nov,Nov 2023,Q4,2023-11,2,Thu,4
2023-11-03,2023,11,Nov,Nov 2023,Q4,2023-11,3,Fri,5
2023-11-04,2023,11,Nov,Nov 2023,Q4,2023-11,4,Sat,6
2023-11-05,2023,11,Nov,Nov 2023,Q4,2023-11,5,Sun,7
2023-11-06,2023,11,Nov,Nov 2023,Q4,2023-11,6,Mon,1
2023-11-07,2023,11,Nov,Nov 2023,Q4,2023-11,7,Tue,2
2023-11-08,2023,11,Nov,Nov 2023,Q4,2023-11,8,Wed,3
2023-11-09,2023,11,Nov,Nov 2023,Q4,2023-11,9,Thu,4
2023-11-10,2023,11,Nov,Nov 2023,Q4,2023-11,10,Fri,5
2023-11-11,2023,11,Nov,Nov 2023,Q4,2023-11,11,Sat,6
2023-11-12,2023,11,Nov,Nov 2023,Q4,2023-11,12,Sun,7
2023-11-13,2023,11,Nov,Nov 2023,Q4,2023-11,13,Mon,1
2023-11-14,2023,11,Nov,Nov 2023,Q4,2023-11,14,Tue,2
2023-11-15,2023,11,Nov,Nov 2023,Q4,2023-11,15,Wed,3
2023-11-16,2023,11,Nov,Nov 2023,Q4,2023-11,16,Thu,4
2023-11-17,2023,11,Nov,Nov 2023,Q4,2023-11,17,Fri,5
2023-11-18,2023,11,Nov,Nov 2023,Q4,2023-11,18,Sat,6
2023-11-19,2023,11,Nov,Nov 2023,Q4,2023-11,19,Sun,7
2023-11-20,2023,11,Nov,Nov 2023,Q4,2023-11,20,Mon,1
2023-11-21,2023,11,Nov,Nov 2023,Q4,2023-11,21,Tue,2
2023-11-22,2023,11,Nov,Nov 2023,Q4,2023-11,22,Wed,3
2023-11-23,2023,11,Nov,Nov 2023,Q4,2023-11,23,Thu,4
2023-11-24,2023,11,Nov,Nov 2023,Q4,2023-11,24,Fri,5
2023-11-25,2023,11,Nov,Nov 2023,Q4,2023-11,25,Sat,6
2023-11-26,2023,11,Nov,Nov 2023,Q4,2023-11,26,Sun,7
2023-11-27,2023,11,Nov,Nov 2023,Q4,2023-11,27,Mon,1
2023-11-28,2023,11,Nov,Nov 2023,Q4,2023-11,28,Tue,2
2023-11-29,2023,11,Nov,Nov 2023,Q4,2023-11,29,Wed,3
2023-11-30,2023,11,Nov,Nov 2023,Q4,2023-11,30,Thu,4
2023-12-01,2023,12,Dec,Dec 2023,Q4,2023-12,1,Fri,5
2023-12-02,2023,12,Dec,Dec 2023,Q4,2023-12,2,Sat,6
2023-12-03,2023,12,Dec,Dec 2023,Q4,2023-12,3,Sun,7
2023-12-04,2023,12,Dec,Dec 2023,Q4,2023-12,4,Mon,1
2023-12-05,2023,12,Dec,Dec 2023,Q4,2023-12,5,Tue,2
2023-12-06,2023,12,Dec,Dec 2023,Q4,2023-12,6,Wed,3
2023-12-07,2023,12,Dec,Dec 2023,Q4,2023-12,7,Thu,4
2023-12-08,2023,12,Dec,Dec 2023,Q4,2023-12,8,Fri,5
2023-12-09,2023,12,Dec,Dec 2023,Q4,2023-12,9,Sat,6
2023-12-10,2023,12,Dec,Dec 2023,Q4,2023-12,10,Sun,7
2023-12-11,2023,12,Dec,Dec 2023,Q4,2023-12,11,Mon,1
2023-12-12,2023,12,Dec,Dec 2023,Q4,2023-12,12,Tue,2
2023-12-13,2023,12,Dec,Dec 2023,Q4,2023-12,13,Wed,3
2023-12-14,2023,12,Dec,Dec 2023,Q4,2023-12,14,Thu,4
2023-12-15,2023,12,Dec,Dec 2023,Q4,2023-12,15,Fri,5
2023-12-16,2023,12,Dec,Dec 2023,Q4,2023-12,16,Sat,6
2023-12-17,2023,12,Dec,Dec 2023,Q4,2023-12,17,Sun,7
2023-12-18,2023,12,Dec,Dec 2023,Q4,2023-12,18,Mon,1
2023-12-19,2023,12,Dec,Dec 2023,Q4,2023-12,19,Tue,2
2023-12-20,2023,12,Dec,Dec 2023,Q4,2023-12,20,Wed,3
2023-12-21,2023,12,Dec,Dec 2023,Q4,2023-12,21,Thu,4
2023-12-22,2023,12,Dec,Dec 2023,Q4,2023-12,22,Fri,5
2023-12-23,2023,12,Dec,Dec 2023,Q4,2023-12,23,Sat,6
2023-12-24,2023,12,Dec,Dec 2023,Q4,2023-12,24,Sun,7
2023-12-25,2023,12,Dec,Dec 2023,Q4,2023-12,25,Mon,1
2023-12-26,2023,12,Dec,Dec 2023,Q4,2023-12,26,Tue,2
2023-12-27,2023,12,Dec,Dec 2023,Q4,2023-12,27,Wed,3
2023-12-28,2023,12,Dec,Dec 2023,Q4,2023-12,28,Thu,4
2023-12-29,2023,12,Dec,Dec 2023,Q4,2023-12,29,Fri,5
2023-12-30,2023,12,Dec,Dec 2023,Q4,2023-12,30,Sat,6
2023-12-31,2023,12,Dec,Dec 2023,Q4,2023-12,31,Sun,7
2024-01-01,2024,1,Jan,Jan 2024,Q1,2024-01,1,Mon,1
2024-01-02,2024,1,Jan,Jan 2024,Q1,2024-01,2,Tue,2
2024-01-03,2024,1,Jan,Jan 2024,Q1,2024-01,3,Wed,3
2024-01-04,2024,1,Jan,Jan 2024,Q1,2024-01,4,Thu,4
2024-01-05,2024,1,Jan,Jan 2024,Q1,2024-01,5,Fri,5
2024-01-06,2024,1,Jan,Jan 2024,Q1,2024-01,6,Sat,6
2024-01-07,2024,1,Jan,Jan 2024,Q1,2024-01,7,Sun,7
2024-01-08,2024,1,Jan,Jan 2024,Q1,2024-01,8,Mon,1
2024-01-09,2024,1,Jan,Jan 2024,Q1,2024-01,9,Tue,2
2024-01-10,2024,1,Jan,Jan 2024,Q1,2024-01,10,Wed,3
2024-01-11,2024,1,Jan,Jan 2024,Q1,2024-01,11,Thu,4
2024-01-12,2024,1,Jan,Jan 2024,Q1,2024-01,12,Fri,5
2024-01-13,2024,1,Jan,Jan 2024,Q1,2024-01,13,Sat,6
2024-01-14,2024,1,Jan,Jan 2024,Q1,2024-01,14,Sun,7
2024-01-15,2024,1,Jan,Jan 2024,Q1,2024-01,15,Mon,1
2024-01-16,2024,1,Jan,Jan 2024,Q1,2024-01,16,Tue,2
2024-01-17,2024,1,Jan,Jan 2024,Q1,2024-01,17,Wed,3
2024-01-18,2024,1,Jan,Jan 2024,Q1,2024-01,18,Thu,4
2024-01-19,2024,1,Jan,Jan 2024,Q1,2024-01,19,Fri,5
2024-01-20,2024,1,Jan,Jan 2024,Q1,2024-01,20,Sat,6
2024-01-21,2024,1,Jan,Jan 2024,Q1,2024-01,21,Sun,7
2024-01-22,2024,1,Jan,Jan 2024,Q1,2024-01,22,Mon,1
2024-01-23,2024,1,Jan,Jan 2024,Q1,2024-01,23,Tue,2
2024-01-24,2024,1,Jan,Jan 2024,Q1,2024-01,24,Wed,3
2024-01-25,2024,1,Jan,Jan 2024,Q1,2024-01,25,Thu,4
2024-01-26,2024,1,Jan,Jan 2024,Q1,2024-01,26,Fri,5
2024-01-27,2024,1,Jan,Jan 2024,Q1,2024-01,27,Sat,6
2024-01-28,2024,1,Jan,Jan 2024,Q1,2024-01,28,Sun,7
2024-01-29,2024,1,Jan,Jan 2024,Q1,2024-01,29,Mon,1
2024-01-30,2024,1,Jan,Jan 2024,Q1,2024-01,30,Tue,2
2024-01-31,2024,1,Jan,Jan 2024,Q1,2024-01,31,Wed,3
2024-02-01,2024,2,Feb,Feb 2024,Q1,2024-02,1,Thu,4
2024-02-02,2024,2,Feb,Feb 2024,Q1,2024-02,2,Fri,5
2024-02-03,2024,2,Feb,Feb 2024,Q1,2024-02,3,Sat,6
2024-02-04,2024,2,Feb,Feb 2024,Q1,2024-02,4,Sun,7
2024-02-05,2024,2,Feb,Feb 2024,Q1,2024-02,5,Mon,1
2024-02-06,2024,2,Feb,Feb 2024,Q1,2024-02,6,Tue,2
2024-02-07,2024,2,Feb,Feb 2024,Q1,2024-02,7,Wed,3
2024-02-08,2024,2,Feb,Feb 2024,Q1,2024-02,8,Thu,4
2024-02-09,2024,2,Feb,Feb 2024,Q1,2024-02,9,Fri,5
2024-02-10,2024,2,Feb,Feb 2024,Q1,2024-02,10,Sat,6
2024-02-11,2024,2,Feb,Feb 2024,Q1,2024-02,11,Sun,7
2024-02-12,2024,2,Feb,Feb 2024,Q1,2024-02,12,Mon,1
2024-02-13,2024,2,Feb,Feb 2024,Q1,2024-02,13,Tue,2
2024-02-14,2024,2,Feb,Feb 2024,Q1,2024-02,14,Wed,3
2024-02-15,2024,2,Feb,Feb 2024,Q1,2024-02,15,Thu,4
2024-02-16,2024,2,Feb,Feb 2024,Q1,2024-02,16,Fri,5
2024-02-17,2024,2,Feb,Feb 2024,Q1,2024-02,17,Sat,6
2024-02-18,2024,2,Feb,Feb 2024,Q1,2024-02,18,Sun,7
2024-02-19,2024,2,Feb,Feb 2024,Q1,2024-02,19,Mon,1
2024-02-20,2024,2,Feb,Feb 2024,Q1,2024-02,20,Tue,2
2024-02-21,2024,2,Feb,Feb 2024,Q1,2024-02,21,Wed,3
2024-02-22,2024,2,Feb,Feb 2024,Q1,2024-02,22,Thu,4
2024-02-23,2024,2,Feb,Feb 2024,Q1,2024-02,23,Fri,5
2024-02-24,2024,2,Feb,Feb 2024,Q1,2024-02,24,Sat,6
2024-02-25,2024,2,Feb,Feb 2024,Q1,2024-02,25,Sun,7
2024-02-26,2024,2,Feb,Feb 2024,Q1,2024-02,26,Mon,1
2024-02-27,2024,2,Feb,Feb 2024,Q1,2024-02,27,Tue,2
2024-02-28,2024,2,Feb,Feb 2024,Q1,2024-02,28,Wed,3
2024-02-29,2024,2,Feb,Feb 2024,Q1,2024-02,29,Thu,4
2024-03-01,2024,3,Mar,Mar 2024,Q1,2024-03,1,Fri,5
2024-03-02,2024,3,Mar,Mar 2024,Q1,2024-03,2,Sat,6
2024-03-03,2024,3,Mar,Mar 2024,Q1,2024-03,3,Sun,7
2024-03-04,2024,3,Mar,Mar 2024,Q1,2024-03,4,Mon,1
2024-03-05,2024,3,Mar,Mar 2024,Q1,2024-03,5,Tue,2
2024-03-06,2024,3,Mar,Mar 2024,Q1,2024-03,6,Wed,3
2024-03-07,2024,3,Mar,Mar 2024,Q1,2024-03,7,Thu,4
2024-03-08,2024,3,Mar,Mar 2024,Q1,2024-03,8,Fri,5
2024-03-09,2024,3,Mar,Mar 2024,Q1,2024-03,9,Sat,6
2024-03-10,2024,3,Mar,Mar 2024,Q1,2024-03,10,Sun,7
2024-03-11,2024,3,Mar,Mar 2024,Q1,2024-03,11,Mon,1
2024-03-12,2024,3,Mar,Mar 2024,Q1,2024-03,12,Tue,2
2024-03-13,2024,3,Mar,Mar 2024,Q1,2024-03,13,Wed,3
2024-03-14,2024,3,Mar,Mar 2024,Q1,2024-03,14,Thu,4
2024-03-15,2024,3,Mar,Mar 2024,Q1,2024-03,15,Fri,5
2024-03-16,2024,3,Mar,Mar 2024,Q1,2024-03,16,Sat,6
2024-03-17,2024,3,Mar,Mar 2024,Q1,2024-03,17,Sun,7
2024-03-18,2024,3,Mar,Mar 2024,Q1,2024-03,18,Mon,1
2024-03-19,2024,3,Mar,Mar 2024,Q1,2024-03,19,Tue,2
2024-03-20,2024,3,Mar,Mar 2024,Q1,2024-03,20,Wed,3
2024-03-21,2024,3,Mar,Mar 2024,Q1,2024-03,21,Thu,4
2024-03-22,2024,3,Mar,Mar 2024,Q1,2024-03,22,Fri,5
2024-03-23,2024,3,Mar,Mar 2024,Q1,2024-03,23,Sat,6
2024-03-24,2024,3,Mar,Mar 2024,Q1,2024-03,24,Sun,7
2024-03-25,2024,3,Mar,Mar 2024,Q1,2024-03,25,Mon,1
2024-03-26,2024,3,Mar,Mar 2024,Q1,2024-03,26,Tue,2
2024-03-27,2024,3,Mar,Mar 2024,Q1,2024-03,27,Wed,3
2024-03-28,2024,3,Mar,Mar 2024,Q1,2024-03,28,Thu,4
2024-03-29,2024,3,Mar,Mar 2024,Q1,2024-03,29,Fri,5
2024-03-30,2024,3,Mar,Mar 2024,Q1,2024-03,30,Sat,6
2024-03-31,2024,3,Mar,Mar 2024,Q1,2024-03,31,Sun,7
2024-04-01,2024,4,Apr,Apr 2024,Q2,2024-04,1,Mon,1
2024-04-02,2024,4,Apr,Apr 2024,Q2,2024-04,2,Tue,2
2024-04-03,2024,4,Apr,Apr 2024,Q2,2024-04,3,Wed,3
2024-04-04,2024,4,Apr,Apr 2024,Q2,2024-04,4,Thu,4
2024-04-05,2024,4,Apr,Apr 2024,Q2,2024-04,5,Fri,5
2024-04-06,2024,4,Apr,Apr 2024,Q2,2024-04,6,Sat,6
2024-04-07,2024,4,Apr,Apr 2024,Q2,2024-04,7,Sun,7
2024-04-08,2024,4,Apr,Apr 2024,Q2,2024-04,8,Mon,1
2024-04-09,2024,4,Apr,Apr 2024,Q2,2024-04,9,Tue,2
2024-04-10,2024,4,Apr,Apr 2024,Q2,2024-04,10,Wed,3
2024-04-11,2024,4,Apr,Apr 2024,Q2,2024-04,11,Thu,4
2024-04-12,2024,4,Apr,Apr 2024,Q2,2024-04,12,Fri,5
2024-04-13,2024,4,Apr,Apr 2024,Q2,2024-04,13,Sat,6
2024-04-14,2024,4,Apr,Apr 2024,Q2,2024-04,14,Sun,7
2024-04-15,2024,4,Apr,Apr 2024,Q2,2024-04,15,Mon,1
2024-04-16,2024,4,Apr,Apr 2024,Q2,2024-04,16,Tue,2
2024-04-17,2024,4,Apr,Apr 2024,Q2,2024-04,17,Wed,3
2024-04-18,2024,4,Apr,Apr 2024,Q2,2024-04,18,Thu,4
2024-04-19,2024,4,Apr,Apr 2024,Q2,2024-04,19,Fri,5
2024-04-20,2024,4,Apr,Apr 2024,Q2,2024-04,20,Sat,6
2024-04-21,2024,4,Apr,Apr 2024,Q2,2024-04,21,Sun,7
2024-04-22,2024,4,Apr,Apr 2024,Q2,2024-04,22,Mon,1
2024-04-23,2024,4,Apr,Apr 2024,Q2,2024-04,23,Tue,2
2024-04-24,2024,4,Apr,Apr 2024,Q2,2024-04,24,Wed,3
2024-04-25,2024,4,Apr,Apr 2024,Q2,2024-04,25,Thu,4
2024-04-26,2024,4,Apr,Apr 2024,Q2,2024-04,26,Fri,5
2024-04-27,2024,4,Apr,Apr 2024,Q2,2024-04,27,Sat,6
2024-04-28,2024,4,Apr,Apr 2024,Q2,2024-04,28,Sun,7
2024-04-29,2024,4,Apr,Apr 2024,Q2,2024-04,29,Mon,1
2024-04-30,2024,4,Apr,Apr 2024,Q2,2024-04,30,Tue,2
2024-05-01,2024,5,May,May 2024,Q2,2024-05,1,Wed,3
2024-05-02,2024,5,May,May 2024,Q2,2024-05,2,Thu,4
2024-05-03,2024,5,May,May 2024,Q2,2024-05,3,Fri,5
2024-05-04,2024,5,May,May 2024,Q2,2024-05,4,Sat,6
2024-05-05,2024,5,May,May 2024,Q2,2024-05,5,Sun,7
2024-05-06,2024,5,May,May 2024,Q2,2024-05,6,Mon,1
2024-05-07,2024,5,May,May 2024,Q2,2024-05,7,Tue,2
2024-05-08,2024,5,May,May 2024,Q2,2024-05,8,Wed,3
2024-05-09,2024,5,May,May 2024,Q2,2024-05,9,Thu,4
2024-05-10,2024,5,May,May 2024,Q2,2024-05,10,Fri,5
2024-05-11,2024,5,May,May 2024,Q2,2024-05,11,Sat,6
2024-05-12,2024,5,May,May 2024,Q2,2024-05,12,Sun,7
2024-05-13,2024,5,May,May 2024,Q2,2024-05,13,Mon,1
2024-05-14,2024,5,May,May 2024,Q2,2024-05,14,Tue,2
2024-05-15,2024,5,May,May 2024,Q2,2024-05,15,Wed,3
2024-05-16,2024,5,May,May 2024,Q2,2024-05,16,Thu,4
2024-05-17,2024,5,May,May 2024,Q2,2024-05,17,Fri,5
2024-05-18,2024,5,May,May 2024,Q2,2024-05,18,Sat,6
2024-05-19,2024,5,May,May 2024,Q2,2024-05,19,Sun,7
2024-05-20,2024,5,May,May 2024,Q2,2024-05,20,Mon,1
2024-05-21,2024,5,May,May 2024,Q2,2024-05,21,Tue,2
2024-05-22,2024,5,May,May 2024,Q2,2024-05,22,Wed,3
2024-05-23,2024,5,May,May 2024,Q2,2024-05,23,Thu,4
2024-05-24,2024,5,May,May 2024,Q2,2024-05,24,Fri,5
2024-05-25,2024,5,May,May 2024,Q2,2024-05,25,Sat,6
2024-05-26,2024,5,May,May 2024,Q2,2024-05,26,Sun,7
2024-05-27,2024,5,May,May 2024,Q2,2024-05,27,Mon,1
2024-05-28,2024,5,May,May 2024,Q2,2024-05,28,Tue,2
2024-05-29,2024,5,May,May 2024,Q2,2024-05,29,Wed,3
2024-05-30,2024,5,May,May 2024,Q2,2024-05,30,Thu,4
2024-05-31,2024,5,May,May 2024,Q2,2024-05,31,Fri,5
2024-06-01,2024,6,Jun,Jun 2024,Q2,2024-06,1,Sat,6
2024-06-02,2024,6,Jun,Jun 2024,Q2,2024-06,2,Sun,7
2024-06-03,2024,6,Jun,Jun 2024,Q2,2024-06,3,Mon,1
2024-06-04,2024,6,Jun,Jun 2024,Q2,2024-06,4,Tue,2
2024-06-05,2024,6,Jun,Jun 2024,Q2,2024-06,5,Wed,3
2024-06-06,2024,6,Jun,Jun 2024,Q2,2024-06,6,Thu,4
2024-06-07,2024,6,Jun,Jun 2024,Q2,2024-06,7,Fri,5
2024-06-08,2024,6,Jun,Jun 2024,Q2,2024-06,8,Sat,6
2024-06-09,2024,6,Jun,Jun 2024,Q2,2024-06,9,Sun,7
2024-06-10,2024,6,Jun,Jun 2024,Q2,2024-06,10,Mon,1
2024-06-11,2024,6,Jun,Jun 2024,Q2,2024-06,11,Tue,2
2024-06-12,2024,6,Jun,Jun 2024,Q2,2024-06,12,Wed,3
2024-06-13,2024,6,Jun,Jun 2024,Q2,2024-06,13,Thu,4
2024-06-14,2024,6,Jun,Jun 2024,Q2,2024-06,14,Fri,5
2024-06-15,2024,6,Jun,Jun 2024,Q2,2024-06,15,Sat,6
2024-06-16,2024,6,Jun,Jun 2024,Q2,2024-06,16,Sun,7
2024-06-17,2024,6,Jun,Jun 2024,Q2,2024-06,17,Mon,1
2024-06-18,2024,6,Jun,Jun 2024,Q2,2024-06,18,Tue,2
2024-06-19,2024,6,Jun,Jun 2024,Q2,2024-06,19,Wed,3
2024-06-20,2024,6,Jun,Jun 2024,Q2,2024-06,20,Thu,4
2024-06-21,2024,6,Jun,Jun 2024,Q2,2024-06,21,Fri,5
2024-06-22,2024,6,Jun,Jun 2024,Q2,2024-06,22,Sat,6
2024-06-23,2024,6,Jun,Jun 2024,Q2,2024-06,23,Sun,7
2024-06-24,2024,6,Jun,Jun 2024,Q2,2024-06,24,Mon,1
2024-06-25,2024,6,Jun,Jun 2024,Q2,2024-06,25,Tue,2
2024-06-26,2024,6,Jun,Jun 2024,Q2,2024-06,26,Wed,3
2024-06-27,2024,6,Jun,Jun 2024,Q2,2024-06,27,Thu,4
2024-06-28,2024,6,Jun,Jun 2024,Q2,2024-06,28,Fri,5
2024-06-29,2024,6,Jun,Jun 2024,Q2,2024-06,29,Sat,6
2024-06-30,2024,6,Jun,Jun 2024,Q2,2024-06,30,Sun,7
2024-07-01,2024,7,Jul,Jul 2024,Q3,2024-07,1,Mon,1
2024-07-02,2024,7,Jul,Jul 2024,Q3,2024-07,2,Tue,2
2024-07-03,2024,7,Jul,Jul 2024,Q3,2024-07,3,Wed,3
2024-07-04,2024,7,Jul,Jul 2024,Q3,2024-07,4,Thu,4
2024-07-05,2024,7,Jul,Jul 2024,Q3,2024-07,5,Fri,5
2024-07-06,2024,7,Jul,Jul 2024,Q3,2024-07,6,Sat,6
2024-07-07,2024,7,Jul,Jul 2024,Q3,2024-07,7,Sun,7
2024-07-08,2024,7,Jul,Jul 2024,Q3,2024-07,8,Mon,1
2024-07-09,2024,7,Jul,Jul 2024,Q3,2024-07,9,Tue,2
2024-07-10,2024,7,Jul,Jul 2024,Q3,2024-07,10,Wed,3
2024-07-11,2024,7,Jul,Jul 2024,Q3,2024-07,11,Thu,4
2024-07-12,2024,7,Jul,Jul 2024,Q3,2024-07,12,Fri,5
2024-07-13,2024,7,Jul,Jul 2024,Q3,2024-07,13,Sat,6
2024-07-14,2024,7,Jul,Jul 2024,Q3,2024-07,14,Sun,7
2024-07-15,2024,7,Jul,Jul 2024,Q3,2024-07,15,Mon,1
2024-07-16,2024,7,Jul,Jul 2024,Q3,2024-07,16,Tue,2
2024-07-17,2024,7,Jul,Jul 2024,Q3,2024-07,17,Wed,3
2024-07-18,2024,7,Jul,Jul 2024,Q3,2024-07,18,Thu,4
2024-07-19,2024,7,Jul,Jul 2024,Q3,2024-07,19,Fri,5
2024-07-20,2024,7,Jul,Jul 2024,Q3,2024-07,20,Sat,6
2024-07-21,2024,7,Jul,Jul 2024,Q3,2024-07,21,Sun,7
2024-07-22,2024,7,Jul,Jul 2024,Q3,2024-07,22,Mon,1
2024-07-23,2024,7,Jul,Jul 2024,Q3,2024-07,23,Tue,2
2024-07-24,2024,7,Jul,Jul 2024,Q3,2024-07,24,Wed,3
2024-07-25,2024,7,Jul,Jul 2024,Q3,2024-07,25,Thu,4
2024-07-26,2024,7,Jul,Jul 2024,Q3,2024-07,26,Fri,5
2024-07-27,2024,7,Jul,Jul 2024,Q3,2024-07,27,Sat,6
2024-07-28,2024,7,Jul,Jul 2024,Q3,2024-07,28,Sun,7
2024-07-29,2024,7,Jul,Jul 2024,Q3,2024-07,29,Mon,1
2024-07-30,2024,7,Jul,Jul 2024,Q3,2024-07,30,Tue,2
2024-07-31,2024,7,Jul,Jul 2024,Q3,2024-07,31,Wed,3
2024-08-01,2024,8,Aug,Aug 2024,Q3,2024-08,1,Thu,4
2024-08-02,2024,8,Aug,Aug 2024,Q3,2024-08,2,Fri,5
2024-08-03,2024,8,Aug,Aug 2024,Q3,2024-08,3,Sat,6
2024-08-04,2024,8,Aug,Aug 2024,Q3,2024-08,4,Sun,7
2024-08-05,2024,8,Aug,Aug 2024,Q3,2024-08,5,Mon,1
2024-08-06,2024,8,Aug,Aug 2024,Q3,2024-08,6,Tue,2
2024-08-07,2024,8,Aug,Aug 2024,Q3,2024-08,7,Wed,3
2024-08-08,2024,8,Aug,Aug 2024,Q3,2024-08,8,Thu,4
2024-08-09,2024,8,Aug,Aug 2024,Q3,2024-08,9,Fri,5
2024-08-10,2024,8,Aug,Aug 2024,Q3,2024-08,10,Sat,6
2024-08-11,2024,8,Aug,Aug 2024,Q3,2024-08,11,Sun,7
2024-08-12,2024,8,Aug,Aug 2024,Q3,2024-08,12,Mon,1
2024-08-13,2024,8,Aug,Aug 2024,Q3,2024-08,13,Tue,2
2024-08-14,2024,8,Aug,Aug 2024,Q3,2024-08,14,Wed,3
2024-08-15,2024,8,Aug,Aug 2024,Q3,2024-08,15,Thu,4
2024-08-16,2024,8,Aug,Aug 2024,Q3,2024-08,16,Fri,5
2024-08-17,2024,8,Aug,Aug 2024,Q3,2024-08,17,Sat,6
2024-08-18,2024,8,Aug,Aug 2024,Q3,2024-08,18,Sun,7
2024-08-19,2024,8,Aug,Aug 2024,Q3,2024-08,19,Mon,1
2024-08-20,2024,8,Aug,Aug 2024,Q3,2024-08,20,Tue,2
2024-08-21,2024,8,Aug,Aug 2024,Q3,2024-08,21,Wed,3
2024-08-22,2024,8,Aug,Aug 2024,Q3,2024-08,22,Thu,4
2024-08-23,2024,8,Aug,Aug 2024,Q3,2024-08,23,Fri,5
2024-08-24,2024,8,Aug,Aug 2024,Q3,2024-08,24,Sat,6
2024-08-25,2024,8,Aug,Aug 2024,Q3,2024-08,25,Sun,7
2024-08-26,2024,8,Aug,Aug 2024,Q3,2024-08,26,Mon,1
2024-08-27,2024,8,Aug,Aug 2024,Q3,2024-08,27,Tue,2
2024-08-28,2024,8,Aug,Aug 2024,Q3,2024-08,28,Wed,3
2024-08-29,2024,8,Aug,Aug 2024,Q3,2024-08,29,Thu,4
2024-08-30,2024,8,Aug,Aug 2024,Q3,2024-08,30,Fri,5
2024-08-31,2024,8,Aug,Aug 2024,Q3,2024-08,31,Sat,6
2024-09-01,2024,9,Sep,Sep 2024,Q3,2024-09,1,Sun,7
2024-09-02,2024,9,Sep,Sep 2024,Q3,2024-09,2,Mon,1
2024-09-03,2024,9,Sep,Sep 2024,Q3,2024-09,3,Tue,2
2024-09-04,2024,9,Sep,Sep 2024,Q3,2024-09,4,Wed,3
2024-09-05,2024,9,Sep,Sep 2024,Q3,2024-09,5,Thu,4
2024-09-06,2024,9,Sep,Sep 2024,Q3,2024-09,6,Fri,5
2024-09-07,2024,9,Sep,Sep 2024,Q3,2024-09,7,Sat,6
2024-09-08,2024,9,Sep,Sep 2024,Q3,2024-09,8,Sun,7
2024-09-09,2024,9,Sep,Sep 2024,Q3,2024-09,9,Mon,1
2024-09-10,2024,9,Sep,Sep 2024,Q3,2024-09,10,Tue,2
2024-09-11,2024,9,Sep,Sep 2024,Q3,2024-09,11,Wed,3
2024-09-12,2024,9,Sep,Sep 2024,Q3,2024-09,12,Thu,4
2024-09-13,2024,9,Sep,Sep 2024,Q3,2024-09,13,Fri,5
2024-09-14,2024,9,Sep,Sep 2024,Q3,2024-09,14,Sat,6
2024-09-15,2024,9,Sep,Sep 2024,Q3,2024-09,15,Sun,7
2024-09-16,2024,9,Sep,Sep 2024,Q3,2024-09,16,Mon,1
2024-09-17,2024,9,Sep,Sep 2024,Q3,2024-09,17,Tue,2
2024-09-18,2024,9,Sep,Sep 2024,Q3,2024-09,18,Wed,3
2024-09-19,2024,9,Sep,Sep 2024,Q3,2024-09,19,Thu,4
2024-09-20,2024,9,Sep,Sep 2024,Q3,2024-09,20,Fri,5
2024-09-21,2024,9,Sep,Sep 2024,Q3,2024-09,21,Sat,6
2024-09-22,2024,9,Sep,Sep 2024,Q3,2024-09,22,Sun,7
2024-09-23,2024,9,Sep,Sep 2024,Q3,2024-09,23,Mon,1
2024-09-24,2024,9,Sep,Sep 2024,Q3,2024-09,24,Tue,2
2024-09-25,2024,9,Sep,Sep 2024,Q3,2024-09,25,Wed,3
2024-09-26,2024,9,Sep,Sep 2024,Q3,2024-09,26,Thu,4
2024-09-27,2024,9,Sep,Sep 2024,Q3,2024-09,27,Fri,5
2024-09-28,2024,9,Sep,Sep 2024,Q3,2024-09,28,Sat,6
2024-09-29,2024,9,Sep,Sep 2024,Q3,2024-09,29,Sun,7
2024-09-30,2024,9,Sep,Sep 2024,Q3,2024-09,30,Mon,1
2024-10-01,2024,10,Oct,Oct 2024,Q4,2024-10,1,Tue,2
2024-10-02,2024,10,Oct,Oct 2024,Q4,2024-10,2,Wed,3
2024-10-03,2024,10,Oct,Oct 2024,Q4,2024-10,3,Thu,4
2024-10-04,2024,10,Oct,Oct 2024,Q4,2024-10,4,Fri,5
2024-10-05,2024,10,Oct,Oct 2024,Q4,2024-10,5,Sat,6
2024-10-06,2024,10,Oct,Oct 2024,Q4,2024-10,6,Sun,7
2024-10-07,2024,10,Oct,Oct 2024,Q4,2024-10,7,Mon,1
2024-10-08,2024,10,Oct,Oct 2024,Q4,2024-10,8,Tue,2
2024-10-09,2024,10,Oct,Oct 2024,Q4,2024-10,9,Wed,3
2024-10-10,2024,10,Oct,Oct 2024,Q4,2024-10,10,Thu,4
2024-10-11,2024,10,Oct,Oct 2024,Q4,2024-10,11,Fri,5
2024-10-12,2024,10,Oct,Oct 2024,Q4,2024-10,12,Sat,6
2024-10-13,2024,10,Oct,Oct 2024,Q4,2024-10,13,Sun,7
2024-10-14,2024,10,Oct,Oct 2024,Q4,2024-10,14,Mon,1
2024-10-15,2024,10,Oct,Oct 2024,Q4,2024-10,15,Tue,2
2024-10-16,2024,10,Oct,Oct 2024,Q4,2024-10,16,Wed,3
2024-10-17,2024,10,Oct,Oct 2024,Q4,2024-10,17,Thu,4
2024-10-18,2024,10,Oct,Oct 2024,Q4,2024-10,18,Fri,5
2024-10-19,2024,10,Oct,Oct 2024,Q4,2024-10,19,Sat,6
2024-10-20,2024,10,Oct,Oct 2024,Q4,2024-10,20,Sun,7
2024-10-21,2024,10,Oct,Oct 2024,Q4,2024-10,21,Mon,1
2024-10-22,2024,10,Oct,Oct 2024,Q4,2024-10,22,Tue,2
2024-10-23,2024,10,Oct,Oct 2024,Q4,2024-10,23,Wed,3
2024-10-24,2024,10,Oct,Oct 2024,Q4,2024-10,24,Thu,4
2024-10-25,2024,10,Oct,Oct 2024,Q4,2024-10,25,Fri,5
2024-10-26,2024,10,Oct,Oct 2024,Q4,2024-10,26,Sat,6
2024-10-27,2024,10,Oct,Oct 2024,Q4,2024-10,27,Sun,7
2024-10-28,2024,10,Oct,Oct 2024,Q4,2024-10,28,Mon,1
2024-10-29,2024,10,Oct,Oct 2024,Q4,2024-10,29,Tue,2
2024-10-30,2024,10,Oct,Oct 2024,Q4,2024-10,30,Wed,3
2024-10-31,2024,10,Oct,Oct 2024,Q4,2024-10,31,Thu,4
2024-11-01,2024,11,Nov,Nov 2024,Q4,2024-11,1,Fri,5
2024-11-02,2024,11,Nov,Nov 2024,Q4,2024-11,2,Sat,6
2024-11-03,2024,11,Nov,Nov 2024,Q4,2024-11,3,Sun,7
2024-11-04,2024,11,Nov,Nov 2024,Q4,2024-11,4,Mon,1
2024-11-05,2024,11,Nov,Nov 2024,Q4,2024-11,5,Tue,2
2024-11-06,2024,11,Nov,Nov 2024,Q4,2024-11,6,Wed,3
2024-11-07,2024,11,Nov,Nov 2024,Q4,2024-11,7,Thu,4
2024-11-08,2024,11,Nov,Nov 2024,Q4,2024-11,8,Fri,5
2024-11-09,2024,11,Nov,Nov 2024,Q4,2024-11,9,Sat,6
2024-11-10,2024,11,Nov,Nov 2024,Q4,2024-11,10,Sun,7
2024-11-11,2024,11,Nov,Nov 2024,Q4,2024-11,11,Mon,1
2024-11-12,2024,11,Nov,Nov 2024,Q4,2024-11,12,Tue,2
2024-11-13,2024,11,Nov,Nov 2024,Q4,2024-11,13,Wed,3
2024-11-14,2024,11,Nov,Nov 2024,Q4,2024-11,14,Thu,4
2024-11-15,2024,11,Nov,Nov 2024,Q4,2024-11,15,Fri,5
2024-11-16,2024,11,Nov,Nov 2024,Q4,2024-11,16,Sat,6
2024-11-17,2024,11,Nov,Nov 2024,Q4,2024-11,17,Sun,7
2024-11-18,2024,11,Nov,Nov 2024,Q4,2024-11,18,Mon,1
2024-11-19,2024,11,Nov,Nov 2024,Q4,2024-11,19,Tue,2
2024-11-20,2024,11,Nov,Nov 2024,Q4,2024-11,20,Wed,3
2024-11-21,2024,11,Nov,Nov 2024,Q4,2024-11,21,Thu,4
2024-11-22,2024,11,Nov,Nov 2024,Q4,2024-11,22,Fri,5
2024-11-23,2024,11,Nov,Nov 2024,Q4,2024-11,23,Sat,6
2024-11-24,2024,11,Nov,Nov 2024,Q4,2024-11,24,Sun,7
2024-11-25,2024,11,Nov,Nov 2024,Q4,2024-11,25,Mon,1
2024-11-26,2024,11,Nov,Nov 2024,Q4,2024-11,26,Tue,2
2024-11-27,2024,11,Nov,Nov 2024,Q4,2024-11,27,Wed,3
2024-11-28,2024,11,Nov,Nov 2024,Q4,2024-11,28,Thu,4
2024-11-29,2024,11,Nov,Nov 2024,Q4,2024-11,29,Fri,5
2024-11-30,2024,11,Nov,Nov 2024,Q4,2024-11,30,Sat,6
2024-12-01,2024,12,Dec,Dec 2024,Q4,2024-12,1,Sun,7
2024-12-02,2024,12,Dec,Dec 2024,Q4,2024-12,2,Mon,1
2024-12-03,2024,12,Dec,Dec 2024,Q4,2024-12,3,Tue,2
2024-12-04,2024,12,Dec,Dec 2024,Q4,2024-12,4,Wed,3
2024-12-05,2024,12,Dec,Dec 2024,Q4,2024-12,5,Thu,4
2024-12-06,2024,12,Dec,Dec 2024,Q4,2024-12,6,Fri,5
2024-12-07,2024,12,Dec,Dec 2024,Q4,2024-12,7,Sat,6
2024-12-08,2024,12,Dec,Dec 2024,Q4,2024-12,8,Sun,7
2024-12-09,2024,12,Dec,Dec 2024,Q4,2024-12,9,Mon,1
2024-12-10,2024,12,Dec,Dec 2024,Q4,2024-12,10,Tue,2
2024-12-11,2024,12,Dec,Dec 2024,Q4,2024-12,11,Wed,3
2024-12-12,2024,12,Dec,Dec 2024,Q4,2024-12,12,Thu,4
2024-12-13,2024,12,Dec,Dec 2024,Q4,2024-12,13,Fri,5
2024-12-14,2024,12,Dec,Dec 2024,Q4,2024-12,14,Sat,6
2024-12-15,2024,12,Dec,Dec 2024,Q4,2024-12,15,Sun,7
2024-12-16,2024,12,Dec,Dec 2024,Q4,2024-12,16,Mon,1
2024-12-17,2024,12,Dec,Dec 2024,Q4,2024-12,17,Tue,2
2024-12-18,2024,12,Dec,Dec 2024,Q4,2024-12,18,Wed,3
2024-12-19,2024,12,Dec,Dec 2024,Q4,2024-12,19,Thu,4
2024-12-20,2024,12,Dec,Dec 2024,Q4,2024-12,20,Fri,5
2024-12-21,2024,12,Dec,Dec 2024,Q4,2024-12,21,Sat,6
2024-12-22,2024,12,Dec,Dec 2024,Q4,2024-12,22,Sun,7
2024-12-23,2024,12,Dec,Dec 2024,Q4,2024-12,23,Mon,1
2024-12-24,2024,12,Dec,Dec 2024,Q4,2024-12,24,Tue,2
2024-12-25,2024,12,Dec,Dec 2024,Q4,2024-12,25,Wed,3
2024-12-26,2024,12,Dec,Dec 2024,Q4,2024-12,26,Thu,4
2024-12-27,2024,12,Dec,Dec 2024,Q4,2024-12,27,Fri,5
2024-12-28,2024,12,Dec,Dec 2024,Q4,2024-12,28,Sat,6
2024-12-29,2024,12,Dec,Dec 2024,Q4,2024-12,29,Sun,7
2024-12-30,2024,12,Dec,Dec 2024,Q4,2024-12,30,Mon,1
2024-12-31,2024,12,Dec,Dec 2024,Q4,2024-12,31,Tue,2
2025-01-01,2025,1,Jan,Jan 2025,Q1,2025-01,1,Wed,3
2025-01-02,2025,1,Jan,Jan 2025,Q1,2025-01,2,Thu,4
2025-01-03,2025,1,Jan,Jan 2025,Q1,2025-01,3,Fri,5
2025-01-04,2025,1,Jan,Jan 2025,Q1,2025-01,4,Sat,6
2025-01-05,2025,1,Jan,Jan 2025,Q1,2025-01,5,Sun,7
2025-01-06,2025,1,Jan,Jan 2025,Q1,2025-01,6,Mon,1
2025-01-07,2025,1,Jan,Jan 2025,Q1,2025-01,7,Tue,2
2025-01-08,2025,1,Jan,Jan 2025,Q1,2025-01,8,Wed,3
2025-01-09,2025,1,Jan,Jan 2025,Q1,2025-01,9,Thu,4
2025-01-10,2025,1,Jan,Jan 2025,Q1,2025-01,10,Fri,5
2025-01-11,2025,1,Jan,Jan 2025,Q1,2025-01,11,Sat,6
2025-01-12,2025,1,Jan,Jan 2025,Q1,2025-01,12,Sun,7
2025-01-13,2025,1,Jan,Jan 2025,Q1,2025-01,13,Mon,1
2025-01-14,2025,1,Jan,Jan 2025,Q1,2025-01,14,Tue,2
2025-01-15,2025,1,Jan,Jan 2025,Q1,2025-01,15,Wed,3
2025-01-16,2025,1,Jan,Jan 2025,Q1,2025-01,16,Thu,4
2025-01-17,2025,1,Jan,Jan 2025,Q1,2025-01,17,Fri,5
2025-01-18,2025,1,Jan,Jan 2025,Q1,2025-01,18,Sat,6
2025-01-19,2025,1,Jan,Jan 2025,Q1,2025-01,19,Sun,7
2025-01-20,2025,1,Jan,Jan 2025,Q1,2025-01,20,Mon,1
2025-01-21,2025,1,Jan,Jan 2025,Q1,2025-01,21,Tue,2
2025-01-22,2025,1,Jan,Jan 2025,Q1,2025-01,22,Wed,3
2025-01-23,2025,1,Jan,Jan 2025,Q1,2025-01,23,Thu,4
2025-01-24,2025,1,Jan,Jan 2025,Q1,2025-01,24,Fri,5
2025-01-25,2025,1,Jan,Jan 2025,Q1,2025-01,25,Sat,6
2025-01-26,2025,1,Jan,Jan 2025,Q1,2025-01,26,Sun,7
2025-01-27,2025,1,Jan,Jan 2025,Q1,2025-01,27,Mon,1
2025-01-28,2025,1,Jan,Jan 2025,Q1,2025-01,28,Tue,2
2025-01-29,2025,1,Jan,Jan 2025,Q1,2025-01,29,Wed,3
2025-01-30,2025,1,Jan,Jan 2025,Q1,2025-01,30,Thu,4
2025-01-31,2025,1,Jan,Jan 2025,Q1,2025-01,31,Fri,5
2025-02-01,2025,2,Feb,Feb 2025,Q1,2025-02,1,Sat,6
2025-02-02,2025,2,Feb,Feb 2025,Q1,2025-02,2,Sun,7
2025-02-03,2025,2,Feb,Feb 2025,Q1,2025-02,3,Mon,1
2025-02-04,2025,2,Feb,Feb 2025,Q1,2025-02,4,Tue,2
2025-02-05,2025,2,Feb,Feb 2025,Q1,2025-02,5,Wed,3
2025-02-06,2025,2,Feb,Feb 2025,Q1,2025-02,6,Thu,4
2025-02-07,2025,2,Feb,Feb 2025,Q1,2025-02,7,Fri,5
2025-02-08,2025,2,Feb,Feb 2025,Q1,2025-02,8,Sat,6
2025-02-09,2025,2,Feb,Feb 2025,Q1,2025-02,9,Sun,7
2025-02-10,2025,2,Feb,Feb 2025,Q1,2025-02,10,Mon,1
2025-02-11,2025,2,Feb,Feb 2025,Q1,2025-02,11,Tue,2
2025-02-12,2025,2,Feb,Feb 2025,Q1,2025-02,12,Wed,3
2025-02-13,2025,2,Feb,Feb 2025,Q1,2025-02,13,Thu,4
2025-02-14,2025,2,Feb,Feb 2025,Q1,2025-02,14,Fri,5
2025-02-15,2025,2,Feb,Feb 2025,Q1,2025-02,15,Sat,6
2025-02-16,2025,2,Feb,Feb 2025,Q1,2025-02,16,Sun,7
2025-02-17,2025,2,Feb,Feb 2025,Q1,2025-02,17,Mon,1
2025-02-18,2025,2,Feb,Feb 2025,Q1,2025-02,18,Tue,2
2025-02-19,2025,2,Feb,Feb 2025,Q1,2025-02,19,Wed,3
2025-02-20,2025,2,Feb,Feb 2025,Q1,2025-02,20,Thu,4
2025-02-21,2025,2,Feb,Feb 2025,Q1,2025-02,21,Fri,5
2025-02-22,2025,2,Feb,Feb 2025,Q1,2025-02,22,Sat,6
2025-02-23,2025,2,Feb,Feb 2025,Q1,2025-02,23,Sun,7
2025-02-24,2025,2,Feb,Feb 2025,Q1,2025-02,24,Mon,1
2025-02-25,2025,2,Feb,Feb 2025,Q1,2025-02,25,Tue,2
2025-02-26,2025,2,Feb,Feb 2025,Q1,2025-02,26,Wed,3
2025-02-27,2025,2,Feb,Feb 2025,Q1,2025-02,27,Thu,4
2025-02-28,2025,2,Feb,Feb 2025,Q1,2025-02,28,Fri,5
2025-03-01,2025,3,Mar,Mar 2025,Q1,2025-03,1,Sat,6
2025-03-02,2025,3,Mar,Mar 2025,Q1,2025-03,2,Sun,7
2025-03-03,2025,3,Mar,Mar 2025,Q1,2025-03,3,Mon,1
2025-03-04,2025,3,Mar,Mar 2025,Q1,2025-03,4,Tue,2
2025-03-05,2025,3,Mar,Mar 2025,Q1,2025-03,5,Wed,3
2025-03-06,2025,3,Mar,Mar 2025,Q1,2025-03,6,Thu,4
2025-03-07,2025,3,Mar,Mar 2025,Q1,2025-03,7,Fri,5
2025-03-08,2025,3,Mar,Mar 2025,Q1,2025-03,8,Sat,6
2025-03-09,2025,3,Mar,Mar 2025,Q1,2025-03,9,Sun,7
2025-03-10,2025,3,Mar,Mar 2025,Q1,2025-03,10,Mon,1
2025-03-11,2025,3,Mar,Mar 2025,Q1,2025-03,11,Tue,2
2025-03-12,2025,3,Mar,Mar 2025,Q1,2025-03,12,Wed,3
2025-03-13,2025,3,Mar,Mar 2025,Q1,2025-03,13,Thu,4
2025-03-14,2025,3,Mar,Mar 2025,Q1,2025-03,14,Fri,5
2025-03-15,2025,3,Mar,Mar 2025,Q1,2025-03,15,Sat,6
2025-03-16,2025,3,Mar,Mar 2025,Q1,2025-03,16,Sun,7
2025-03-17,2025,3,Mar,Mar 2025,Q1,2025-03,17,Mon,1
2025-03-18,2025,3,Mar,Mar 2025,Q1,2025-03,18,Tue,2
2025-03-19,2025,3,Mar,Mar 2025,Q1,2025-03,19,Wed,3
2025-03-20,2025,3,Mar,Mar 2025,Q1,2025-03,20,Thu,4
2025-03-21,2025,3,Mar,Mar 2025,Q1,2025-03,21,Fri,5
2025-03-22,2025,3,Mar,Mar 2025,Q1,2025-03,22,Sat,6
2025-03-23,2025,3,Mar,Mar 2025,Q1,2025-03,23,Sun,7
2025-03-24,2025,3,Mar,Mar 2025,Q1,2025-03,24,Mon,1
2025-03-25,2025,3,Mar,Mar 2025,Q1,2025-03,25,Tue,2
2025-03-26,2025,3,Mar,Mar 2025,Q1,2025-03,26,Wed,3
2025-03-27,2025,3,Mar,Mar 2025,Q1,2025-03,27,Thu,4
2025-03-28,2025,3,Mar,Mar 2025,Q1,2025-03,28,Fri,5
2025-03-29,2025,3,Mar,Mar 2025,Q1,2025-03,29,Sat,6
2025-03-30,2025,3,Mar,Mar 2025,Q1,2025-03,30,Sun,7
2025-03-31,2025,3,Mar,Mar 2025,Q1,2025-03,31,Mon,1
2025-04-01,2025,4,Apr,Apr 2025,Q2,2025-04,1,Tue,2
2025-04-02,2025,4,Apr,Apr 2025,Q2,2025-04,2,Wed,3
2025-04-03,2025,4,Apr,Apr 2025,Q2,2025-04,3,Thu,4
2025-04-04,2025,4,Apr,Apr 2025,Q2,2025-04,4,Fri,5
2025-04-05,2025,4,Apr,Apr 2025,Q2,2025-04,5,Sat,6
2025-04-06,2025,4,Apr,Apr 2025,Q2,2025-04,6,Sun,7
2025-04-07,2025,4,Apr,Apr 2025,Q2,2025-04,7,Mon,1
2025-04-08,2025,4,Apr,Apr 2025,Q2,2025-04,8,Tue,2
2025-04-09,2025,4,Apr,Apr 2025,Q2,2025-04,9,Wed,3
2025-04-10,2025,4,Apr,Apr 2025,Q2,2025-04,10,Thu,4
2025-04-11,2025,4,Apr,Apr 2025,Q2,2025-04,11,Fri,5
2025-04-12,2025,4,Apr,Apr 2025,Q2,2025-04,12,Sat,6
2025-04-13,2025,4,Apr,Apr 2025,Q2,2025-04,13,Sun,7
2025-04-14,2025,4,Apr,Apr 2025,Q2,2025-04,14,Mon,1
2025-04-15,2025,4,Apr,Apr 2025,Q2,2025-04,15,Tue,2
2025-04-16,2025,4,Apr,Apr 2025,Q2,2025-04,16,Wed,3
2025-04-17,2025,4,Apr,Apr 2025,Q2,2025-04,17,Thu,4
2025-04-18,2025,4,Apr,Apr 2025,Q2,2025-04,18,Fri,5
2025-04-19,2025,4,Apr,Apr 2025,Q2,2025-04,19,Sat,6
2025-04-20,2025,4,Apr,Apr 2025,Q2,2025-04,20,Sun,7
2025-04-21,2025,4,Apr,Apr 2025,Q2,2025-04,21,Mon,1
2025-04-22,2025,4,Apr,Apr 2025,Q2,2025-04,22,Tue,2
2025-04-23,2025,4,Apr,Apr 2025,Q2,2025-04,23,Wed,3
2025-04-24,2025,4,Apr,Apr 2025,Q2,2025-04,24,Thu,4
2025-04-25,2025,4,Apr,Apr 2025,Q2,2025-04,25,Fri,5
2025-04-26,2025,4,Apr,Apr 2025,Q2,2025-04,26,Sat,6
2025-04-27,2025,4,Apr,Apr 2025,Q2,2025-04,27,Sun,7
2025-04-28,2025,4,Apr,Apr 2025,Q2,2025-04,28,Mon,1
2025-04-29,2025,4,Apr,Apr 2025,Q2,2025-04,29,Tue,2
2025-04-30,2025,4,Apr,Apr 2025,Q2,2025-04,30,Wed,3
2025-05-01,2025,5,May,May 2025,Q2,2025-05,1,Thu,4
2025-05-02,2025,5,May,May 2025,Q2,2025-05,2,Fri,5
2025-05-03,2025,5,May,May 2025,Q2,2025-05,3,Sat,6
2025-05-04,2025,5,May,May 2025,Q2,2025-05,4,Sun,7
2025-05-05,2025,5,May,May 2025,Q2,2025-05,5,Mon,1
2025-05-06,2025,5,May,May 2025,Q2,2025-05,6,Tue,2
2025-05-07,2025,5,May,May 2025,Q2,2025-05,7,Wed,3
2025-05-08,2025,5,May,May 2025,Q2,2025-05,8,Thu,4
2025-05-09,2025,5,May,May 2025,Q2,2025-05,9,Fri,5
2025-05-10,2025,5,May,May 2025,Q2,2025-05,10,Sat,6
2025-05-11,2025,5,May,May 2025,Q2,2025-05,11,Sun,7
2025-05-12,2025,5,May,May 2025,Q2,2025-05,12,Mon,1
2025-05-13,2025,5,May,May 2025,Q2,2025-05,13,Tue,2
2025-05-14,2025,5,May,May 2025,Q2,2025-05,14,Wed,3
2025-05-15,2025,5,May,May 2025,Q2,2025-05,15,Thu,4
2025-05-16,2025,5,May,May 2025,Q2,2025-05,16,Fri,5
2025-05-17,2025,5,May,May 2025,Q2,2025-05,17,Sat,6
2025-05-18,2025,5,May,May 2025,Q2,2025-05,18,Sun,7
2025-05-19,2025,5,May,May 2025,Q2,2025-05,19,Mon,1
2025-05-20,2025,5,May,May 2025,Q2,2025-05,20,Tue,2
2025-05-21,2025,5,May,May 2025,Q2,2025-05,21,Wed,3
2025-05-22,2025,5,May,May 2025,Q2,2025-05,22,Thu,4
2025-05-23,2025,5,May,May 2025,Q2,2025-05,23,Fri,5
2025-05-24,2025,5,May,May 2025,Q2,2025-05,24,Sat,6
2025-05-25,2025,5,May,May 2025,Q2,2025-05,25,Sun,7
2025-05-26,2025,5,May,May 2025,Q2,2025-05,26,Mon,1
2025-05-27,2025,5,May,May 2025,Q2,2025-05,27,Tue,2
2025-05-28,2025,5,May,May 2025,Q2,2025-05,28,Wed,3
2025-05-29,2025,5,May,May 2025,Q2,2025-05,29,Thu,4
2025-05-30,2025,5,May,May 2025,Q2,2025-05,30,Fri,5
2025-05-31,2025,5,May,May 2025,Q2,2025-05,31,Sat,6
2025-06-01,2025,6,Jun,Jun 2025,Q2,2025-06,1,Sun,7
2025-06-02,2025,6,Jun,Jun 2025,Q2,2025-06,2,Mon,1
2025-06-03,2025,6,Jun,Jun 2025,Q2,2025-06,3,Tue,2
2025-06-04,2025,6,Jun,Jun 2025,Q2,2025-06,4,Wed,3
2025-06-05,2025,6,Jun,Jun 2025,Q2,2025-06,5,Thu,4
2025-06-06,2025,6,Jun,Jun 2025,Q2,2025-06,6,Fri,5
2025-06-07,2025,6,Jun,Jun 2025,Q2,2025-06,7,Sat,6
2025-06-08,2025,6,Jun,Jun 2025,Q2,2025-06,8,Sun,7
2025-06-09,2025,6,Jun,Jun 2025,Q2,2025-06,9,Mon,1
2025-06-10,2025,6,Jun,Jun 2025,Q2,2025-06,10,Tue,2
2025-06-11,2025,6,Jun,Jun 2025,Q2,2025-06,11,Wed,3
2025-06-12,2025,6,Jun,Jun 2025,Q2,2025-06,12,Thu,4
2025-06-13,2025,6,Jun,Jun 2025,Q2,2025-06,13,Fri,5
2025-06-14,2025,6,Jun,Jun 2025,Q2,2025-06,14,Sat,6
2025-06-15,2025,6,Jun,Jun 2025,Q2,2025-06,15,Sun,7
2025-06-16,2025,6,Jun,Jun 2025,Q2,2025-06,16,Mon,1
2025-06-17,2025,6,Jun,Jun 2025,Q2,2025-06,17,Tue,2
2025-06-18,2025,6,Jun,Jun 2025,Q2,2025-06,18,Wed,3
2025-06-19,2025,6,Jun,Jun 2025,Q2,2025-06,19,Thu,4
2025-06-20,2025,6,Jun,Jun 2025,Q2,2025-06,20,Fri,5
2025-06-21,2025,6,Jun,Jun 2025,Q2,2025-06,21,Sat,6
2025-06-22,2025,6,Jun,Jun 2025,Q2,2025-06,22,Sun,7
2025-06-23,2025,6,Jun,Jun 2025,Q2,2025-06,23,Mon,1
2025-06-24,2025,6,Jun,Jun 2025,Q2,2025-06,24,Tue,2
2025-06-25,2025,6,Jun,Jun 2025,Q2,2025-06,25,Wed,3
2025-06-26,2025,6,Jun,Jun 2025,Q2,2025-06,26,Thu,4
2025-06-27,2025,6,Jun,Jun 2025,Q2,2025-06,27,Fri,5
2025-06-28,2025,6,Jun,Jun 2025,Q2,2025-06,28,Sat,6
2025-06-29,2025,6,Jun,Jun 2025,Q2,2025-06,29,Sun,7
2025-06-30,2025,6,Jun,Jun 2025,Q2,2025-06,30,Mon,1
2025-07-01,2025,7,Jul,Jul 2025,Q3,2025-07,1,Tue,2
2025-07-02,2025,7,Jul,Jul 2025,Q3,2025-07,2,Wed,3
2025-07-03,2025,7,Jul,Jul 2025,Q3,2025-07,3,Thu,4
2025-07-04,2025,7,Jul,Jul 2025,Q3,2025-07,4,Fri,5
2025-07-05,2025,7,Jul,Jul 2025,Q3,2025-07,5,Sat,6
2025-07-06,2025,7,Jul,Jul 2025,Q3,2025-07,6,Sun,7
2025-07-07,2025,7,Jul,Jul 2025,Q3,2025-07,7,Mon,1
2025-07-08,2025,7,Jul,Jul 2025,Q3,2025-07,8,Tue,2
2025-07-09,2025,7,Jul,Jul 2025,Q3,2025-07,9,Wed,3
2025-07-10,2025,7,Jul,Jul 2025,Q3,2025-07,10,Thu,4
2025-07-11,2025,7,Jul,Jul 2025,Q3,2025-07,11,Fri,5
2025-07-12,2025,7,Jul,Jul 2025,Q3,2025-07,12,Sat,6
2025-07-13,2025,7,Jul,Jul 2025,Q3,2025-07,13,Sun,7
2025-07-14,2025,7,Jul,Jul 2025,Q3,2025-07,14,Mon,1
2025-07-15,2025,7,Jul,Jul 2025,Q3,2025-07,15,Tue,2
2025-07-16,2025,7,Jul,Jul 2025,Q3,2025-07,16,Wed,3
2025-07-17,2025,7,Jul,Jul 2025,Q3,2025-07,17,Thu,4
2025-07-18,2025,7,Jul,Jul 2025,Q3,2025-07,18,Fri,5
2025-07-19,2025,7,Jul,Jul 2025,Q3,2025-07,19,Sat,6
2025-07-20,2025,7,Jul,Jul 2025,Q3,2025-07,20,Sun,7
2025-07-21,2025,7,Jul,Jul 2025,Q3,2025-07,21,Mon,1
2025-07-22,2025,7,Jul,Jul 2025,Q3,2025-07,22,Tue,2
2025-07-23,2025,7,Jul,Jul 2025,Q3,2025-07,23,Wed,3
2025-07-24,2025,7,Jul,Jul 2025,Q3,2025-07,24,Thu,4
2025-07-25,2025,7,Jul,Jul 2025,Q3,2025-07,25,Fri,5
2025-07-26,2025,7,Jul,Jul 2025,Q3,2025-07,26,Sat,6
2025-07-27,2025,7,Jul,Jul 2025,Q3,2025-07,27,Sun,7
2025-07-28,2025,7,Jul,Jul 2025,Q3,2025-07,28,Mon,1
2025-07-29,2025,7,Jul,Jul 2025,Q3,2025-07,29,Tue,2
2025-07-30,2025,7,Jul,Jul 2025,Q3,2025-07,30,Wed,3
2025-07-31,2025,7,Jul,Jul 2025,Q3,2025-07,31,Thu,4
2025-08-01,2025,8,Aug,Aug 2025,Q3,2025-08,1,Fri,5
2025-08-02,2025,8,Aug,Aug 2025,Q3,2025-08,2,Sat,6
2025-08-03,2025,8,Aug,Aug 2025,Q3,2025-08,3,Sun,7
2025-08-04,2025,8,Aug,Aug 2025,Q3,2025-08,4,Mon,1
2025-08-05,2025,8,Aug,Aug 2025,Q3,2025-08,5,Tue,2
2025-08-06,2025,8,Aug,Aug 2025,Q3,2025-08,6,Wed,3
2025-08-07,2025,8,Aug,Aug 2025,Q3,2025-08,7,Thu,4
2025-08-08,2025,8,Aug,Aug 2025,Q3,2025-08,8,Fri,5
2025-08-09,2025,8,Aug,Aug 2025,Q3,2025-08,9,Sat,6
2025-08-10,2025,8,Aug,Aug 2025,Q3,2025-08,10,Sun,7
2025-08-11,2025,8,Aug,Aug 2025,Q3,2025-08,11,Mon,1
2025-08-12,2025,8,Aug,Aug 2025,Q3,2025-08,12,Tue,2
2025-08-13,2025,8,Aug,Aug 2025,Q3,2025-08,13,Wed,3
2025-08-14,2025,8,Aug,Aug 2025,Q3,2025-08,14,Thu,4
2025-08-15,2025,8,Aug,Aug 2025,Q3,2025-08,15,Fri,5
2025-08-16,2025,8,Aug,Aug 2025,Q3,2025-08,16,Sat,6
2025-08-17,2025,8,Aug,Aug 2025,Q3,2025-08,17,Sun,7
2025-08-18,2025,8,Aug,Aug 2025,Q3,2025-08,18,Mon,1
2025-08-19,2025,8,Aug,Aug 2025,Q3,2025-08,19,Tue,2
2025-08-20,2025,8,Aug,Aug 2025,Q3,2025-08,20,Wed,3
2025-08-21,2025,8,Aug,Aug 2025,Q3,2025-08,21,Thu,4
2025-08-22,2025,8,Aug,Aug 2025,Q3,2025-08,22,Fri,5
2025-08-23,2025,8,Aug,Aug 2025,Q3,2025-08,23,Sat,6
2025-08-24,2025,8,Aug,Aug 2025,Q3,2025-08,24,Sun,7
2025-08-25,2025,8,Aug,Aug 2025,Q3,2025-08,25,Mon,1
2025-08-26,2025,8,Aug,Aug 2025,Q3,2025-08,26,Tue,2
2025-08-27,2025,8,Aug,Aug 2025,Q3,2025-08,27,Wed,3
2025-08-28,2025,8,Aug,Aug 2025,Q3,2025-08,28,Thu,4
2025-08-29,2025,8,Aug,Aug 2025,Q3,2025-08,29,Fri,5
2025-08-30,2025,8,Aug,Aug 2025,Q3,2025-08,30,Sat,6
2025-08-31,2025,8,Aug,Aug 2025,Q3,2025-08,31,Sun,7
2025-09-01,2025,9,Sep,Sep 2025,Q3,2025-09,1,Mon,1
2025-09-02,2025,9,Sep,Sep 2025,Q3,2025-09,2,Tue,2
2025-09-03,2025,9,Sep,Sep 2025,Q3,2025-09,3,Wed,3
2025-09-04,2025,9,Sep,Sep 2025,Q3,2025-09,4,Thu,4
2025-09-05,2025,9,Sep,Sep 2025,Q3,2025-09,5,Fri,5
2025-09-06,2025,9,Sep,Sep 2025,Q3,2025-09,6,Sat,6
2025-09-07,2025,9,Sep,Sep 2025,Q3,2025-09,7,Sun,7
2025-09-08,2025,9,Sep,Sep 2025,Q3,2025-09,8,Mon,1
2025-09-09,2025,9,Sep,Sep 2025,Q3,2025-09,9,Tue,2
2025-09-10,2025,9,Sep,Sep 2025,Q3,2025-09,10,Wed,3
2025-09-11,2025,9,Sep,Sep 2025,Q3,2025-09,11,Thu,4
2025-09-12,2025,9,Sep,Sep 2025,Q3,2025-09,12,Fri,5
2025-09-13,2025,9,Sep,Sep 2025,Q3,2025-09,13,Sat,6
2025-09-14,2025,9,Sep,Sep 2025,Q3,2025-09,14,Sun,7
2025-09-15,2025,9,Sep,Sep 2025,Q3,2025-09,15,Mon,1
2025-09-16,2025,9,Sep,Sep 2025,Q3,2025-09,16,Tue,2
2025-09-17,2025,9,Sep,Sep 2025,Q3,2025-09,17,Wed,3
2025-09-18,2025,9,Sep,Sep 2025,Q3,2025-09,18,Thu,4
2025-09-19,2025,9,Sep,Sep 2025,Q3,2025-09,19,Fri,5
2025-09-20,2025,9,Sep,Sep 2025,Q3,2025-09,20,Sat,6
2025-09-21,2025,9,Sep,Sep 2025,Q3,2025-09,21,Sun,7
2025-09-22,2025,9,Sep,Sep 2025,Q3,2025-09,22,Mon,1
2025-09-23,2025,9,Sep,Sep 2025,Q3,2025-09,23,Tue,2
2025-09-24,2025,9,Sep,Sep 2025,Q3,2025-09,24,Wed,3
2025-09-25,2025,9,Sep,Sep 2025,Q3,2025-09,25,Thu,4
2025-09-26,2025,9,Sep,Sep 2025,Q3,2025-09,26,Fri,5
2025-09-27,2025,9,Sep,Sep 2025,Q3,2025-09,27,Sat,6
2025-09-28,2025,9,Sep,Sep 2025,Q3,2025-09,28,Sun,7
2025-09-29,2025,9,Sep,Sep 2025,Q3,2025-09,29,Mon,1
2025-09-30,2025,9,Sep,Sep 2025,Q3,2025-09,30,Tue,2
2025-10-01,2025,10,Oct,Oct 2025,Q4,2025-10,1,Wed,3
2025-10-02,2025,10,Oct,Oct 2025,Q4,2025-10,2,Thu,4
2025-10-03,2025,10,Oct,Oct 2025,Q4,2025-10,3,Fri,5
2025-10-04,2025,10,Oct,Oct 2025,Q4,2025-10,4,Sat,6
2025-10-05,2025,10,Oct,Oct 2025,Q4,2025-10,5,Sun,7
2025-10-06,2025,10,Oct,Oct 2025,Q4,2025-10,6,Mon,1
2025-10-07,2025,10,Oct,Oct 2025,Q4,2025-10,7,Tue,2
2025-10-08,2025,10,Oct,Oct 2025,Q4,2025-10,8,Wed,3
2025-10-09,2025,10,Oct,Oct 2025,Q4,2025-10,9,Thu,4
2025-10-10,2025,10,Oct,Oct 2025,Q4,2025-10,10,Fri,5
2025-10-11,2025,10,Oct,Oct 2025,Q4,2025-10,11,Sat,6
2025-10-12,2025,10,Oct,Oct 2025,Q4,2025-10,12,Sun,7
2025-10-13,2025,10,Oct,Oct 2025,Q4,2025-10,13,Mon,1
2025-10-14,2025,10,Oct,Oct 2025,Q4,2025-10,14,Tue,2
2025-10-15,2025,10,Oct,Oct 2025,Q4,2025-10,15,Wed,3
2025-10-16,2025,10,Oct,Oct 2025,Q4,2025-10,16,Thu,4
2025-10-17,2025,10,Oct,Oct 2025,Q4,2025-10,17,Fri,5
2025-10-18,2025,10,Oct,Oct 2025,Q4,2025-10,18,Sat,6
2025-10-19,2025,10,Oct,Oct 2025,Q4,2025-10,19,Sun,7
2025-10-20,2025,10,Oct,Oct 2025,Q4,2025-10,20,Mon,1
2025-10-21,2025,10,Oct,Oct 2025,Q4,2025-10,21,Tue,2
2025-10-22,2025,10,Oct,Oct 2025,Q4,2025-10,22,Wed,3
2025-10-23,2025,10,Oct,Oct 2025,Q4,2025-10,23,Thu,4
2025-10-24,2025,10,Oct,Oct 2025,Q4,2025-10,24,Fri,5
2025-10-25,2025,10,Oct,Oct 2025,Q4,2025-10,25,Sat,6
2025-10-26,2025,10,Oct,Oct 2025,Q4,2025-10,26,Sun,7
2025-10-27,2025,10,Oct,Oct 2025,Q4,2025-10,27,Mon,1
2025-10-28,2025,10,Oct,Oct 2025,Q4,2025-10,28,Tue,2
2025-10-29,2025,10,Oct,Oct 2025,Q4,2025-10,29,Wed,3
2025-10-30,2025,10,Oct,Oct 2025,Q4,2025-10,30,Thu,4
2025-10-31,2025,10,Oct,Oct 2025,Q4,2025-10,31,Fri,5
2025-11-01,2025,11,Nov,Nov 2025,Q4,2025-11,1,Sat,6
2025-11-02,2025,11,Nov,Nov 2025,Q4,2025-11,2,Sun,7
2025-11-03,2025,11,Nov,Nov 2025,Q4,2025-11,3,Mon,1
2025-11-04,2025,11,Nov,Nov 2025,Q4,2025-11,4,Tue,2
2025-11-05,2025,11,Nov,Nov 2025,Q4,2025-11,5,Wed,3
2025-11-06,2025,11,Nov,Nov 2025,Q4,2025-11,6,Thu,4
2025-11-07,2025,11,Nov,Nov 2025,Q4,2025-11,7,Fri,5
2025-11-08,2025,11,Nov,Nov 2025,Q4,2025-11,8,Sat,6
2025-11-09,2025,11,Nov,Nov 2025,Q4,2025-11,9,Sun,7
2025-11-10,2025,11,Nov,Nov 2025,Q4,2025-11,10,Mon,1
2025-11-11,2025,11,Nov,Nov 2025,Q4,2025-11,11,Tue,2
2025-11-12,2025,11,Nov,Nov 2025,Q4,2025-11,12,Wed,3
2025-11-13,2025,11,Nov,Nov 2025,Q4,2025-11,13,Thu,4
2025-11-14,2025,11,Nov,Nov 2025,Q4,2025-11,14,Fri,5
2025-11-15,2025,11,Nov,Nov 2025,Q4,2025-11,15,Sat,6
2025-11-16,2025,11,Nov,Nov 2025,Q4,2025-11,16,Sun,7
2025-11-17,2025,11,Nov,Nov 2025,Q4,2025-11,17,Mon,1
2025-11-18,2025,11,Nov,Nov 2025,Q4,2025-11,18,Tue,2
2025-11-19,2025,11,Nov,Nov 2025,Q4,2025-11,19,Wed,3
2025-11-20,2025,11,Nov,Nov 2025,Q4,2025-11,20,Thu,4
2025-11-21,2025,11,Nov,Nov 2025,Q4,2025-11,21,Fri,5
2025-11-22,2025,11,Nov,Nov 2025,Q4,2025-11,22,Sat,6
2025-11-23,2025,11,Nov,Nov 2025,Q4,2025-11,23,Sun,7
2025-11-24,2025,11,Nov,Nov 2025,Q4,2025-11,24,Mon,1
2025-11-25,2025,11,Nov,Nov 2025,Q4,2025-11,25,Tue,2
2025-11-26,2025,11,Nov,Nov 2025,Q4,2025-11,26,Wed,3
2025-11-27,2025,11,Nov,Nov 2025,Q4,2025-11,27,Thu,4
2025-11-28,2025,11,Nov,Nov 2025,Q4,2025-11,28,Fri,5
2025-11-29,2025,11,Nov,Nov 2025,Q4,2025-11,29,Sat,6
2025-11-30,2025,11,Nov,Nov 2025,Q4,2025-11,30,Sun,7
2025-12-01,2025,12,Dec,Dec 2025,Q4,2025-12,1,Mon,1
2025-12-02,2025,12,Dec,Dec 2025,Q4,2025-12,2,Tue,2
2025-12-03,2025,12,Dec,Dec 2025,Q4,2025-12,3,Wed,3
2025-12-04,2025,12,Dec,Dec 2025,Q4,2025-12,4,Thu,4
2025-12-05,2025,12,Dec,Dec 2025,Q4,2025-12,5,Fri,5
2025-12-06,2025,12,Dec,Dec 2025,Q4,2025-12,6,Sat,6
2025-12-07,2025,12,Dec,Dec 2025,Q4,2025-12,7,Sun,7
2025-12-08,2025,12,Dec,Dec 2025,Q4,2025-12,8,Mon,1
2025-12-09,2025,12,Dec,Dec 2025,Q4,2025-12,9,Tue,2
2025-12-10,2025,12,Dec,Dec 2025,Q4,2025-12,10,Wed,3
2025-12-11,2025,12,Dec,Dec 2025,Q4,2025-12,11,Thu,4
2025-12-12,2025,12,Dec,Dec 2025,Q4,2025-12,12,Fri,5
2025-12-13,2025,12,Dec,Dec 2025,Q4,2025-12,13,Sat,6
2025-12-14,2025,12,Dec,Dec 2025,Q4,2025-12,14,Sun,7
2025-12-15,2025,12,Dec,Dec 2025,Q4,2025-12,15,Mon,1
2025-12-16,2025,12,Dec,Dec 2025,Q4,2025-12,16,Tue,2
2025-12-17,2025,12,Dec,Dec 2025,Q4,2025-12,17,Wed,3
2025-12-18,2025,12,Dec,Dec 2025,Q4,2025-12,18,Thu,4
2025-12-19,2025,12,Dec,Dec 2025,Q4,2025-12,19,Fri,5
2025-12-20,2025,12,Dec,Dec 2025,Q4,2025-12,20,Sat,6
2025-12-21,2025,12,Dec,Dec 2025,Q4,2025-12,21,Sun,7
2025-12-22,2025,12,Dec,Dec 2025,Q4,2025-12,22,Mon,1
2025-12-23,2025,12,Dec,Dec 2025,Q4,2025-12,23,Tue,2
2025-12-24,2025,12,Dec,Dec 2025,Q4,2025-12,24,Wed,3
2025-12-25,2025,12,Dec,Dec 2025,Q4,2025-12,25,Thu,4
2025-12-26,2025,12,Dec,Dec 2025,Q4,2025-12,26,Fri,5
2025-12-27,2025,12,Dec,Dec 2025,Q4,2025-12,27,Sat,6
2025-12-28,2025,12,Dec,Dec 2025,Q4,2025-12,28,Sun,7
2025-12-29,2025,12,Dec,Dec 2025,Q4,2025-12,29,Mon,1
2025-12-30,2025,12,Dec,Dec 2025,Q4,2025-12,30,Tue,2
2025-12-31,2025,12,Dec,Dec 2025,Q4,2025-12,31,Wed,3
