SalesOrderNumber,SalesOrderLineNumber,ProductKey,ResellerKey,EmployeeKey,PromotionKey,CurrencyKey,SalesTerritoryKey,OrderDateKey,DueDateKey,ShipDateKey,OrderQuantity,UnitPrice,ExtendedAmount,DiscountAmount,ProductStandardCost,TotalProductCost,SalesAmount,TaxAmt,Freight,CarrierTrackingNumber,CustomerPONumber
RS40000,1,38,7,12,1,2,4,20250130,20250215,20250205,1,1759.17,1759.17,0.0,1457.25,1457.25,1759.17,131.94,81.0,TRK472007,RESPO960979
RS40000,2,62,33,3,1,1,2,20241205,20241212,20241208,12,36.85,442.2,0.0,22.11,265.32,442.2,33.16,9.63,TRK253028,RESPO880494
RS40001,4,35,36,5,1,1,3,20251007,20251019,20251016,1,546.42,546.42,0.0,467.94,467.94,546.42,40.98,18.16,TRK463778,RESPO751975
RS40002,4,37,21,6,3,4,6,20250822,20250904,20250901,1,596.94,596.94,59.69,471.59,471.59,537.25,40.29,10.38,TRK137912,RESPO798687
RS40003,6,65,36,5,3,1,3,20250121,20250208,20250127,8,49.64,397.12,39.71,28.43,227.44,357.41,26.81,9.49,TRK250944,RESPO249119
RS40004,2,12,13,14,1,1,2,20240813,20240823,20240821,4,1157.64,4630.56,0.0,897.63,3590.52,4630.56,347.29,76.25,TRK696948,RESPO303071
RS40005,1,20,27,15,2,3,5,20240803,20240814,20240812,5,2725.25,13626.25,681.31,2197.87,10989.35,12944.94,970.87,194.43,TRK925242,RESPO169299
RS40005,3,60,15,5,1,1,3,20240322,20240407,20240329,20,35.89,717.8,0.0,20.78,415.6,717.8,53.83,27.58,TRK991912,RESPO591704
RS40006,6,43,17,10,1,1,2,20251129,20251210,20251204,5,1688.85,8444.25,0.0,1415.45,7077.25,8444.25,633.32,373.55,TRK337186,RESPO954517
RS40006,4,56,2,12,1,2,4,20250605,20250612,20250611,10,37.4,374.0,0.0,21.17,211.7,374.0,28.05,9.54,TRK940615,RESPO370157
RS40007,1,19,7,12,3,2,4,20240911,20240929,20240921,2,2711.94,5423.88,542.39,2212.17,4424.34,4881.49,366.11,152.56,TRK630415,RESPO480625
RS40008,6,52,27,15,1,3,5,20240324,20240401,20240331,15,15.56,233.4,0.0,8.05,120.75,233.4,17.5,5.48,TRK159667,RESPO556784
RS40009,3,56,26,5,1,1,3,20240201,20240211,20240210,12,37.4,448.8,0.0,21.17,254.04,448.8,33.66,11.98,TRK615753,RESPO515597
RS40009,3,28,38,8,3,1,3,20241020,20241029,20241027,4,1800.62,7202.48,720.25,1544.51,6178.04,6482.23,486.17,152.42,TRK722273,RESPO495153
RS40010,1,13,6,3,3,1,2,20240109,20240130,20240113,1,417.24,417.24,41.72,301.9,301.9,375.52,28.16,7.6,TRK153852,RESPO102188
RS40010,6,23,31,12,1,2,4,20250110,20250122,20250113,2,1640.7,3281.4,0.0,1453.1,2906.2,3281.4,246.1,127.17,TRK142393,RESPO273247
RS40011,2,43,20,1,4,3,5,20240325,20240413,20240329,1,1688.85,1688.85,253.33,1415.45,1415.45,1435.52,107.66,71.18,TRK509850,RESPO964226
RS40012,2,14,32,12,1,2,4,20250622,20250630,20250701,5,363.46,1817.3,0.0,290.0,1450.0,1817.3,136.3,31.82,TRK735612,RESPO993801
RS40013,3,21,17,14,1,1,2,20240817,20240903,20240821,1,2660.48,2660.48,0.0,2013.24,2013.24,2660.48,199.54,104.07,TRK828664,RESPO595620
RS40013,3,46,29,9,1,4,6,20250214,20250303,20250221,3,500.88,1502.64,0.0,470.4,1411.2,1502.64,112.7,44.52,TRK320774,RESPO352372
RS40014,4,20,30,9,1,3,5,20250824,20250902,20250828,1,2725.25,2725.25,0.0,2197.87,2197.87,2725.25,204.39,124.35,TRK857878,RESPO177009
RS40015,6,43,19,12,1,2,4,20250508,20250525,20250518,5,1688.85,8444.25,0.0,1415.45,7077.25,8444.25,633.32,255.33,TRK864810,RESPO716217
RS40016,1,27,20,15,1,3,5,20240609,20240616,20240615,6,1693.38,10160.28,0.0,1624.05,9744.3,10160.28,762.02,291.37,TRK508482,RESPO295624
RS40017,6,60,32,12,3,2,4,20250405,20250418,20250412,20,35.89,717.8,71.78,20.78,415.6,646.02,48.45,12.7,TRK888019,RESPO694090
RS40018,1,1,12,9,1,3,5,20250513,20250603,20250517,3,1619.34,4858.02,0.0,1293.6,3880.8,4858.02,364.35,221.74,TRK351682,RESPO637693
RS40019,3,64,39,8,2,1,3,20250303,20250321,20250310,8,32.57,260.56,13.03,23.51,188.08,247.53,18.56,4.05,TRK939079,RESPO744745
RS40020,6,44,24,1,1,4,6,20250528,20250614,20250607,1,576.77,576.77,0.0,461.7,461.7,576.77,43.26,12.72,TRK386728,RESPO656656
RS40021,5,68,26,5,3,1,3,20240210,20240221,20240220,12,23.53,282.36,28.24,13.97,167.64,254.12,19.06,7.86,TRK892486,RESPO578608
RS40022,4,37,3,4,1,1,1,20251004,20251025,20251013,1,596.94,596.94,0.0,471.59,471.59,596.94,44.77,29.12,TRK738331,RESPO699678
RS40022,6,41,15,5,1,1,3,20251029,20251119,20251104,4,1733.34,6933.36,0.0,1425.74,5702.96,6933.36,520.0,310.79,TRK513990,RESPO378256
RS40023,1,68,1,9,1,3,5,20250405,20250413,20250411,5,23.53,117.65,0.0,13.97,69.85,117.65,8.82,2.75,TRK661258,RESPO953986
RS40023,6,54,35,3,3,1,2,20251017,20251024,20251026,15,33.08,496.2,49.62,21.77,326.55,446.58,33.49,19.02,TRK708358,RESPO323781
RS40024,5,37,35,3,3,1,2,20250202,20250219,20250207,2,596.94,1193.88,119.39,471.59,943.18,1074.49,80.59,37.21,TRK114901,RESPO818362
RS40025,6,11,28,10,1,1,2,20250506,20250524,20250512,6,1246.13,7476.78,0.0,980.12,5880.72,7476.78,560.76,117.57,TRK277233,RESPO789393
RS40026,3,33,19,12,3,2,4,20240727,20240807,20240806,2,593.93,1187.86,118.79,507.46,1014.92,1069.07,80.18,43.32,TRK825150,RESPO675333
RS40027,3,10,5,12,3,2,4,20240104,20240113,20240107,1,1246.82,1246.82,124.68,874.99,874.99,1122.14,84.16,54.28,TRK902056,RESPO573213
RS40028,1,16,22,9,1,4,6,20240505,20240517,20240508,5,407.91,2039.55,0.0,321.39,1606.95,2039.55,152.97,64.95,TRK470399,RESPO284967
RS40028,1,25,25,12,1,2,4,20250927,20251005,20251001,6,1797.15,10782.9,0.0,1485.17,8911.02,10782.9,808.72,465.32,TRK252895,RESPO458719
RS40029,4,67,11,5,4,1,3,20251008,20251027,20251016,12,49.63,595.56,89.33,28.93,347.16,506.23,37.97,13.82,TRK208600,RESPO946489
RS40030,6,52,33,6,1,1,2,20251014,20251022,20251019,8,15.56,124.48,0.0,8.05,64.4,124.48,9.34,3.97,TRK975048,RESPO788941
RS40031,2,59,32,12,2,2,4,20240722,20240729,20240729,10,34.14,341.4,17.07,22.49,224.9,324.33,24.32,15.08,TRK117953,RESPO796862
RS40032,1,44,24,7,3,4,6,20241118,20241204,20241128,6,576.77,3460.62,346.06,461.7,2770.2,3114.56,233.59,140.69,TRK688683,RESPO903340
RS40033,5,18,8,8,2,4,6,20250718,20250806,20250720,4,381.25,1525.0,76.25,312.58,1250.32,1448.75,108.66,58.54,TRK924334,RESPO975798
RS40034,3,32,21,5,3,4,6,20241027,20241113,20241031,5,568.17,2840.85,284.08,500.36,2501.8,2556.77,191.76,41.84,TRK829711,RESPO370827
RS40035,4,20,25,12,3,2,4,20240317,20240328,20240323,3,2725.25,8175.75,817.58,2197.87,6593.61,7358.17,551.86,361.5,TRK526635,RESPO123836
RS40036,1,37,2,12,2,2,4,20240520,20240601,20240523,2,596.94,1193.88,59.69,471.59,943.18,1134.19,85.06,53.99,TRK199779,RESPO377033
RS40037,1,41,22,15,1,4,6,20240805,20240816,20240811,1,1733.34,1733.34,0.0,1425.74,1425.74,1733.34,130.0,61.32,TRK982342,RESPO897582
RS40038,5,70,36,5,1,1,3,20250814,20250831,20250820,20,26.27,525.4,0.0,13.17,263.4,525.4,39.4,23.88,TRK205314,RESPO523257
RS40039,1,40,3,4,2,1,1,20241002,20241018,20241004,1,1651.91,1651.91,82.6,1421.92,1421.92,1569.31,117.7,64.24,TRK212018,RESPO600146
RS40039,2,61,3,4,1,1,1,20240927,20241005,20241004,12,36.76,441.12,0.0,22.14,265.68,441.12,33.08,9.07,TRK276559,RESPO294122
RS40039,6,14,37,3,1,1,2,20240509,20240524,20240514,4,363.46,1453.84,0.0,290.0,1160.0,1453.84,109.04,30.43,TRK527725,RESPO105543
RS40040,4,35,34,10,3,4,6,20240711,20240721,20240719,6,546.42,3278.52,327.85,467.94,2807.64,2950.67,221.3,95.14,TRK301821,RESPO965101
RS40041,3,38,34,6,1,4,6,20250827,20250906,20250830,2,1759.17,3518.34,0.0,1457.25,2914.5,3518.34,263.88,103.45,TRK841242,RESPO540636
RS40042,5,64,17,3,1,1,2,20240714,20240723,20240717,5,32.57,162.85,0.0,23.51,117.55,162.85,12.21,6.7,TRK803619,RESPO360864
RS40043,2,6,9,12,2,2,4,20240314,20240325,20240317,2,1512.69,3025.38,151.27,1401.2,2802.4,2874.11,215.56,111.92,TRK702485,RESPO102954
RS40044,6,15,14,5,1,1,3,20240730,20240818,20240802,4,410.41,1641.64,0.0,315.14,1260.56,1641.64,123.12,50.31,TRK486669,RESPO440904
RS40045,2,49,27,11,2,3,5,20251012,20251101,20251017,4,576.65,2306.6,115.33,463.15,1852.6,2191.27,164.35,44.06,TRK613711,RESPO612662
RS40045,1,56,18,2,1,1,1,20250419,20250507,20250428,10,37.4,374.0,0.0,21.17,211.7,374.0,28.05,7.69,TRK649749,RESPO403114
RS40045,4,53,14,5,1,1,3,20241013,20241101,20241023,10,33.96,339.6,0.0,22.5,225.0,339.6,25.47,7.2,TRK168466,RESPO714973
RS40046,4,45,30,11,1,3,5,20240724,20240806,20240730,6,499.27,2995.62,0.0,427.6,2565.6,2995.62,224.67,117.11,TRK268252,RESPO603683
RS40047,5,57,15,5,3,1,3,20251022,20251106,20251026,5,35.28,176.4,17.64,20.87,104.35,158.76,11.91,5.08,TRK215159,RESPO380678
RS40048,4,67,24,5,1,4,6,20251105,20251112,20251108,20,49.63,992.6,0.0,28.93,578.6,992.6,74.44,32.83,TRK694706,RESPO212322
RS40048,5,37,16,11,3,3,5,20251115,20251204,20251125,2,596.94,1193.88,119.39,471.59,943.18,1074.49,80.59,51.14,TRK291834,RESPO758001
RS40048,4,68,32,12,4,2,4,20241201,20241217,20241208,8,23.53,188.24,28.24,13.97,111.76,160.0,12.0,6.7,TRK101531,RESPO604385
RS40048,5,24,13,3,1,1,2,20250311,20250321,20250319,6,1646.67,9880.02,0.0,1464.07,8784.42,9880.02,741.0,235.05,TRK802374,RESPO982806
RS40049,3,46,39,5,1,1,3,20240719,20240731,20240728,4,500.88,2003.52,0.0,470.4,1881.6,2003.52,150.26,92.48,TRK895792,RESPO352882
RS40050,5,43,35,13,1,1,2,20250729,20250819,20250802,2,1688.85,3377.7,0.0,1415.45,2830.9,3377.7,253.33,52.61,TRK342540,RESPO530687
RS40050,5,27,3,4,1,1,1,20240315,20240329,20240319,4,1693.38,6773.52,0.0,1624.05,6496.2,6773.52,508.01,125.93,TRK331454,RESPO873874
RS40051,3,28,14,8,1,1,3,20240112,20240129,20240121,1,1800.62,1800.62,0.0,1544.51,1544.51,1800.62,135.05,84.88,TRK319240,RESPO198023
RS40052,6,31,22,10,1,4,6,20240913,20241002,20240918,1,607.14,607.14,0.0,496.89,496.89,607.14,45.54,25.92,TRK146316,RESPO599135
RS40053,2,70,18,2,3,1,1,20240107,20240126,20240115,20,26.27,525.4,52.54,13.17,263.4,472.86,35.46,22.42,TRK446810,RESPO204955
RS40054,3,65,6,14,3,1,2,20241011,20241030,20241020,8,49.64,397.12,39.71,28.43,227.44,357.41,26.81,5.36,TRK683309,RESPO829744
RS40055,2,4,11,5,2,1,3,20251114,20251124,20251116,6,1683.4,10100.4,505.02,1307.47,7844.82,9595.38,719.65,236.37,TRK868019,RESPO288105
RS40056,2,27,13,6,1,1,2,20240303,20240310,20240306,2,1693.38,3386.76,0.0,1624.05,3248.1,3386.76,254.01,129.23,TRK860997,RESPO859233
RS40057,4,47,14,8,1,1,3,20240305,20240312,20240309,6,559.21,3355.26,0.0,455.26,2731.56,3355.26,251.64,148.22,TRK492729,RESPO136835
RS40058,1,23,35,13,1,1,2,20240610,20240623,20240615,1,1640.7,1640.7,0.0,1453.1,1453.1,1640.7,123.05,36.77,TRK833675,RESPO952072
RS40059,4,35,11,8,1,1,3,20250831,20250913,20250904,4,546.42,2185.68,0.0,467.94,1871.76,2185.68,163.93,73.55,TRK740626,RESPO977333
RS40060,5,36,29,6,2,4,6,20240121,20240204,20240124,3,537.0,1611.0,80.55,520.44,1561.32,1530.45,114.78,33.47,TRK709644,RESPO220950
RS40061,6,7,9,12,2,2,4,20240425,20240511,20240429,6,1098.01,6588.06,329.4,904.22,5425.32,6258.66,469.4,216.56,TRK155398,RESPO643114
RS40062,1,69,12,9,1,3,5,20240221,20240302,20240302,8,23.46,187.68,0.0,14.58,116.64,187.68,14.08,6.15,TRK679104,RESPO187627
RS40062,1,68,22,9,1,4,6,20241206,20241219,20241215,5,23.53,117.65,0.0,13.97,69.85,117.65,8.82,4.03,TRK991546,RESPO978603
RS40063,4,18,14,5,2,1,3,20250614,20250702,20250624,6,381.25,2287.5,114.38,312.58,1875.48,2173.12,162.98,43.84,TRK184050,RESPO873577
RS40063,1,59,21,3,1,4,6,20241211,20241230,20241213,20,34.14,682.8,0.0,22.49,449.8,682.8,51.21,10.96,TRK948924,RESPO858214
RS40064,2,11,2,12,3,2,4,20251014,20251028,20251017,2,1246.13,2492.26,249.23,980.12,1960.24,2243.03,168.23,79.64,TRK560302,RESPO921716
RS40065,3,48,35,3,2,1,2,20250911,20250923,20250919,6,496.93,2981.58,149.08,452.27,2713.62,2832.5,212.44,45.05,TRK804830,RESPO220751
RS40066,5,38,33,10,1,1,2,20250712,20250727,20250721,3,1759.17,5277.51,0.0,1457.25,4371.75,5277.51,395.81,229.29,TRK401134,RESPO614996
RS40066,3,10,34,3,3,4,6,20241022,20241104,20241031,2,1246.82,2493.64,249.36,874.99,1749.98,2244.28,168.32,73.05,TRK142344,RESPO631778
RS40066,4,60,28,3,2,1,2,20240103,20240115,20240110,5,35.89,179.45,8.97,20.78,103.9,170.48,12.79,6.51,TRK192996,RESPO479025
RS40067,3,36,34,9,1,4,6,20250730,20250814,20250804,2,537.0,1074.0,0.0,520.44,1040.88,1074.0,80.55,20.73,TRK437264,RESPO487518
RS40068,1,47,4,12,3,2,4,20250119,20250205,20250128,2,559.21,1118.42,111.84,455.26,910.52,1006.58,75.49,40.8,TRK155613,RESPO526489
RS40069,1,31,14,8,3,1,3,20250725,20250813,20250804,5,607.14,3035.7,303.57,496.89,2484.45,2732.13,204.91,84.97,TRK293741,RESPO231875
RS40070,5,8,5,12,3,2,4,20250205,20250226,20250215,1,1216.49,1216.49,121.65,956.83,956.83,1094.84,82.11,26.11,TRK874379,RESPO105213
RS40071,2,34,17,6,3,1,2,20250525,20250607,20250530,5,538.63,2693.15,269.31,449.62,2248.1,2423.84,181.79,111.05,TRK653985,RESPO779207
RS40072,6,52,5,12,1,2,4,20240308,20240319,20240312,8,15.56,124.48,0.0,8.05,64.4,124.48,9.34,2.48,TRK647066,RESPO699177
RS40073,6,53,20,11,1,3,5,20250305,20250323,20250315,8,33.96,271.68,0.0,22.5,180.0,271.68,20.38,11.27,TRK551819,RESPO324263
RS40074,6,40,7,12,1,2,4,20240211,20240224,20240215,1,1651.91,1651.91,0.0,1421.92,1421.92,1651.91,123.89,72.31,TRK471904,RESPO886739
RS40075,5,38,24,14,1,4,6,20240822,20240908,20240826,1,1759.17,1759.17,0.0,1457.25,1457.25,1759.17,131.94,70.79,TRK408106,RESPO300982
RS40076,5,11,2,12,1,2,4,20241013,20241028,20241015,4,1246.13,4984.52,0.0,980.12,3920.48,4984.52,373.84,225.34,TRK909539,RESPO336838
RS40076,3,48,7,12,2,2,4,20250615,20250703,20250619,5,496.93,2484.65,124.23,452.27,2261.35,2360.42,177.03,50.15,TRK588303,RESPO739731
RS40077,2,44,4,12,2,2,4,20240228,20240320,20240304,3,576.77,1730.31,86.52,461.7,1385.1,1643.79,123.28,81.79,TRK319086,RESPO902209
RS40078,2,25,23,7,2,1,1,20240505,20240524,20240508,3,1797.15,5391.45,269.57,1485.17,4455.51,5121.88,384.14,147.59,TRK194432,RESPO199168
RS40079,2,59,39,8,3,1,3,20240506,20240516,20240509,20,34.14,682.8,68.28,22.49,449.8,614.52,46.09,20.93,TRK761518,RESPO811755
RS40080,4,64,13,6,1,1,2,20241126,20241216,20241128,8,32.57,260.56,0.0,23.51,188.08,260.56,19.54,13.02,TRK858498,RESPO180573
RS40081,4,65,6,13,4,1,2,20240407,20240426,20240417,10,49.64,496.4,74.46,28.43,284.3,421.94,31.65,13.15,TRK855274,RESPO649950
RS40082,4,2,1,9,3,3,5,20240131,20240208,20240210,2,1526.98,3053.96,305.4,1338.0,2676.0,2748.56,206.14,97.61,TRK234120,RESPO978283
RS40083,3,68,39,5,2,1,3,20241207,20241225,20241213,8,23.53,188.24,9.41,13.97,111.76,178.83,13.41,5.64,TRK963020,RESPO725026
RS40084,3,54,8,15,3,4,6,20251127,20251206,20251129,5,33.08,165.4,16.54,21.77,108.85,148.86,11.16,3.35,TRK179955,RESPO426346
RS40085,2,10,39,5,2,1,3,20250811,20250821,20250819,5,1246.82,6234.1,311.71,874.99,4374.95,5922.39,444.18,148.29,TRK655628,RESPO600534
RS40085,2,4,22,10,3,4,6,20250221,20250303,20250303,2,1683.4,3366.8,336.68,1307.47,2614.94,3030.12,227.26,66.1,TRK255065,RESPO177071
RS40085,6,58,16,11,1,3,5,20240319,20240406,20240325,10,37.61,376.1,0.0,23.3,233.0,376.1,28.21,6.86,TRK236369,RESPO644924
RS40085,4,53,35,3,2,1,2,20241211,20241224,20241213,10,33.96,339.6,16.98,22.5,225.0,322.62,24.2,7.52,TRK644566,RESPO827382
RS40085,1,15,7,12,3,2,4,20240119,20240203,20240124,4,410.41,1641.64,164.16,315.14,1260.56,1477.48,110.81,70.71,TRK478873,RESPO509563
RS40085,2,12,26,5,1,1,3,20250411,20250419,20250415,4,1157.64,4630.56,0.0,897.63,3590.52,4630.56,347.29,81.24,TRK904881,RESPO329222
RS40086,1,44,17,10,3,1,2,20250605,20250619,20250614,1,576.77,576.77,57.68,461.7,461.7,519.09,38.93,17.78,TRK545092,RESPO900117
RS40087,2,19,36,5,3,1,3,20241024,20241104,20241103,5,2711.94,13559.7,1355.97,2212.17,11060.85,12203.73,915.28,503.26,TRK105199,RESPO932371
RS40088,5,58,34,13,1,4,6,20240831,20240918,20240910,8,37.61,300.88,0.0,23.3,186.4,300.88,22.57,9.54,TRK243125,RESPO527249
RS40089,4,28,3,2,1,1,1,20240507,20240525,20240509,6,1800.62,10803.72,0.0,1544.51,9267.06,10803.72,810.28,182.25,TRK735103,RESPO962198
RS40090,2,65,4,12,2,2,4,20240307,20240328,20240309,15,49.64,744.6,37.23,28.43,426.45,707.37,53.05,30.5,TRK849367,RESPO575118
RS40091,5,22,17,13,2,1,2,20250930,20251016,20251008,5,2464.01,12320.05,616.0,2097.84,10489.2,11704.05,877.8,561.69,TRK918433,RESPO788674
RS40092,6,59,19,12,1,2,4,20250702,20250718,20250707,15,34.14,512.1,0.0,22.49,337.35,512.1,38.41,21.73,TRK254069,RESPO446401
RS40092,2,14,37,10,3,1,2,20241113,20241122,20241118,1,363.46,363.46,36.35,290.0,290.0,327.11,24.53,11.43,TRK213618,RESPO293938
RS40093,5,38,15,5,1,1,3,20250727,20250814,20250729,4,1759.17,7036.68,0.0,1457.25,5829.0,7036.68,527.75,342.14,TRK685009,RESPO595952
RS40094,2,51,10,1,3,3,5,20240201,20240212,20240211,12,5.31,63.72,6.37,2.07,24.84,57.35,4.3,2.15,TRK859589,RESPO339191
RS40094,5,29,34,6,2,4,6,20250105,20250114,20250115,6,533.41,3200.46,160.02,503.82,3022.92,3040.44,228.03,114.8,TRK893784,RESPO118349
RS40094,5,1,19,12,3,2,4,20240430,20240516,20240508,4,1619.34,6477.36,647.74,1293.6,5174.4,5829.62,437.22,287.73,TRK457920,RESPO131394
RS40095,3,19,36,8,3,1,3,20250711,20250719,20250721,5,2711.94,13559.7,1355.97,2212.17,11060.85,12203.73,915.28,472.03,TRK501010,RESPO700743
RS40096,4,45,25,12,1,2,4,20240809,20240817,20240813,6,499.27,2995.62,0.0,427.6,2565.6,2995.62,224.67,46.5,TRK903724,RESPO299529
RS40097,3,41,34,10,4,4,6,20240503,20240516,20240513,3,1733.34,5200.02,780.0,1425.74,4277.22,4420.02,331.5,105.27,TRK256187,RESPO352288
RS40098,2,40,38,8,3,1,3,20240131,20240207,20240202,6,1651.91,9911.46,991.15,1421.92,8531.52,8920.31,669.02,393.73,TRK800151,RESPO993604
RS40099,4,56,33,14,3,1,2,20250202,20250217,20250207,12,37.4,448.8,44.88,21.17,254.04,403.92,30.29,6.94,TRK178702,RESPO185159
RS40100,3,43,13,3,3,1,2,20250119,20250127,20250125,1,1688.85,1688.85,168.88,1415.45,1415.45,1519.97,114.0,50.88,TRK760458,RESPO735996
RS40101,5,42,5,12,1,2,4,20240630,20240714,20240708,4,1739.71,6958.84,0.0,1576.33,6305.32,6958.84,521.91,314.55,TRK757433,RESPO250625
RS40102,5,48,4,12,1,2,4,20240118,20240129,20240126,6,496.93,2981.58,0.0,452.27,2713.62,2981.58,223.62,138.2,TRK270196,RESPO161008
RS40103,3,18,29,12,3,4,6,20250225,20250304,20250307,4,381.25,1525.0,152.5,312.58,1250.32,1372.5,102.94,52.84,TRK937463,RESPO196541
RS40104,3,61,32,12,4,2,4,20250801,20250808,20250809,5,36.76,183.8,27.57,22.14,110.7,156.23,11.72,6.17,TRK649434,RESPO807403
RS40104,3,34,35,3,1,1,2,20250409,20250421,20250413,2,538.63,1077.26,0.0,449.62,899.24,1077.26,80.79,24.91,TRK312460,RESPO461487
RS40104,2,14,26,8,3,1,3,20250420,20250507,20250423,5,363.46,1817.3,181.73,290.0,1450.0,1635.57,122.67,25.14,TRK182412,RESPO732214
RS40105,6,1,11,8,1,1,3,20250308,20250320,20250312,1,1619.34,1619.34,0.0,1293.6,1293.6,1619.34,121.45,37.78,TRK590448,RESPO619829
RS40106,3,45,35,13,1,1,2,20250403,20250414,20250409,1,499.27,499.27,0.0,427.6,427.6,499.27,37.45,8.79,TRK721338,RESPO151573
RS40106,1,42,11,5,3,1,3,20241028,20241110,20241103,2,1739.71,3479.42,347.94,1576.33,3152.66,3131.48,234.86,102.9,TRK398593,RESPO155469
RS40107,2,58,16,9,1,3,5,20240414,20240505,20240423,20,37.61,752.2,0.0,23.3,466.0,752.2,56.41,21.77,TRK876907,RESPO929357
RS40107,5,66,32,12,1,2,4,20240614,20240629,20240618,8,45.36,362.88,0.0,25.09,200.72,362.88,27.22,13.56,TRK207309,RESPO758784
RS40107,6,34,13,14,1,1,2,20250713,20250730,20250722,4,538.63,2154.52,0.0,449.62,1798.48,2154.52,161.59,57.97,TRK345224,RESPO894693
RS40108,3,30,28,14,3,1,2,20250611,20250624,20250613,2,532.71,1065.42,106.54,476.63,953.26,958.88,71.92,20.33,TRK454912,RESPO340027
RS40109,4,58,37,3,3,1,2,20250825,20250911,20250828,12,37.61,451.32,45.13,23.3,279.6,406.19,30.46,13.84,TRK575606,RESPO601556
RS40110,1,52,4,12,3,2,4,20250614,20250626,20250616,8,15.56,124.48,12.45,8.05,64.4,112.03,8.4,4.74,TRK494387,RESPO666881
RS40111,4,11,10,9,1,3,5,20241223,20250109,20241230,2,1246.13,2492.26,0.0,980.12,1960.24,2492.26,186.92,65.99,TRK115552,RESPO915044
RS40111,5,70,22,8,2,4,6,20250218,20250307,20250222,5,26.27,131.35,6.57,13.17,65.85,124.78,9.36,4.36,TRK176287,RESPO698336
RS40112,6,42,9,12,3,2,4,20240210,20240221,20240215,4,1739.71,6958.84,695.88,1576.33,6305.32,6262.96,469.72,216.16,TRK550846,RESPO753721
RS40112,3,70,39,8,3,1,3,20240611,20240630,20240613,15,26.27,394.05,39.41,13.17,197.55,354.64,26.6,6.89,TRK734563,RESPO825397
RS40113,2,70,15,8,2,1,3,20240913,20240924,20240920,20,26.27,525.4,26.27,13.17,263.4,499.13,37.43,16.35,TRK987237,RESPO871148
RS40114,4,66,40,5,1,1,3,20241221,20250109,20241223,20,45.36,907.2,0.0,25.09,501.8,907.2,68.04,27.96,TRK829054,RESPO786642
RS40115,2,12,29,6,1,4,6,20250711,20250726,20250715,2,1157.64,2315.28,0.0,897.63,1795.26,2315.28,173.65,67.28,TRK127491,RESPO745485
RS40116,4,36,29,7,4,4,6,20240306,20240320,20240316,1,537.0,537.0,80.55,520.44,520.44,456.45,34.23,18.34,TRK616393,RESPO503150
RS40116,2,20,35,14,3,1,2,20250601,20250613,20250611,5,2725.25,13626.25,1362.62,2197.87,10989.35,12263.63,919.77,397.38,TRK704823,RESPO305681
RS40117,2,5,32,12,1,2,4,20250212,20250224,20250214,6,1564.21,9385.26,0.0,1294.67,7768.02,9385.26,703.89,352.17,TRK829286,RESPO382410
RS40118,1,47,2,12,2,2,4,20241205,20241222,20241208,4,559.21,2236.84,111.84,455.26,1821.04,2125.0,159.38,82.87,TRK276076,RESPO393178
RS40119,5,23,35,10,1,1,2,20240705,20240718,20240710,3,1640.7,4922.1,0.0,1453.1,4359.3,4922.1,369.16,234.77,TRK247172,RESPO470168
RS40119,3,38,40,5,1,1,3,20240516,20240604,20240524,6,1759.17,10555.02,0.0,1457.25,8743.5,10555.02,791.63,410.84,TRK970641,RESPO332990
RS40120,3,70,13,14,1,1,2,20240617,20240626,20240627,5,26.27,131.35,0.0,13.17,65.85,131.35,9.85,3.17,TRK898488,RESPO454301
RS40120,2,23,31,12,1,2,4,20250812,20250901,20250817,4,1640.7,6562.8,0.0,1453.1,5812.4,6562.8,492.21,137.92,TRK460002,RESPO655473
RS40121,3,48,39,5,3,1,3,20250531,20250612,20250602,2,496.93,993.86,99.39,452.27,904.54,894.47,67.09,16.74,TRK777192,RESPO613416
RS40122,6,34,34,7,1,4,6,20250916,20250927,20250922,5,538.63,2693.15,0.0,449.62,2248.1,2693.15,201.99,70.6,TRK335097,RESPO107971
RS40123,1,40,13,14,3,1,2,20250608,20250629,20250617,1,1651.91,1651.91,165.19,1421.92,1421.92,1486.72,111.5,65.19,TRK728098,RESPO607771
RS40124,1,7,11,5,3,1,3,20241207,20241215,20241214,5,1098.01,5490.05,549.0,904.22,4521.1,4941.05,370.58,174.76,TRK320395,RESPO513695
RS40125,2,12,20,11,1,3,5,20241130,20241218,20241204,3,1157.64,3472.92,0.0,897.63,2692.89,3472.92,260.47,152.69,TRK483894,RESPO749466
RS40125,4,54,14,8,3,1,3,20250621,20250711,20250628,20,33.08,661.6,66.16,21.77,435.4,595.44,44.66,10.96,TRK148016,RESPO116836
RS40125,1,35,40,5,3,1,3,20240421,20240428,20240428,6,546.42,3278.52,327.85,467.94,2807.64,2950.67,221.3,73.54,TRK285938,RESPO578814
RS40126,2,68,25,12,2,2,4,20250429,20250518,20250508,20,23.53,470.6,23.53,13.97,279.4,447.07,33.53,15.49,TRK107053,RESPO384879
RS40126,3,17,24,4,1,4,6,20241222,20250106,20241230,5,391.05,1955.25,0.0,333.47,1667.35,1955.25,146.64,56.85,TRK536294,RESPO161204
RS40127,4,65,21,7,1,4,6,20241013,20241031,20241020,12,49.64,595.68,0.0,28.43,341.16,595.68,44.68,15.16,TRK634992,RESPO453669
RS40127,3,70,18,7,2,1,1,20250308,20250327,20250314,10,26.27,262.7,13.13,13.17,131.7,249.57,18.72,12.17,TRK286410,RESPO626417
RS40128,1,39,9,12,3,2,4,20250314,20250404,20250316,1,1830.33,1830.33,183.03,1472.24,1472.24,1647.3,123.55,81.52,TRK144957,RESPO263518
RS40129,6,48,20,9,2,3,5,20240825,20240915,20240828,5,496.93,2484.65,124.23,452.27,2261.35,2360.42,177.03,41.42,TRK938139,RESPO441813
RS40130,6,9,21,4,1,4,6,20250507,20250520,20250517,1,1134.86,1134.86,0.0,963.57,963.57,1134.86,85.11,18.37,TRK874011,RESPO290997
RS40131,5,37,7,12,3,2,4,20250621,20250709,20250630,3,596.94,1790.82,179.08,471.59,1414.77,1611.74,120.88,58.98,TRK251070,RESPO623852
RS40132,1,55,15,8,3,1,3,20241026,20241104,20241102,20,35.02,700.4,70.04,23.6,472.0,630.36,47.28,23.64,TRK987056,RESPO640345
RS40132,2,48,11,8,3,1,3,20240312,20240330,20240322,2,496.93,993.86,99.39,452.27,904.54,894.47,67.09,29.88,TRK946965,RESPO956011
RS40132,1,18,7,12,1,2,4,20250913,20250930,20250919,1,381.25,381.25,0.0,312.58,312.58,381.25,28.59,7.63,TRK754382,RESPO197102
RS40133,6,49,4,12,1,2,4,20250301,20250316,20250310,1,576.65,576.65,0.0,463.15,463.15,576.65,43.25,13.95,TRK461766,RESPO125402
RS40134,2,22,35,13,1,1,2,20240330,20240420,20240406,4,2464.01,9856.04,0.0,2097.84,8391.36,9856.04,739.2,377.29,TRK603399,RESPO586813
RS40135,5,34,21,12,2,4,6,20240929,20241006,20241006,3,538.63,1615.89,80.79,449.62,1348.86,1535.1,115.13,49.02,TRK249365,RESPO748661
RS40136,1,66,6,13,3,1,2,20250721,20250805,20250725,12,45.36,544.32,54.43,25.09,301.08,489.89,36.74,11.48,TRK853180,RESPO560887
RS40136,6,61,8,3,1,4,6,20240808,20240818,20240812,5,36.76,183.8,0.0,22.14,110.7,183.8,13.79,4.03,TRK978560,RESPO130688
RS40137,4,24,21,3,2,4,6,20250803,20250824,20250807,2,1646.67,3293.34,164.67,1464.07,2928.14,3128.67,234.65,146.54,TRK205706,RESPO868401
RS40138,2,42,28,14,2,1,2,20240829,20240910,20240905,1,1739.71,1739.71,86.99,1576.33,1576.33,1652.72,123.95,56.79,TRK836593,RESPO356399
RS40139,6,70,37,6,2,1,2,20241111,20241128,20241120,10,26.27,262.7,13.13,13.17,131.7,249.57,18.72,6.07,TRK872921,RESPO879784
RS40140,3,29,32,12,1,2,4,20240121,20240206,20240130,4,533.41,2133.64,0.0,503.82,2015.28,2133.64,160.02,74.65,TRK740903,RESPO850246
RS40141,2,24,8,15,2,4,6,20250819,20250902,20250822,4,1646.67,6586.68,329.33,1464.07,5856.28,6257.35,469.3,189.96,TRK269963,RESPO158130
RS40142,2,32,22,11,1,4,6,20250623,20250707,20250630,5,568.17,2840.85,0.0,500.36,2501.8,2840.85,213.06,133.16,TRK244992,RESPO707732
RS40143,3,67,36,5,1,1,3,20251122,20251205,20251124,8,49.63,397.04,0.0,28.93,231.44,397.04,29.78,16.42,TRK674598,RESPO297594
RS40143,4,5,12,1,3,3,5,20250515,20250530,20250525,3,1564.21,4692.63,469.26,1294.67,3884.01,4223.37,316.75,153.01,TRK630490,RESPO696557
RS40144,2,45,29,11,2,4,6,20250116,20250202,20250126,2,499.27,998.54,49.93,427.6,855.2,948.61,71.15,36.39,TRK513501,RESPO163838
RS40145,5,26,3,2,4,1,1,20240829,20240918,20240905,3,1722.43,5167.29,775.09,1447.45,4342.35,4392.2,329.41,207.7,TRK214798,RESPO582570
RS40145,1,45,5,12,3,2,4,20250807,20250826,20250811,2,499.27,998.54,99.85,427.6,855.2,898.69,67.4,41.74,TRK774141,RESPO705225
RS40145,5,45,11,5,1,1,3,20250504,20250514,20250506,1,499.27,499.27,0.0,427.6,427.6,499.27,37.45,12.33,TRK741812,RESPO963239
RS40146,1,1,13,14,4,1,2,20240325,20240410,20240328,4,1619.34,6477.36,971.6,1293.6,5174.4,5505.76,412.93,123.13,TRK252236,RESPO517143
RS40146,4,20,4,12,1,2,4,20240430,20240513,20240509,1,2725.25,2725.25,0.0,2197.87,2197.87,2725.25,204.39,123.55,TRK889221,RESPO792251
RS40147,4,7,9,12,3,2,4,20251120,20251128,20251124,5,1098.01,5490.05,549.0,904.22,4521.1,4941.05,370.58,89.55,TRK289485,RESPO143884
RS40148,4,5,8,8,2,4,6,20251108,20251129,20251113,2,1564.21,3128.42,156.42,1294.67,2589.34,2972.0,222.9,121.82,TRK307567,RESPO753235
RS40149,6,5,14,8,1,1,3,20250124,20250202,20250202,5,1564.21,7821.05,0.0,1294.67,6473.35,7821.05,586.58,209.65,TRK782231,RESPO797453
RS40150,1,67,20,1,3,3,5,20241015,20241103,20241025,8,49.63,397.04,39.7,28.93,231.44,357.34,26.8,7.56,TRK816221,RESPO513960
RS40150,2,18,34,15,3,4,6,20250813,20250829,20250819,3,381.25,1143.75,114.38,312.58,937.74,1029.37,77.2,39.4,TRK493820,RESPO235064
RS40150,1,25,2,12,2,2,4,20240308,20240327,20240313,3,1797.15,5391.45,269.57,1485.17,4455.51,5121.88,384.14,222.12,TRK850437,RESPO799348
RS40151,4,45,37,6,2,1,2,20240118,20240126,20240122,6,499.27,2995.62,149.78,427.6,2565.6,2845.84,213.44,120.02,TRK388842,RESPO300022
RS40151,2,46,28,14,1,1,2,20250131,20250220,20250202,3,500.88,1502.64,0.0,470.4,1411.2,1502.64,112.7,38.68,TRK371955,RESPO178589
RS40152,4,4,10,9,3,3,5,20250308,20250318,20250318,4,1683.4,6733.6,673.36,1307.47,5229.88,6060.24,454.52,117.02,TRK618895,RESPO391431
RS40152,1,22,4,12,2,2,4,20240328,20240410,20240402,4,2464.01,9856.04,492.8,2097.84,8391.36,9363.24,702.24,281.77,TRK236301,RESPO232626
RS40153,6,68,19,12,1,2,4,20240611,20240618,20240616,10,23.53,235.3,0.0,13.97,139.7,235.3,17.65,10.35,TRK835262,RESPO844836
RS40153,4,5,19,12,1,2,4,20250922,20251008,20251001,1,1564.21,1564.21,0.0,1294.67,1294.67,1564.21,117.32,43.35,TRK486469,RESPO543745
RS40154,2,9,20,11,2,3,5,20241222,20250101,20241228,4,1134.86,4539.44,226.97,963.57,3854.28,4312.47,323.44,120.83,TRK602867,RESPO982459
RS40155,1,18,7,12,1,2,4,20240423,20240512,20240503,4,381.25,1525.0,0.0,312.58,1250.32,1525.0,114.38,25.23,TRK228594,RESPO140611
RS40155,1,4,14,8,1,1,3,20250405,20250419,20250409,5,1683.4,8417.0,0.0,1307.47,6537.35,8417.0,631.27,243.69,TRK544392,RESPO641358
RS40156,5,70,3,2,1,1,1,20251117,20251124,20251120,15,26.27,394.05,0.0,13.17,197.55,394.05,29.55,10.96,TRK459366,RESPO838516
RS40157,4,60,4,12,1,2,4,20250222,20250312,20250227,8,35.89,287.12,0.0,20.78,166.24,287.12,21.53,8.86,TRK448273,RESPO183579
RS40157,2,37,4,12,4,2,4,20250518,20250526,20250523,5,596.94,2984.7,447.7,471.59,2357.95,2537.0,190.28,64.71,TRK125994,RESPO118276
RS40158,6,56,37,6,1,1,2,20250624,20250707,20250630,10,37.4,374.0,0.0,21.17,211.7,374.0,28.05,14.46,TRK620276,RESPO131125
RS40158,5,16,14,5,1,1,3,20251118,20251201,20251122,3,407.91,1223.73,0.0,321.39,964.17,1223.73,91.78,52.78,TRK962543,RESPO949206
RS40159,5,33,29,14,3,4,6,20250323,20250331,20250402,4,593.93,2375.72,237.57,507.46,2029.84,2138.15,160.36,93.68,TRK352232,RESPO971044
RS40160,3,61,9,12,1,2,4,20240929,20241011,20241001,5,36.76,183.8,0.0,22.14,110.7,183.8,13.79,5.35,TRK891775,RESPO171105
RS40161,1,7,8,8,1,4,6,20250423,20250511,20250429,5,1098.01,5490.05,0.0,904.22,4521.1,5490.05,411.75,106.24,TRK714008,RESPO347413
RS40162,3,9,35,14,3,1,2,20251008,20251018,20251011,6,1134.86,6809.16,680.92,963.57,5781.42,6128.24,459.62,241.3,TRK432048,RESPO922563
RS40163,5,6,12,11,2,3,5,20240208,20240228,20240217,5,1512.69,7563.45,378.17,1401.2,7006.0,7185.28,538.9,310.94,TRK514187,RESPO921376
RS40164,6,68,39,8,1,1,3,20240307,20240315,20240315,20,23.53,470.6,0.0,13.97,279.4,470.6,35.3,10.33,TRK500788,RESPO732277
RS40165,1,38,36,5,3,1,3,20240411,20240425,20240420,4,1759.17,7036.68,703.67,1457.25,5829.0,6333.01,474.98,127.9,TRK698755,RESPO379103
RS40165,6,30,16,9,1,3,5,20240803,20240819,20240809,3,532.71,1598.13,0.0,476.63,1429.89,1598.13,119.86,65.19,TRK711177,RESPO696076
RS40166,6,58,8,13,1,4,6,20240927,20241006,20240929,5,37.61,188.05,0.0,23.3,116.5,188.05,14.1,3.91,TRK324754,RESPO589966
RS40167,2,66,4,12,3,2,4,20240418,20240505,20240420,15,45.36,680.4,68.04,25.09,376.35,612.36,45.93,11.09,TRK761467,RESPO942268
RS40168,5,13,17,14,1,1,2,20251201,20251217,20251211,1,417.24,417.24,0.0,301.9,301.9,417.24,31.29,16.51,TRK917930,RESPO713115
RS40168,5,19,29,15,1,4,6,20250331,20250415,20250406,1,2711.94,2711.94,0.0,2212.17,2212.17,2711.94,203.4,132.04,TRK793618,RESPO632904
RS40169,3,10,2,12,1,2,4,20240521,20240605,20240531,3,1246.82,3740.46,0.0,874.99,2624.97,3740.46,280.53,77.15,TRK873267,RESPO344462
RS40170,1,57,37,14,1,1,2,20240112,20240123,20240122,10,35.28,352.8,0.0,20.87,208.7,352.8,26.46,11.95,TRK149096,RESPO539130
RS40171,1,41,31,12,1,2,4,20240703,20240714,20240711,6,1733.34,10400.04,0.0,1425.74,8554.44,10400.04,780.0,462.53,TRK195948,RESPO901751
RS40172,6,21,6,14,2,1,2,20250827,20250909,20250906,4,2660.48,10641.92,532.1,2013.24,8052.96,10109.82,758.24,247.33,TRK629202,RESPO257744
RS40173,6,51,30,15,2,3,5,20240930,20241008,20241006,20,5.31,106.2,5.31,2.07,41.4,100.89,7.57,1.67,TRK928868,RESPO192732
RS40174,2,55,38,5,1,1,3,20250521,20250604,20250527,10,35.02,350.2,0.0,23.6,236.0,350.2,26.26,16.28,TRK806942,RESPO947752
RS40175,6,29,36,8,1,1,3,20240419,20240506,20240427,6,533.41,3200.46,0.0,503.82,3022.92,3200.46,240.03,135.27,TRK290552,RESPO407075
RS40176,6,54,3,7,1,1,1,20250916,20250927,20250924,20,33.08,661.6,0.0,21.77,435.4,661.6,49.62,18.64,TRK126865,RESPO378548
RS40177,4,66,29,5,1,4,6,20240112,20240121,20240116,8,45.36,362.88,0.0,25.09,200.72,362.88,27.22,7.39,TRK472843,RESPO708171
RS40178,2,53,16,11,1,3,5,20240101,20240112,20240111,15,33.96,509.4,0.0,22.5,337.5,509.4,38.2,16.6,TRK519567,RESPO658580
RS40179,2,30,33,14,3,1,2,20240520,20240608,20240530,1,532.71,532.71,53.27,476.63,476.63,479.44,35.96,23.72,TRK566799,RESPO731182
RS40180,1,9,37,13,2,1,2,20240305,20240321,20240310,1,1134.86,1134.86,56.74,963.57,963.57,1078.12,80.86,19.54,TRK475125,RESPO793298
RS40181,1,21,39,5,1,1,3,20240826,20240907,20240830,6,2660.48,15962.88,0.0,2013.24,12079.44,15962.88,1197.22,358.64,TRK360702,RESPO145918
RS40182,2,42,17,14,1,1,2,20241206,20241218,20241212,5,1739.71,8698.55,0.0,1576.33,7881.65,8698.55,652.39,367.88,TRK886931,RESPO416762
RS40183,2,19,32,12,2,2,4,20250315,20250402,20250321,1,2711.94,2711.94,135.6,2212.17,2212.17,2576.34,193.23,67.31,TRK386890,RESPO129627
RS40183,1,54,37,13,1,1,2,20250510,20250529,20250520,5,33.08,165.4,0.0,21.77,108.85,165.4,12.4,7.67,TRK232935,RESPO834207
RS40183,1,69,17,14,2,1,2,20250713,20250802,20250721,15,23.46,351.9,17.59,14.58,218.7,334.31,25.07,11.35,TRK584153,RESPO973807
RS40183,1,19,36,5,1,1,3,20241004,20241023,20241009,3,2711.94,8135.82,0.0,2212.17,6636.51,8135.82,610.19,239.84,TRK980525,RESPO442305
RS40184,5,24,40,8,1,1,3,20240928,20241014,20241003,6,1646.67,9880.02,0.0,1464.07,8784.42,9880.02,741.0,336.98,TRK832829,RESPO710029
RS40184,3,57,26,8,1,1,3,20241115,20241127,20241121,15,35.28,529.2,0.0,20.87,313.05,529.2,39.69,20.69,TRK428786,RESPO942613
RS40185,6,15,4,12,1,2,4,20250905,20250924,20250914,5,410.41,2052.05,0.0,315.14,1575.7,2052.05,153.9,79.59,TRK478867,RESPO358365
RS40185,2,6,25,12,1,2,4,20240321,20240410,20240331,1,1512.69,1512.69,0.0,1401.2,1401.2,1512.69,113.45,45.06,TRK889269,RESPO908758
RS40186,1,51,36,5,1,1,3,20250224,20250311,20250302,12,5.31,63.72,0.0,2.07,24.84,63.72,4.78,3.13,TRK443569,RESPO490477
RS40187,3,8,39,8,1,1,3,20240126,20240214,20240130,4,1216.49,4865.96,0.0,956.83,3827.32,4865.96,364.95,174.17,TRK413223,RESPO656115
RS40188,3,33,38,5,1,1,3,20250120,20250208,20250130,1,593.93,593.93,0.0,507.46,507.46,593.93,44.54,29.67,TRK743186,RESPO556034
RS40189,3,64,28,13,1,1,2,20250322,20250403,20250330,5,32.57,162.85,0.0,23.51,117.55,162.85,12.21,3.94,TRK481878,RESPO613832
RS40189,2,44,29,9,2,4,6,20241111,20241130,20241121,1,576.77,576.77,28.84,461.7,461.7,547.93,41.09,22.95,TRK944381,RESPO738174
RS40190,4,55,2,12,3,2,4,20250113,20250201,20250117,8,35.02,280.16,28.02,23.6,188.8,252.14,18.91,6.06,TRK995786,RESPO764307
RS40191,5,54,12,11,1,3,5,20240421,20240503,20240426,20,33.08,661.6,0.0,21.77,435.4,661.6,49.62,19.11,TRK156307,RESPO109600
RS40191,4,21,28,6,1,1,2,20241028,20241110,20241106,1,2660.48,2660.48,0.0,2013.24,2013.24,2660.48,199.54,56.77,TRK827658,RESPO788541
RS40192,1,40,31,12,3,2,4,20250919,20250928,20250925,2,1651.91,3303.82,330.38,1421.92,2843.84,2973.44,223.01,51.61,TRK843588,RESPO204768
RS40192,1,48,6,14,1,1,2,20250613,20250702,20250623,3,496.93,1490.79,0.0,452.27,1356.81,1490.79,111.81,55.73,TRK115743,RESPO213610
RS40192,2,67,31,12,2,2,4,20250726,20250811,20250802,12,49.63,595.56,29.78,28.93,347.16,565.78,42.43,11.02,TRK565660,RESPO923754
RS40192,6,35,1,15,4,3,5,20250222,20250313,20250302,2,546.42,1092.84,163.93,467.94,935.88,928.91,69.67,39.7,TRK179838,RESPO254428
RS40192,3,22,8,1,1,4,6,20240822,20240901,20240830,2,2464.01,4928.02,0.0,2097.84,4195.68,4928.02,369.6,200.77,TRK462512,RESPO830264
RS40192,5,50,38,5,2,1,3,20251012,20251021,20251018,12,27.1,325.2,16.26,13.75,165.0,308.94,23.17,6.46,TRK234130,RESPO229400
RS40193,4,30,36,8,1,1,3,20241001,20241012,20241007,3,532.71,1598.13,0.0,476.63,1429.89,1598.13,119.86,26.61,TRK784532,RESPO485275
RS40194,2,60,19,12,1,2,4,20240720,20240730,20240724,20,35.89,717.8,0.0,20.78,415.6,717.8,53.83,32.01,TRK847556,RESPO569184
RS40194,4,69,19,12,3,2,4,20240327,20240415,20240401,20,23.46,469.2,46.92,14.58,291.6,422.28,31.67,13.0,TRK354695,RESPO796776
RS40195,1,22,19,12,1,2,4,20250722,20250812,20250731,2,2464.01,4928.02,0.0,2097.84,4195.68,4928.02,369.6,166.87,TRK470808,RESPO848910
RS40195,3,70,1,1,2,3,5,20250131,20250212,20250205,5,26.27,131.35,6.57,13.17,65.85,124.78,9.36,6.07,TRK134812,RESPO505393
RS40195,3,30,39,8,1,1,3,20240528,20240617,20240602,6,532.71,3196.26,0.0,476.63,2859.78,3196.26,239.72,77.79,TRK420427,RESPO112389
RS40196,5,14,3,7,2,1,1,20250209,20250302,20250212,1,363.46,363.46,18.17,290.0,290.0,345.29,25.9,10.5,TRK983488,RESPO545628
RS40197,4,23,23,4,1,1,1,20251117,20251124,20251127,3,1640.7,4922.1,0.0,1453.1,4359.3,4922.1,369.16,238.44,TRK320479,RESPO959254
RS40197,1,47,35,3,2,1,2,20240810,20240817,20240817,4,559.21,2236.84,111.84,455.26,1821.04,2125.0,159.38,65.37,TRK352626,RESPO774915
RS40198,5,16,39,5,1,1,3,20250529,20250616,20250606,5,407.91,2039.55,0.0,321.39,1606.95,2039.55,152.97,67.18,TRK942955,RESPO752317
RS40198,5,55,37,14,1,1,2,20240607,20240614,20240613,15,35.02,525.3,0.0,23.6,354.0,525.3,39.4,24.15,TRK429779,RESPO604617
RS40199,2,18,38,8,1,1,3,20250405,20250412,20250408,1,381.25,381.25,0.0,312.58,312.58,381.25,28.59,14.81,TRK864306,RESPO727276
RS40200,5,49,35,10,1,1,2,20240727,20240810,20240731,2,576.65,1153.3,0.0,463.15,926.3,1153.3,86.5,50.87,TRK646794,RESPO346903
RS40201,2,14,16,9,4,3,5,20251106,20251127,20251111,1,363.46,363.46,54.52,290.0,290.0,308.94,23.17,10.58,TRK280777,RESPO642198
RS40202,1,7,33,14,3,1,2,20240620,20240627,20240624,5,1098.01,5490.05,549.0,904.22,4521.1,4941.05,370.58,99.31,TRK341192,RESPO284265
RS40203,1,3,1,1,1,3,5,20250417,20250502,20250427,6,1643.93,9863.58,0.0,1439.58,8637.48,9863.58,739.77,297.77,TRK940997,RESPO809608
RS40204,1,50,31,12,1,2,4,20241029,20241109,20241031,5,27.1,135.5,0.0,13.75,68.75,135.5,10.16,2.93,TRK859699,RESPO346658
RS40204,4,38,36,8,1,1,3,20240328,20240408,20240405,6,1759.17,10555.02,0.0,1457.25,8743.5,10555.02,791.63,376.15,TRK921075,RESPO887559
RS40205,1,18,36,5,1,1,3,20250825,20250901,20250827,3,381.25,1143.75,0.0,312.58,937.74,1143.75,85.78,29.82,TRK308200,RESPO868957
RS40205,5,59,2,12,1,2,4,20241012,20241025,20241021,8,34.14,273.12,0.0,22.49,179.92,273.12,20.48,13.12,TRK974607,RESPO178153
RS40206,4,3,22,15,1,4,6,20250319,20250330,20250322,6,1643.93,9863.58,0.0,1439.58,8637.48,9863.58,739.77,483.67,TRK177411,RESPO113675
RS40207,4,48,26,8,2,1,3,20240818,20240902,20240825,1,496.93,496.93,24.85,452.27,452.27,472.08,35.41,23.39,TRK205456,RESPO518196
RS40208,2,35,40,8,1,1,3,20240116,20240129,20240124,1,546.42,546.42,0.0,467.94,467.94,546.42,40.98,15.22,TRK674865,RESPO312129
RS40209,5,19,19,12,2,2,4,20250801,20250815,20250803,5,2711.94,13559.7,677.99,2212.17,11060.85,12881.71,966.13,473.58,TRK653600,RESPO345450
RS40210,6,56,35,14,1,1,2,20251012,20251029,20251021,15,37.4,561.0,0.0,21.17,317.55,561.0,42.07,19.52,TRK919555,RESPO744208
RS40211,1,47,5,12,3,2,4,20250315,20250331,20250324,3,559.21,1677.63,167.76,455.26,1365.78,1509.87,113.24,32.19,TRK495370,RESPO124509
RS40212,3,31,39,5,3,1,3,20240515,20240529,20240525,1,607.14,607.14,60.71,496.89,496.89,546.43,40.98,16.45,TRK705355,RESPO686225
RS40212,5,49,12,1,4,3,5,20250720,20250801,20250724,3,576.65,1729.95,259.49,463.15,1389.45,1470.46,110.28,66.05,TRK176377,RESPO922046
RS40213,6,47,30,11,1,3,5,20240430,20240508,20240504,5,559.21,2796.05,0.0,455.26,2276.3,2796.05,209.7,87.01,TRK611996,RESPO411215
RS40214,5,24,25,12,1,2,4,20251022,20251109,20251030,1,1646.67,1646.67,0.0,1464.07,1464.07,1646.67,123.5,56.48,TRK244463,RESPO556909
RS40215,4,23,18,2,2,1,1,20250503,20250510,20250509,2,1640.7,3281.4,164.07,1453.1,2906.2,3117.33,233.8,83.23,TRK856029,RESPO866940
RS40216,4,35,24,15,1,4,6,20250720,20250809,20250722,2,546.42,1092.84,0.0,467.94,935.88,1092.84,81.96,29.65,TRK434454,RESPO556253
RS40217,5,17,33,3,1,1,2,20250110,20250117,20250112,5,391.05,1955.25,0.0,333.47,1667.35,1955.25,146.64,63.34,TRK166447,RESPO762824
RS40218,2,29,26,8,1,1,3,20240224,20240306,20240304,4,533.41,2133.64,0.0,503.82,2015.28,2133.64,160.02,66.31,TRK286253,RESPO627537
RS40218,5,42,11,8,1,1,3,20250512,20250521,20250516,1,1739.71,1739.71,0.0,1576.33,1576.33,1739.71,130.48,57.77,TRK822308,RESPO374535
RS40218,3,31,29,2,4,4,6,20240315,20240322,20240324,2,607.14,1214.28,182.14,496.89,993.78,1032.14,77.41,29.55,TRK169112,RESPO161779
RS40218,1,8,23,2,2,1,1,20240102,20240122,20240105,1,1216.49,1216.49,60.82,956.83,956.83,1155.67,86.68,42.03,TRK430284,RESPO294961
RS40219,2,11,28,3,1,1,2,20250327,20250403,20250329,6,1246.13,7476.78,0.0,980.12,5880.72,7476.78,560.76,126.08,TRK584835,RESPO174323
RS40219,6,41,28,3,4,1,2,20240919,20240927,20240929,1,1733.34,1733.34,260.0,1425.74,1425.74,1473.34,110.5,68.82,TRK701885,RESPO923349
RS40220,4,42,20,11,3,3,5,20240524,20240609,20240603,2,1739.71,3479.42,347.94,1576.33,3152.66,3131.48,234.86,134.37,TRK700922,RESPO323701
RS40221,6,45,27,9,1,3,5,20250428,20250506,20250508,5,499.27,2496.35,0.0,427.6,2138.0,2496.35,187.23,104.37,TRK248112,RESPO597166
RS40222,2,40,13,14,1,1,2,20240313,20240325,20240323,1,1651.91,1651.91,0.0,1421.92,1421.92,1651.91,123.89,26.83,TRK796241,RESPO740442
RS40222,6,29,26,5,1,1,3,20241030,20241111,20241108,1,533.41,533.41,0.0,503.82,503.82,533.41,40.01,11.98,TRK368470,RESPO649472
RS40222,4,44,16,9,1,3,5,20250219,20250226,20250227,4,576.77,2307.08,0.0,461.7,1846.8,2307.08,173.03,104.21,TRK569557,RESPO303168
RS40223,2,29,38,8,3,1,3,20250530,20250611,20250604,3,533.41,1600.23,160.02,503.82,1511.46,1440.21,108.02,31.44,TRK501211,RESPO936547
RS40223,3,52,20,9,1,3,5,20241208,20241226,20241210,15,15.56,233.4,0.0,8.05,120.75,233.4,17.5,3.93,TRK512586,RESPO477598
RS40224,6,43,29,6,1,4,6,20250210,20250302,20250212,1,1688.85,1688.85,0.0,1415.45,1415.45,1688.85,126.66,34.76,TRK722924,RESPO135666
RS40224,6,43,35,10,1,1,2,20251006,20251022,20251009,1,1688.85,1688.85,0.0,1415.45,1415.45,1688.85,126.66,66.7,TRK344916,RESPO204574
RS40225,2,13,6,13,3,1,2,20240407,20240419,20240413,5,417.24,2086.2,208.62,301.9,1509.5,1877.58,140.82,67.66,TRK838364,RESPO566810
RS40226,2,7,25,12,2,2,4,20250219,20250303,20250225,2,1098.01,2196.02,109.8,904.22,1808.44,2086.22,156.47,83.65,TRK832569,RESPO187197
RS40226,5,1,12,1,1,3,5,20250324,20250405,20250326,6,1619.34,9716.04,0.0,1293.6,7761.6,9716.04,728.7,452.18,TRK111089,RESPO265579
RS40226,3,7,27,1,1,3,5,20240807,20240826,20240813,3,1098.01,3294.03,0.0,904.22,2712.66,3294.03,247.05,148.89,TRK561535,RESPO764499
RS40227,2,44,40,5,1,1,3,20250519,20250608,20250523,4,576.77,2307.08,0.0,461.7,1846.8,2307.08,173.03,42.67,TRK586220,RESPO723861
RS40228,2,7,36,8,2,1,3,20251121,20251208,20251124,6,1098.01,6588.06,329.4,904.22,5425.32,6258.66,469.4,174.09,TRK150483,RESPO110195
RS40228,1,37,26,5,3,1,3,20240113,20240120,20240119,3,596.94,1790.82,179.08,471.59,1414.77,1611.74,120.88,35.64,TRK465124,RESPO232179
RS40229,6,28,3,4,1,1,1,20241018,20241103,20241021,1,1800.62,1800.62,0.0,1544.51,1544.51,1800.62,135.05,31.07,TRK332135,RESPO785707
RS40230,3,23,22,9,1,4,6,20240906,20240915,20240908,3,1640.7,4922.1,0.0,1453.1,4359.3,4922.1,369.16,230.48,TRK478898,RESPO506766
RS40231,1,5,5,12,4,2,4,20250806,20250819,20250814,4,1564.21,6256.84,938.53,1294.67,5178.68,5318.31,398.87,254.85,TRK964286,RESPO674093
RS40232,2,10,4,12,1,2,4,20240926,20241010,20241006,6,1246.82,7480.92,0.0,874.99,5249.94,7480.92,561.07,123.76,TRK380028,RESPO828118
RS40232,3,28,9,12,3,2,4,20241110,20241130,20241115,5,1800.62,9003.1,900.31,1544.51,7722.55,8102.79,607.71,286.33,TRK121507,RESPO102914
RS40233,2,63,26,8,3,1,3,20240609,20240626,20240616,12,32.46,389.52,38.95,21.38,256.56,350.57,26.29,9.36,TRK968684,RESPO111591
RS40234,1,64,5,12,1,2,4,20240513,20240527,20240523,12,32.57,390.84,0.0,23.51,282.12,390.84,29.31,18.16,TRK367146,RESPO292697
RS40235,3,8,38,5,3,1,3,20240602,20240622,20240605,6,1216.49,7298.94,729.89,956.83,5740.98,6569.05,492.68,148.85,TRK173131,RESPO115973
RS40236,5,6,3,7,3,1,1,20240217,20240303,20240225,4,1512.69,6050.76,605.08,1401.2,5604.8,5445.68,408.43,149.57,TRK635231,RESPO365580
RS40236,5,2,16,9,1,3,5,20250206,20250227,20250208,1,1526.98,1526.98,0.0,1338.0,1338.0,1526.98,114.52,46.64,TRK395268,RESPO811289
RS40236,2,59,22,6,2,4,6,20250710,20250718,20250714,15,34.14,512.1,25.61,22.49,337.35,486.49,36.49,14.98,TRK722245,RESPO872744
RS40237,6,55,38,8,1,1,3,20240824,20240912,20240828,8,35.02,280.16,0.0,23.6,188.8,280.16,21.01,13.55,TRK936071,RESPO108882
RS40237,1,59,10,11,1,3,5,20240320,20240407,20240324,10,34.14,341.4,0.0,22.49,224.9,341.4,25.6,8.18,TRK101150,RESPO566529
RS40238,2,12,8,13,3,4,6,20240819,20240829,20240827,3,1157.64,3472.92,347.29,897.63,2692.89,3125.63,234.42,124.96,TRK834447,RESPO276421
RS40239,4,22,7,12,3,2,4,20250621,20250709,20250623,3,2464.01,7392.03,739.2,2097.84,6293.52,6652.83,498.96,282.74,TRK819737,RESPO483822
RS40240,3,13,37,13,3,1,2,20250530,20250614,20250609,1,417.24,417.24,41.72,301.9,301.9,375.52,28.16,11.37,TRK185514,RESPO865806
RS40241,5,41,38,8,4,1,3,20240620,20240705,20240622,6,1733.34,10400.04,1560.01,1425.74,8554.44,8840.03,663.0,350.41,TRK843261,RESPO152789
RS40242,4,31,22,8,3,4,6,20250910,20250926,20250914,5,607.14,3035.7,303.57,496.89,2484.45,2732.13,204.91,123.04,TRK633222,RESPO710150
RS40243,5,23,31,12,4,2,4,20241114,20241123,20241118,3,1640.7,4922.1,738.32,1453.1,4359.3,4183.78,313.78,189.6,TRK857472,RESPO890618
RS40244,6,21,31,12,1,2,4,20240806,20240827,20240811,1,2660.48,2660.48,0.0,2013.24,2013.24,2660.48,199.54,97.18,TRK241841,RESPO794666
RS40245,6,8,10,11,1,3,5,20250513,20250522,20250523,1,1216.49,1216.49,0.0,956.83,956.83,1216.49,91.24,60.29,TRK884096,RESPO215035
RS40246,6,54,5,12,2,2,4,20240719,20240805,20240721,15,33.08,496.2,24.81,21.77,326.55,471.39,35.35,18.64,TRK233778,RESPO137870
RS40247,4,7,14,8,2,1,3,20240812,20240826,20240819,6,1098.01,6588.06,329.4,904.22,5425.32,6258.66,469.4,280.6,TRK991799,RESPO233370
RS40248,1,32,7,12,1,2,4,20240513,20240526,20240519,6,568.17,3409.02,0.0,500.36,3002.16,3409.02,255.68,111.19,TRK515102,RESPO306612
RS40249,4,8,1,11,3,3,5,20240824,20240905,20240901,6,1216.49,7298.94,729.89,956.83,5740.98,6569.05,492.68,313.49,TRK712957,RESPO200614
RS40250,5,69,40,5,3,1,3,20251201,20251209,20251209,8,23.46,187.68,18.77,14.58,116.64,168.91,12.67,2.67,TRK815795,RESPO952444
RS40251,6,61,5,12,3,2,4,20240211,20240226,20240216,12,36.76,441.12,44.11,22.14,265.68,397.01,29.78,17.91,TRK225128,RESPO923298
RS40252,2,34,2,12,1,2,4,20241009,20241018,20241012,6,538.63,3231.78,0.0,449.62,2697.72,3231.78,242.38,56.04,TRK940390,RESPO312886
RS40252,4,54,8,8,1,4,6,20250110,20250130,20250118,5,33.08,165.4,0.0,21.77,108.85,165.4,12.4,4.83,TRK582874,RESPO889727
RS40253,4,50,3,2,1,1,1,20240605,20240617,20240612,20,27.1,542.0,0.0,13.75,275.0,542.0,40.65,9.73,TRK163380,RESPO417924
RS40254,2,37,38,8,2,1,3,20250327,20250413,20250402,3,596.94,1790.82,89.54,471.59,1414.77,1701.28,127.6,83.0,TRK734031,RESPO907623
RS40255,4,29,13,14,1,1,2,20241105,20241115,20241109,4,533.41,2133.64,0.0,503.82,2015.28,2133.64,160.02,80.34,TRK987629,RESPO277149
RS40255,6,18,25,12,1,2,4,20240530,20240608,20240606,1,381.25,381.25,0.0,312.58,312.58,381.25,28.59,9.13,TRK786341,RESPO681755
RS40256,1,35,21,11,1,4,6,20250611,20250626,20250620,2,546.42,1092.84,0.0,467.94,935.88,1092.84,81.96,48.91,TRK722978,RESPO820626
RS40257,6,13,40,8,2,1,3,20241114,20241130,20241122,2,417.24,834.48,41.72,301.9,603.8,792.76,59.46,37.07,TRK376477,RESPO331319
RS40257,2,44,13,6,2,1,2,20241015,20241105,20241022,2,576.77,1153.54,57.68,461.7,923.4,1095.86,82.19,52.77,TRK799096,RESPO160401
RS40258,6,69,24,4,1,4,6,20240726,20240805,20240729,8,23.46,187.68,0.0,14.58,116.64,187.68,14.08,9.05,TRK182507,RESPO840720
RS40259,6,68,24,8,1,4,6,20240930,20241013,20241006,12,23.53,282.36,0.0,13.97,167.64,282.36,21.18,7.89,TRK623637,RESPO446895
RS40260,2,52,30,11,3,3,5,20251012,20251025,20251019,20,15.56,311.2,31.12,8.05,161.0,280.08,21.01,7.49,TRK691729,RESPO595125
RS40260,4,51,18,4,2,1,1,20250529,20250608,20250604,20,5.31,106.2,5.31,2.07,41.4,100.89,7.57,2.86,TRK232616,RESPO182919
RS40260,5,44,12,11,1,3,5,20240109,20240130,20240115,3,576.77,1730.31,0.0,461.7,1385.1,1730.31,129.77,60.64,TRK632724,RESPO191790
RS40261,4,24,22,13,2,4,6,20241126,20241209,20241202,4,1646.67,6586.68,329.33,1464.07,5856.28,6257.35,469.3,266.12,TRK985249,RESPO568382
RS40262,6,15,12,9,1,3,5,20241009,20241025,20241012,1,410.41,410.41,0.0,315.14,315.14,410.41,30.78,8.12,TRK378601,RESPO290413
RS40263,2,16,25,12,4,2,4,20240928,20241017,20241002,1,407.91,407.91,61.19,321.39,321.39,346.72,26.0,13.1,TRK535637,RESPO956244
RS40264,5,39,8,13,3,4,6,20240806,20240819,20240811,3,1830.33,5490.99,549.1,1472.24,4416.72,4941.89,370.64,198.39,TRK789738,RESPO907738
RS40265,1,29,30,1,3,3,5,20240131,20240214,20240210,6,533.41,3200.46,320.05,503.82,3022.92,2880.41,216.03,97.06,TRK961878,RESPO473573
RS40265,5,19,11,5,1,1,3,20250716,20250727,20250723,1,2711.94,2711.94,0.0,2212.17,2212.17,2711.94,203.4,83.07,TRK264016,RESPO319273
RS40266,6,36,24,12,1,4,6,20250601,20250618,20250610,2,537.0,1074.0,0.0,520.44,1040.88,1074.0,80.55,46.09,TRK150970,RESPO217889
RS40267,3,25,32,12,3,2,4,20251123,20251214,20251127,6,1797.15,10782.9,1078.29,1485.17,8911.02,9704.61,727.85,154.17,TRK333375,RESPO566311
RS40268,4,58,30,9,1,3,5,20251129,20251206,20251202,15,37.61,564.15,0.0,23.3,349.5,564.15,42.31,14.86,TRK392193,RESPO164954
RS40268,3,46,3,2,3,1,1,20240305,20240322,20240315,4,500.88,2003.52,200.35,470.4,1881.6,1803.17,135.24,28.6,TRK790262,RESPO147846
RS40269,2,4,3,2,3,1,1,20240701,20240713,20240710,4,1683.4,6733.6,673.36,1307.47,5229.88,6060.24,454.52,245.63,TRK794752,RESPO987810
RS40270,1,16,13,13,2,1,2,20240820,20240908,20240825,1,407.91,407.91,20.4,321.39,321.39,387.51,29.06,18.94,TRK900130,RESPO517329
RS40271,3,12,34,8,3,4,6,20240722,20240803,20240726,2,1157.64,2315.28,231.53,897.63,1795.26,2083.75,156.28,40.13,TRK643264,RESPO913239
RS40271,2,23,26,5,2,1,3,20250812,20250824,20250816,5,1640.7,8203.5,410.18,1453.1,7265.5,7793.32,584.5,315.0,TRK854069,RESPO491673
RS40271,4,46,40,5,1,1,3,20240603,20240613,20240608,2,500.88,1001.76,0.0,470.4,940.8,1001.76,75.13,37.46,TRK647579,RESPO732700
RS40271,2,23,39,5,1,1,3,20250430,20250519,20250507,3,1640.7,4922.1,0.0,1453.1,4359.3,4922.1,369.16,192.91,TRK336455,RESPO235478
RS40272,1,55,15,8,1,1,3,20240205,20240220,20240214,5,35.02,175.1,0.0,23.6,118.0,175.1,13.13,5.5,TRK147774,RESPO636294
RS40273,1,50,12,15,3,3,5,20240611,20240619,20240613,5,27.1,135.5,13.55,13.75,68.75,121.95,9.15,5.37,TRK615262,RESPO230737
RS40273,6,51,10,1,2,3,5,20250720,20250804,20250724,10,5.31,53.1,2.66,2.07,20.7,50.44,3.78,1.15,TRK840385,RESPO193994
RS40274,3,56,32,12,3,2,4,20250216,20250225,20250220,15,37.4,561.0,56.1,21.17,317.55,504.9,37.87,16.03,TRK320012,RESPO327216
RS40275,3,19,10,9,1,3,5,20251011,20251020,20251018,6,2711.94,16271.64,0.0,2212.17,13273.02,16271.64,1220.37,304.52,TRK687426,RESPO802916
RS40276,5,20,37,6,2,1,2,20241228,20250109,20250102,2,2725.25,5450.5,272.53,2197.87,4395.74,5177.97,388.35,151.07,TRK489641,RESPO787959
RS40277,6,50,4,12,3,2,4,20250505,20250513,20250515,20,27.1,542.0,54.2,13.75,275.0,487.8,36.59,22.08,TRK158114,RESPO384747
RS40278,5,63,26,8,3,1,3,20240107,20240118,20240110,5,32.46,162.3,16.23,21.38,106.9,146.07,10.96,4.67,TRK784931,RESPO688969
RS40279,5,20,21,1,1,4,6,20250129,20250217,20250204,6,2725.25,16351.5,0.0,2197.87,13187.22,16351.5,1226.36,345.15,TRK796223,RESPO518692
RS40280,3,61,15,8,1,1,3,20241010,20241021,20241013,12,36.76,441.12,0.0,22.14,265.68,441.12,33.08,18.83,TRK938108,RESPO282745
RS40281,6,48,5,12,4,2,4,20241001,20241013,20241008,4,496.93,1987.72,298.16,452.27,1809.08,1689.56,126.72,29.6,TRK549068,RESPO384813
RS40282,3,12,2,12,4,2,4,20250828,20250916,20250901,5,1157.64,5788.2,868.23,897.63,4488.15,4919.97,369.0,129.08,TRK163122,RESPO600338
RS40283,6,18,1,1,1,3,5,20240611,20240625,20240614,3,381.25,1143.75,0.0,312.58,937.74,1143.75,85.78,43.84,TRK242559,RESPO864374
RS40284,5,20,6,10,3,1,2,20250808,20250821,20250817,1,2725.25,2725.25,272.53,2197.87,2197.87,2452.72,183.95,57.71,TRK657821,RESPO694049
RS40285,4,52,30,1,4,3,5,20250430,20250521,20250509,15,15.56,233.4,35.01,8.05,120.75,198.39,14.88,4.47,TRK342561,RESPO183784
RS40286,3,24,39,5,2,1,3,20251122,20251210,20251202,4,1646.67,6586.68,329.33,1464.07,5856.28,6257.35,469.3,261.32,TRK660741,RESPO751834
RS40286,6,70,31,12,1,2,4,20251014,20251030,20251020,10,26.27,262.7,0.0,13.17,131.7,262.7,19.7,12.55,TRK312876,RESPO220888
RS40287,5,12,39,8,1,1,3,20240201,20240218,20240208,3,1157.64,3472.92,0.0,897.63,2692.89,3472.92,260.47,168.03,TRK290514,RESPO344501
RS40288,3,19,8,1,1,4,6,20240311,20240325,20240319,2,2711.94,5423.88,0.0,2212.17,4424.34,5423.88,406.79,148.18,TRK385514,RESPO396525
RS40289,5,59,37,10,1,1,2,20240221,20240306,20240229,12,34.14,409.68,0.0,22.49,269.88,409.68,30.73,6.16,TRK421042,RESPO424205
RS40289,1,56,35,13,1,1,2,20250403,20250416,20250408,12,37.4,448.8,0.0,21.17,254.04,448.8,33.66,16.05,TRK504390,RESPO464441
RS40290,2,5,28,10,1,1,2,20250220,20250306,20250225,3,1564.21,4692.63,0.0,1294.67,3884.01,4692.63,351.95,110.51,TRK139463,RESPO717467
RS40291,6,35,25,12,1,2,4,20250420,20250506,20250427,5,546.42,2732.1,0.0,467.94,2339.7,2732.1,204.91,83.19,TRK244025,RESPO696964
RS40292,2,29,25,12,1,2,4,20250114,20250126,20250121,2,533.41,1066.82,0.0,503.82,1007.64,1066.82,80.01,38.17,TRK215471,RESPO269357
RS40292,3,21,34,8,2,4,6,20250312,20250328,20250318,4,2660.48,10641.92,532.1,2013.24,8052.96,10109.82,758.24,257.7,TRK649999,RESPO750919
RS40293,3,43,36,8,3,1,3,20250227,20250318,20250305,3,1688.85,5066.55,506.66,1415.45,4246.35,4559.89,341.99,173.33,TRK406351,RESPO881534
RS40294,5,40,15,8,3,1,3,20241108,20241124,20241113,1,1651.91,1651.91,165.19,1421.92,1421.92,1486.72,111.5,54.15,TRK889558,RESPO736968
RS40295,4,34,16,11,1,3,5,20240819,20240830,20240821,5,538.63,2693.15,0.0,449.62,2248.1,2693.15,201.99,94.59,TRK651366,RESPO895943
RS40296,6,22,36,5,1,1,3,20241202,20241216,20241207,2,2464.01,4928.02,0.0,2097.84,4195.68,4928.02,369.6,160.25,TRK703580,RESPO801505
RS40297,5,67,35,14,1,1,2,20240610,20240624,20240614,10,49.63,496.3,0.0,28.93,289.3,496.3,37.22,9.24,TRK164176,RESPO824851
RS40298,2,15,12,15,1,3,5,20241104,20241115,20241112,1,410.41,410.41,0.0,315.14,315.14,410.41,30.78,19.07,TRK488543,RESPO453032
RS40299,3,17,31,12,1,2,4,20240213,20240226,20240216,1,391.05,391.05,0.0,333.47,333.47,391.05,29.33,10.0,TRK255589,RESPO858680
RS40299,2,29,40,5,1,1,3,20241230,20250117,20250108,1,533.41,533.41,0.0,503.82,503.82,533.41,40.01,9.99,TRK449509,RESPO512596
RS40300,4,68,23,7,1,1,1,20241204,20241211,20241214,15,23.53,352.95,0.0,13.97,209.55,352.95,26.47,12.49,TRK551143,RESPO945324
RS40301,3,28,6,3,2,1,2,20250719,20250801,20250727,3,1800.62,5401.86,270.09,1544.51,4633.53,5131.77,384.88,130.56,TRK332036,RESPO188753
RS40302,4,29,5,12,3,2,4,20241030,20241108,20241103,1,533.41,533.41,53.34,503.82,503.82,480.07,36.01,22.16,TRK135112,RESPO999652
RS40303,1,25,16,11,1,3,5,20240928,20241009,20241003,4,1797.15,7188.6,0.0,1485.17,5940.68,7188.6,539.14,210.12,TRK795505,RESPO572658
RS40303,6,54,38,8,3,1,3,20240203,20240215,20240207,15,33.08,496.2,49.62,21.77,326.55,446.58,33.49,15.33,TRK696724,RESPO394209
RS40304,3,7,25,12,1,2,4,20251109,20251117,20251118,6,1098.01,6588.06,0.0,904.22,5425.32,6588.06,494.1,323.01,TRK376295,RESPO297471
RS40304,3,39,3,2,1,1,1,20240821,20240828,20240825,3,1830.33,5490.99,0.0,1472.24,4416.72,5490.99,411.82,185.48,TRK269855,RESPO954659
RS40304,2,36,36,8,1,1,3,20250404,20250414,20250409,4,537.0,2148.0,0.0,520.44,2081.76,2148.0,161.1,88.73,TRK239960,RESPO645588
RS40304,2,30,10,1,1,3,5,20241204,20241214,20241206,2,532.71,1065.42,0.0,476.63,953.26,1065.42,79.91,30.94,TRK340880,RESPO123033
RS40305,4,26,15,8,1,1,3,20240310,20240329,20240319,4,1722.43,6889.72,0.0,1447.45,5789.8,6889.72,516.73,280.36,TRK482940,RESPO955412
RS40305,3,57,1,15,3,3,5,20250916,20250926,20250918,8,35.28,282.24,28.22,20.87,166.96,254.02,19.05,9.23,TRK281991,RESPO391497
RS40305,5,27,24,1,3,4,6,20240626,20240715,20240702,1,1693.38,1693.38,169.34,1624.05,1624.05,1524.04,114.3,71.41,TRK955705,RESPO611323
RS40306,4,31,11,5,1,1,3,20240514,20240522,20240516,2,607.14,1214.28,0.0,496.89,993.78,1214.28,91.07,20.2,TRK195280,RESPO576283
RS40306,6,21,11,5,1,1,3,20250117,20250130,20250123,3,2660.48,7981.44,0.0,2013.24,6039.72,7981.44,598.61,136.06,TRK792640,RESPO673009
RS40307,1,14,30,15,2,3,5,20250522,20250607,20250526,6,363.46,2180.76,109.04,290.0,1740.0,2071.72,155.38,54.36,TRK376519,RESPO152477
RS40308,6,47,25,12,3,2,4,20250327,20250405,20250403,5,559.21,2796.05,279.61,455.26,2276.3,2516.44,188.73,51.32,TRK630358,RESPO167202
RS40309,4,20,12,11,1,3,5,20250821,20250909,20250831,5,2725.25,13626.25,0.0,2197.87,10989.35,13626.25,1021.97,577.32,TRK395433,RESPO847227
RS40310,1,65,17,6,1,1,2,20251004,20251023,20251008,8,49.64,397.12,0.0,28.43,227.44,397.12,29.78,8.56,TRK204574,RESPO236305
RS40311,6,12,6,3,1,1,2,20250609,20250624,20250617,1,1157.64,1157.64,0.0,897.63,897.63,1157.64,86.82,19.06,TRK946559,RESPO878826
RS40312,6,7,40,5,3,1,3,20250511,20250601,20250516,4,1098.01,4392.04,439.2,904.22,3616.88,3952.84,296.46,99.6,TRK727325,RESPO258388
RS40313,1,14,23,7,2,1,1,20241229,20250112,20250101,5,363.46,1817.3,90.87,290.0,1450.0,1726.43,129.48,36.66,TRK281050,RESPO284028
RS40314,1,64,10,15,1,3,5,20240813,20240825,20240819,20,32.57,651.4,0.0,23.51,470.2,651.4,48.85,22.48,TRK256923,RESPO251353
RS40315,2,49,8,3,2,4,6,20240923,20241014,20240928,4,576.65,2306.6,115.33,463.15,1852.6,2191.27,164.35,78.2,TRK875985,RESPO871689
RS40315,1,70,1,9,4,3,5,20241028,20241108,20241107,8,26.27,210.16,31.52,13.17,105.36,178.64,13.4,4.57,TRK981451,RESPO643754
RS40316,3,66,32,12,1,2,4,20240122,20240207,20240130,5,45.36,226.8,0.0,25.09,125.45,226.8,17.01,9.79,TRK903162,RESPO632138
RS40317,6,10,23,7,1,1,1,20251129,20251220,20251203,3,1246.82,3740.46,0.0,874.99,2624.97,3740.46,280.53,114.78,TRK516558,RESPO547887
RS40318,3,21,14,8,1,1,3,20240708,20240727,20240712,4,2660.48,10641.92,0.0,2013.24,8052.96,10641.92,798.14,328.11,TRK267791,RESPO476116
RS40319,5,20,37,3,1,1,2,20250212,20250221,20250214,4,2725.25,10901.0,0.0,2197.87,8791.48,10901.0,817.57,296.78,TRK785894,RESPO486804
RS40319,4,21,37,6,1,1,2,20240314,20240324,20240316,5,2660.48,13302.4,0.0,2013.24,10066.2,13302.4,997.68,349.72,TRK259000,RESPO720140
RS40320,6,41,21,13,2,4,6,20250215,20250305,20250219,6,1733.34,10400.04,520.0,1425.74,8554.44,9880.04,741.0,228.63,TRK777120,RESPO528453
RS40321,5,38,12,9,1,3,5,20240318,20240325,20240328,1,1759.17,1759.17,0.0,1457.25,1457.25,1759.17,131.94,47.03,TRK456140,RESPO201812
RS40322,2,27,13,3,2,1,2,20240211,20240229,20240215,2,1693.38,3386.76,169.34,1624.05,3248.1,3217.42,241.31,53.17,TRK167352,RESPO958702
RS40323,3,23,6,6,3,1,2,20240626,20240711,20240629,1,1640.7,1640.7,164.07,1453.1,1453.1,1476.63,110.75,62.57,TRK845777,RESPO490583
RS40324,1,20,35,13,1,1,2,20250526,20250603,20250529,5,2725.25,13626.25,0.0,2197.87,10989.35,13626.25,1021.97,677.23,TRK656624,RESPO442587
RS40324,6,69,17,3,1,1,2,20241108,20241115,20241110,12,23.46,281.52,0.0,14.58,174.96,281.52,21.11,11.61,TRK933211,RESPO507127
RS40325,3,65,12,15,2,3,5,20250506,20250525,20250514,12,49.64,595.68,29.78,28.43,341.16,565.9,42.44,13.33,TRK768787,RESPO521240
RS40326,6,52,19,12,1,2,4,20250321,20250330,20250324,20,15.56,311.2,0.0,8.05,161.0,311.2,23.34,12.56,TRK740171,RESPO247754
RS40327,3,19,28,6,1,1,2,20240118,20240127,20240124,1,2711.94,2711.94,0.0,2212.17,2212.17,2711.94,203.4,69.69,TRK657734,RESPO327497
RS40328,1,37,8,12,3,4,6,20250804,20250812,20250813,4,596.94,2387.76,238.78,471.59,1886.36,2148.98,161.17,90.34,TRK744871,RESPO568203
RS40329,2,53,10,11,2,3,5,20240408,20240416,20240418,15,33.96,509.4,25.47,22.5,337.5,483.93,36.29,18.3,TRK120869,RESPO159782
RS40330,3,56,15,8,1,1,3,20240621,20240712,20240626,12,37.4,448.8,0.0,21.17,254.04,448.8,33.66,17.83,TRK884330,RESPO269128
RS40331,3,44,35,6,1,1,2,20240408,20240427,20240412,5,576.77,2883.85,0.0,461.7,2308.5,2883.85,216.29,43.65,TRK383275,RESPO356137
RS40332,4,31,34,9,1,4,6,20241229,20250118,20250102,6,607.14,3642.84,0.0,496.89,2981.34,3642.84,273.21,125.17,TRK792044,RESPO916162
RS40333,4,8,37,3,1,1,2,20250318,20250408,20250323,4,1216.49,4865.96,0.0,956.83,3827.32,4865.96,364.95,100.92,TRK999462,RESPO338171
RS40334,6,27,12,15,3,3,5,20240727,20240804,20240806,6,1693.38,10160.28,1016.03,1624.05,9744.3,9144.25,685.82,205.81,TRK452554,RESPO765845
RS40335,3,70,8,15,1,4,6,20250410,20250429,20250413,12,26.27,315.24,0.0,13.17,158.04,315.24,23.64,5.88,TRK100860,RESPO177998
RS40336,6,20,13,14,1,1,2,20240819,20240903,20240829,2,2725.25,5450.5,0.0,2197.87,4395.74,5450.5,408.79,218.52,TRK866603,RESPO334677
RS40337,6,24,23,4,2,1,1,20240305,20240323,20240307,6,1646.67,9880.02,494.0,1464.07,8784.42,9386.02,703.95,314.36,TRK525785,RESPO605705
RS40337,2,50,32,12,1,2,4,20251006,20251013,20251016,20,27.1,542.0,0.0,13.75,275.0,542.0,40.65,21.85,TRK648034,RESPO205330
RS40338,4,32,18,2,1,1,1,20250913,20251004,20250923,5,568.17,2840.85,0.0,500.36,2501.8,2840.85,213.06,86.82,TRK828543,RESPO216044
RS40339,4,54,23,7,2,1,1,20250708,20250717,20250710,15,33.08,496.2,24.81,21.77,326.55,471.39,35.35,18.5,TRK850980,RESPO961833
RS40339,5,51,10,15,2,3,5,20250212,20250304,20250219,10,5.31,53.1,2.66,2.07,20.7,50.44,3.78,1.7,TRK702665,RESPO969723
RS40340,2,18,7,12,1,2,4,20250923,20251005,20250930,4,381.25,1525.0,0.0,312.58,1250.32,1525.0,114.38,49.95,TRK334373,RESPO731603
RS40340,5,56,18,7,1,1,1,20250331,20250420,20250402,20,37.4,748.0,0.0,21.17,423.4,748.0,56.1,30.55,TRK566670,RESPO381141
RS40341,5,19,31,12,2,2,4,20241107,20241120,20241116,4,2711.94,10847.76,542.39,2212.17,8848.68,10305.37,772.9,177.28,TRK122642,RESPO689756
RS40342,5,59,1,11,2,3,5,20240918,20240929,20240926,20,34.14,682.8,34.14,22.49,449.8,648.66,48.65,22.42,TRK389196,RESPO178924
RS40343,4,25,33,14,3,1,2,20240425,20240510,20240502,5,1797.15,8985.75,898.58,1485.17,7425.85,8087.17,606.54,237.63,TRK316277,RESPO518033
RS40344,3,69,38,5,1,1,3,20250821,20250828,20250825,12,23.46,281.52,0.0,14.58,174.96,281.52,21.11,9.48,TRK795081,RESPO771098
RS40344,2,51,33,3,4,1,2,20240501,20240514,20240505,10,5.31,53.1,7.96,2.07,20.7,45.14,3.39,2.0,TRK580961,RESPO140983
RS40345,3,52,26,8,2,1,3,20240303,20240318,20240309,15,15.56,233.4,11.67,8.05,120.75,221.73,16.63,3.47,TRK475987,RESPO645347
RS40345,1,29,7,12,3,2,4,20250809,20250821,20250818,5,533.41,2667.05,266.71,503.82,2519.1,2400.34,180.03,82.68,TRK419942,RESPO799145
RS40345,1,31,35,14,2,1,2,20240925,20241010,20241002,5,607.14,3035.7,151.78,496.89,2484.45,2883.92,216.29,127.38,TRK536201,RESPO348053
RS40346,3,20,1,15,3,3,5,20240218,20240307,20240226,3,2725.25,8175.75,817.58,2197.87,6593.61,7358.17,551.86,110.54,TRK896678,RESPO811799
RS40347,3,14,26,8,1,1,3,20250101,20250120,20250106,6,363.46,2180.76,0.0,290.0,1740.0,2180.76,163.56,62.28,TRK965565,RESPO559564
RS40347,1,38,35,13,2,1,2,20250529,20250615,20250601,4,1759.17,7036.68,351.83,1457.25,5829.0,6684.85,501.36,278.36,TRK656604,RESPO595037
RS40347,1,54,11,5,1,1,3,20240727,20240803,20240801,5,33.08,165.4,0.0,21.77,108.85,165.4,12.4,4.96,TRK384566,RESPO409986
RS40348,3,33,20,9,2,3,5,20240214,20240227,20240224,5,593.93,2969.65,148.48,507.46,2537.3,2821.17,211.59,81.16,TRK520341,RESPO958259
RS40348,5,22,24,5,1,4,6,20240509,20240525,20240517,1,2464.01,2464.01,0.0,2097.84,2097.84,2464.01,184.8,47.04,TRK600890,RESPO243578
RS40349,2,55,21,13,1,4,6,20240704,20240714,20240710,8,35.02,280.16,0.0,23.6,188.8,280.16,21.01,5.43,TRK560929,RESPO931655
RS40350,3,34,2,12,1,2,4,20250202,20250214,20250207,3,538.63,1615.89,0.0,449.62,1348.86,1615.89,121.19,41.41,TRK729965,RESPO558304
RS40350,2,22,21,2,1,4,6,20241116,20241127,20241123,2,2464.01,4928.02,0.0,2097.84,4195.68,4928.02,369.6,74.97,TRK864049,RESPO464587
RS40350,4,14,14,5,3,1,3,20250902,20250911,20250906,6,363.46,2180.76,218.08,290.0,1740.0,1962.68,147.2,33.31,TRK195844,RESPO171292
RS40350,5,31,31,12,4,2,4,20250521,20250607,20250531,6,607.14,3642.84,546.43,496.89,2981.34,3096.41,232.23,63.47,TRK867040,RESPO358348
RS40351,6,45,40,8,2,1,3,20250721,20250801,20250725,6,499.27,2995.62,149.78,427.6,2565.6,2845.84,213.44,75.03,TRK814361,RESPO982584
RS40352,3,18,23,7,1,1,1,20240428,20240514,20240501,3,381.25,1143.75,0.0,312.58,937.74,1143.75,85.78,56.29,TRK570419,RESPO169793
RS40353,3,44,4,12,3,2,4,20240218,20240303,20240227,5,576.77,2883.85,288.38,461.7,2308.5,2595.47,194.66,71.93,TRK422181,RESPO382323
RS40353,6,30,31,12,1,2,4,20240524,20240611,20240530,6,532.71,3196.26,0.0,476.63,2859.78,3196.26,239.72,81.23,TRK217582,RESPO973743
RS40354,5,16,30,11,1,3,5,20250807,20250817,20250809,5,407.91,2039.55,0.0,321.39,1606.95,2039.55,152.97,63.39,TRK449563,RESPO342606
RS40355,1,66,32,12,1,2,4,20250626,20250714,20250701,8,45.36,362.88,0.0,25.09,200.72,362.88,27.22,8.21,TRK351286,RESPO965597
RS40356,5,24,34,7,1,4,6,20250602,20250610,20250609,1,1646.67,1646.67,0.0,1464.07,1464.07,1646.67,123.5,55.53,TRK932992,RESPO282544
RS40357,1,70,31,12,1,2,4,20250722,20250803,20250726,8,26.27,210.16,0.0,13.17,105.36,210.16,15.76,6.35,TRK228164,RESPO566794
RS40358,5,53,20,11,1,3,5,20241201,20241208,20241204,20,33.96,679.2,0.0,22.5,450.0,679.2,50.94,27.52,TRK636749,RESPO691947
RS40359,1,46,7,12,1,2,4,20241026,20241113,20241104,6,500.88,3005.28,0.0,470.4,2822.4,3005.28,225.4,74.45,TRK564197,RESPO878365
RS40359,2,21,25,12,3,2,4,20241113,20241129,20241119,5,2660.48,13302.4,1330.24,2013.24,10066.2,11972.16,897.91,273.65,TRK494338,RESPO759664
RS40360,1,34,28,10,2,1,2,20250811,20250819,20250813,1,538.63,538.63,26.93,449.62,449.62,511.7,38.38,18.17,TRK658121,RESPO724508
RS40360,6,44,36,8,2,1,3,20250628,20250716,20250705,2,576.77,1153.54,57.68,461.7,923.4,1095.86,82.19,51.18,TRK271678,RESPO199824
RS40361,3,70,6,14,2,1,2,20241024,20241106,20241030,12,26.27,315.24,15.76,13.17,158.04,299.48,22.46,13.97,TRK871880,RESPO639596
RS40362,5,39,34,10,2,4,6,20250413,20250504,20250420,6,1830.33,10981.98,549.1,1472.24,8833.44,10432.88,782.47,369.32,TRK963906,RESPO912783
RS40362,1,43,32,12,1,2,4,20250614,20250623,20250618,5,1688.85,8444.25,0.0,1415.45,7077.25,8444.25,633.32,345.93,TRK174928,RESPO562534
RS40363,4,60,38,5,1,1,3,20250707,20250728,20250710,8,35.89,287.12,0.0,20.78,166.24,287.12,21.53,6.19,TRK584570,RESPO115087
RS40363,2,68,22,5,3,4,6,20240411,20240424,20240420,10,23.53,235.3,23.53,13.97,139.7,211.77,15.88,9.03,TRK897493,RESPO267642
RS40364,5,51,34,9,1,4,6,20240810,20240822,20240818,5,5.31,26.55,0.0,2.07,10.35,26.55,1.99,0.99,TRK990158,RESPO662431
RS40365,3,11,8,10,2,4,6,20250518,20250603,20250520,2,1246.13,2492.26,124.61,980.12,1960.24,2367.65,177.57,104.65,TRK960950,RESPO123764
RS40366,4,22,40,5,1,1,3,20240218,20240310,20240226,4,2464.01,9856.04,0.0,2097.84,8391.36,9856.04,739.2,275.62,TRK713627,RESPO317816
RS40367,1,48,15,5,3,1,3,20241116,20241205,20241125,6,496.93,2981.58,298.16,452.27,2713.62,2683.42,201.26,110.18,TRK885385,RESPO112466
RS40368,5,25,21,3,1,4,6,20240504,20240512,20240506,6,1797.15,10782.9,0.0,1485.17,8911.02,10782.9,808.72,207.73,TRK360696,RESPO999310
RS40369,2,17,35,14,1,1,2,20251023,20251110,20251031,4,391.05,1564.2,0.0,333.47,1333.88,1564.2,117.31,70.88,TRK144315,RESPO701848
RS40370,3,68,4,12,3,2,4,20250529,20250605,20250602,15,23.53,352.95,35.3,13.97,209.55,317.65,23.82,12.74,TRK413877,RESPO322484
RS40371,4,27,30,15,3,3,5,20250627,20250706,20250706,1,1693.38,1693.38,169.34,1624.05,1624.05,1524.04,114.3,49.33,TRK182696,RESPO327575
RS40372,5,66,23,7,1,1,1,20240908,20240915,20240910,15,45.36,680.4,0.0,25.09,376.35,680.4,51.03,15.18,TRK757070,RESPO450081
RS40373,6,42,35,13,1,1,2,20241025,20241106,20241102,1,1739.71,1739.71,0.0,1576.33,1576.33,1739.71,130.48,53.52,TRK960263,RESPO493817
RS40374,4,63,16,9,1,3,5,20240428,20240515,20240430,10,32.46,324.6,0.0,21.38,213.8,324.6,24.35,6.02,TRK792085,RESPO240534
RS40375,4,31,33,13,1,1,2,20240129,20240217,20240206,4,607.14,2428.56,0.0,496.89,1987.56,2428.56,182.14,109.13,TRK529768,RESPO104913
RS40376,6,32,22,5,1,4,6,20250121,20250207,20250129,2,568.17,1136.34,0.0,500.36,1000.72,1136.34,85.23,49.15,TRK180261,RESPO136660
RS40376,3,60,7,12,3,2,4,20241208,20241221,20241214,20,35.89,717.8,71.78,20.78,415.6,646.02,48.45,21.8,TRK144935,RESPO491438
RS40376,1,5,8,4,2,4,6,20240102,20240113,20240106,6,1564.21,9385.26,469.26,1294.67,7768.02,8916.0,668.7,175.98,TRK610243,RESPO540085
RS40377,4,55,14,5,3,1,3,20240926,20241004,20241006,15,35.02,525.3,52.53,23.6,354.0,472.77,35.46,17.58,TRK891651,RESPO707137
RS40378,4,41,15,5,2,1,3,20250811,20250822,20250813,1,1733.34,1733.34,86.67,1425.74,1425.74,1646.67,123.5,70.65,TRK697339,RESPO282138
RS40378,3,65,12,11,1,3,5,20241003,20241011,20241008,15,49.64,744.6,0.0,28.43,426.45,744.6,55.84,33.87,TRK971532,RESPO971820
RS40379,2,69,22,12,1,4,6,20250517,20250524,20250525,12,23.46,281.52,0.0,14.58,174.96,281.52,21.11,5.44,TRK945198,RESPO679648
RS40379,1,16,36,5,3,1,3,20241004,20241014,20241010,4,407.91,1631.64,163.16,321.39,1285.56,1468.48,110.14,61.89,TRK318381,RESPO719338
RS40380,3,67,33,3,1,1,2,20250715,20250730,20250720,15,49.63,744.45,0.0,28.93,433.95,744.45,55.83,23.41,TRK867870,RESPO345404
RS40381,5,52,14,8,1,1,3,20240914,20240921,20240917,12,15.56,186.72,0.0,8.05,96.6,186.72,14.0,3.42,TRK466064,RESPO302376
RS40382,2,54,33,3,1,1,2,20250209,20250216,20250215,8,33.08,264.64,0.0,21.77,174.16,264.64,19.85,5.2,TRK171114,RESPO787036
RS40383,1,30,11,5,1,1,3,20251030,20251110,20251105,5,532.71,2663.55,0.0,476.63,2383.15,2663.55,199.77,73.15,TRK169504,RESPO120636
RS40383,2,64,4,12,2,2,4,20240612,20240702,20240622,5,32.57,162.85,8.14,23.51,117.55,154.71,11.6,3.79,TRK774492,RESPO178940
RS40384,4,62,4,12,4,2,4,20240527,20240603,20240606,5,36.85,184.25,27.64,22.11,110.55,156.61,11.75,3.14,TRK597726,RESPO258359
RS40385,3,33,25,12,1,2,4,20250117,20250205,20250121,2,593.93,1187.86,0.0,507.46,1014.92,1187.86,89.09,21.07,TRK294534,RESPO403680
RS40386,1,34,1,9,1,3,5,20240420,20240430,20240426,2,538.63,1077.26,0.0,449.62,899.24,1077.26,80.79,36.28,TRK501155,RESPO651383
RS40387,6,13,28,13,1,1,2,20240113,20240130,20240117,2,417.24,834.48,0.0,301.9,603.8,834.48,62.59,16.88,TRK158815,RESPO258803
RS40387,6,5,3,7,3,1,1,20240830,20240908,20240902,3,1564.21,4692.63,469.26,1294.67,3884.01,4223.37,316.75,121.14,TRK698989,RESPO477897
RS40388,1,53,13,14,1,1,2,20241213,20241220,20241216,15,33.96,509.4,0.0,22.5,337.5,509.4,38.2,15.93,TRK618974,RESPO355218
RS40389,1,43,9,12,3,2,4,20240809,20240826,20240818,1,1688.85,1688.85,168.88,1415.45,1415.45,1519.97,114.0,55.53,TRK280003,RESPO268031
RS40390,1,14,6,6,3,1,2,20250802,20250819,20250810,5,363.46,1817.3,181.73,290.0,1450.0,1635.57,122.67,26.9,TRK619689,RESPO249458
RS40390,4,16,12,1,1,3,5,20241013,20241021,20241017,3,407.91,1223.73,0.0,321.39,964.17,1223.73,91.78,50.2,TRK673736,RESPO946980
RS40390,2,61,5,12,1,2,4,20240907,20240927,20240912,12,36.76,441.12,0.0,22.14,265.68,441.12,33.08,12.9,TRK896473,RESPO416181
RS40391,2,17,19,12,1,2,4,20251025,20251104,20251031,3,391.05,1173.15,0.0,333.47,1000.41,1173.15,87.99,33.91,TRK892019,RESPO186279
RS40392,2,3,10,11,2,3,5,20250401,20250414,20250403,3,1643.93,4931.79,246.59,1439.58,4318.74,4685.2,351.39,201.11,TRK318359,RESPO807162
RS40393,4,54,12,11,1,3,5,20240513,20240529,20240519,10,33.08,330.8,0.0,21.77,217.7,330.8,24.81,10.41,TRK855184,RESPO684257
RS40394,4,18,2,12,3,2,4,20250102,20250109,20250106,3,381.25,1143.75,114.38,312.58,937.74,1029.37,77.2,36.49,TRK210906,RESPO211464
RS40395,4,15,37,10,2,1,2,20240403,20240422,20240409,5,410.41,2052.05,102.6,315.14,1575.7,1949.45,146.21,40.89,TRK868089,RESPO736118
RS40396,4,53,35,10,2,1,2,20250610,20250623,20250612,12,33.96,407.52,20.38,22.5,270.0,387.14,29.04,14.95,TRK110141,RESPO624497
RS40397,6,35,34,5,1,4,6,20250607,20250622,20250610,4,546.42,2185.68,0.0,467.94,1871.76,2185.68,163.93,90.1,TRK691978,RESPO214856
RS40398,1,5,37,13,2,1,2,20250803,20250810,20250811,3,1564.21,4692.63,234.63,1294.67,3884.01,4458.0,334.35,87.25,TRK699031,RESPO872776
RS40399,3,26,34,7,4,4,6,20251002,20251012,20251008,5,1722.43,8612.15,1291.82,1447.45,7237.25,7320.33,549.02,142.56,TRK666579,RESPO382083
RS40400,5,56,33,10,3,1,2,20240210,20240225,20240218,12,37.4,448.8,44.88,21.17,254.04,403.92,30.29,13.19,TRK434035,RESPO387646
RS40401,6,24,28,6,3,1,2,20240621,20240709,20240630,6,1646.67,9880.02,988.0,1464.07,8784.42,8892.02,666.9,153.9,TRK819657,RESPO878613
RS40402,1,2,10,11,1,3,5,20240801,20240808,20240811,3,1526.98,4580.94,0.0,1338.0,4014.0,4580.94,343.57,190.79,TRK644207,RESPO495211
RS40403,5,38,16,15,1,3,5,20240423,20240509,20240426,4,1759.17,7036.68,0.0,1457.25,5829.0,7036.68,527.75,256.32,TRK227211,RESPO364369
RS40403,6,52,8,13,1,4,6,20240404,20240413,20240409,5,15.56,77.8,0.0,8.05,40.25,77.8,5.83,2.21,TRK245609,RESPO818810
RS40403,6,26,32,12,3,2,4,20251120,20251204,20251122,6,1722.43,10334.58,1033.46,1447.45,8684.7,9301.12,697.58,312.68,TRK507062,RESPO109339
RS40403,5,44,35,10,4,1,2,20240325,20240407,20240403,5,576.77,2883.85,432.58,461.7,2308.5,2451.27,183.85,117.66,TRK370546,RESPO507380
RS40404,2,6,16,1,3,3,5,20250826,20250908,20250829,1,1512.69,1512.69,151.27,1401.2,1401.2,1361.42,102.11,44.96,TRK201482,RESPO858133
RS40405,5,58,16,1,1,3,5,20240328,20240414,20240404,5,37.61,188.05,0.0,23.3,116.5,188.05,14.1,4.92,TRK828029,RESPO371725
RS40406,6,65,22,3,4,4,6,20241112,20241123,20241114,15,49.64,744.6,111.69,28.43,426.45,632.91,47.47,12.82,TRK171736,RESPO480652
RS40407,5,42,14,5,1,1,3,20240131,20240216,20240206,3,1739.71,5219.13,0.0,1576.33,4728.99,5219.13,391.43,159.84,TRK397149,RESPO710276
RS40408,3,52,18,4,1,1,1,20240224,20240316,20240226,12,15.56,186.72,0.0,8.05,96.6,186.72,14.0,3.42,TRK949465,RESPO246044
RS40409,3,12,35,14,3,1,2,20251030,20251106,20251103,2,1157.64,2315.28,231.53,897.63,1795.26,2083.75,156.28,47.48,TRK510079,RESPO247574
RS40410,2,68,3,4,3,1,1,20250523,20250606,20250528,15,23.53,352.95,35.3,13.97,209.55,317.65,23.82,7.68,TRK928027,RESPO475926
RS40411,1,53,13,10,4,1,2,20240815,20240826,20240818,8,33.96,271.68,40.75,22.5,180.0,230.93,17.32,6.25,TRK267216,RESPO749860
RS40412,6,18,7,12,1,2,4,20250304,20250316,20250311,1,381.25,381.25,0.0,312.58,312.58,381.25,28.59,18.24,TRK691880,RESPO118768
RS40413,4,51,19,12,1,2,4,20250908,20250921,20250910,5,5.31,26.55,0.0,2.07,10.35,26.55,1.99,0.56,TRK156394,RESPO189394
RS40413,2,32,9,12,1,2,4,20240401,20240411,20240405,4,568.17,2272.68,0.0,500.36,2001.44,2272.68,170.45,91.63,TRK695379,RESPO870711
RS40413,6,9,28,10,1,1,2,20251101,20251113,20251103,1,1134.86,1134.86,0.0,963.57,963.57,1134.86,85.11,52.95,TRK621937,RESPO871152
RS40413,3,56,28,10,4,1,2,20240921,20241008,20240925,8,37.4,299.2,44.88,21.17,169.36,254.32,19.07,6.59,TRK251337,RESPO561170
RS40414,2,29,27,11,3,3,5,20240126,20240202,20240202,4,533.41,2133.64,213.36,503.82,2015.28,1920.28,144.02,36.0,TRK623470,RESPO854113
RS40415,4,40,14,8,1,1,3,20241224,20250106,20250103,2,1651.91,3303.82,0.0,1421.92,2843.84,3303.82,247.79,114.12,TRK277290,RESPO271108
RS40416,4,13,21,12,1,4,6,20250414,20250421,20250424,6,417.24,2503.44,0.0,301.9,1811.4,2503.44,187.76,96.1,TRK511025,RESPO988462
RS40417,1,50,27,11,3,3,5,20240605,20240626,20240614,20,27.1,542.0,54.2,13.75,275.0,487.8,36.59,21.93,TRK528626,RESPO993702
RS40417,6,57,35,14,3,1,2,20241027,20241105,20241029,10,35.28,352.8,35.28,20.87,208.7,317.52,23.81,10.02,TRK770157,RESPO317782
RS40418,5,2,24,1,4,4,6,20240421,20240505,20240427,4,1526.98,6107.92,916.19,1338.0,5352.0,5191.73,389.38,224.38,TRK252645,RESPO231652
RS40418,4,41,16,11,1,3,5,20241110,20241125,20241114,2,1733.34,3466.68,0.0,1425.74,2851.48,3466.68,260.0,140.1,TRK215828,RESPO258141
RS40419,2,44,6,13,2,1,2,20241230,20250106,20250107,3,576.77,1730.31,86.52,461.7,1385.1,1643.79,123.28,34.07,TRK791981,RESPO824520
RS40420,2,37,18,7,3,1,1,20240413,20240428,20240423,1,596.94,596.94,59.69,471.59,471.59,537.25,40.29,20.67,TRK184208,RESPO656999
RS40421,6,60,10,9,3,3,5,20250315,20250331,20250321,5,35.89,179.45,17.95,20.78,103.9,161.5,12.11,3.74,TRK624752,RESPO627108
RS40422,3,9,12,11,3,3,5,20250703,20250723,20250705,5,1134.86,5674.3,567.43,963.57,4817.85,5106.87,383.02,80.75,TRK464187,RESPO987873
RS40423,3,13,7,12,1,2,4,20250114,20250122,20250118,2,417.24,834.48,0.0,301.9,603.8,834.48,62.59,21.6,TRK359139,RESPO130731
RS40423,2,52,8,1,2,4,6,20250624,20250708,20250628,10,15.56,155.6,7.78,8.05,80.5,147.82,11.09,4.41,TRK205361,RESPO848190
RS40424,5,50,33,3,1,1,2,20240304,20240318,20240314,5,27.1,135.5,0.0,13.75,68.75,135.5,10.16,6.77,TRK968296,RESPO720994
RS40425,4,7,40,5,3,1,3,20240203,20240223,20240206,1,1098.01,1098.01,109.8,904.22,904.22,988.21,74.12,47.28,TRK352394,RESPO212132
RS40426,6,13,32,12,2,2,4,20240216,20240306,20240224,6,417.24,2503.44,125.17,301.9,1811.4,2378.27,178.37,100.66,TRK263145,RESPO897504
RS40426,6,7,23,7,1,1,1,20250818,20250901,20250828,5,1098.01,5490.05,0.0,904.22,4521.1,5490.05,411.75,206.87,TRK444621,RESPO482372
RS40427,6,16,1,1,4,3,5,20241214,20241222,20241216,2,407.91,815.82,122.37,321.39,642.78,693.45,52.01,15.83,TRK595502,RESPO274554
RS40428,1,68,36,8,2,1,3,20250427,20250515,20250502,15,23.53,352.95,17.65,13.97,209.55,335.3,25.15,6.64,TRK590679,RESPO217389
RS40429,2,14,27,15,2,3,5,20250608,20250617,20250613,1,363.46,363.46,18.17,290.0,290.0,345.29,25.9,6.52,TRK809724,RESPO724659
RS40430,2,50,38,8,1,1,3,20240503,20240510,20240512,12,27.1,325.2,0.0,13.75,165.0,325.2,24.39,10.97,TRK539589,RESPO686844
RS40431,3,1,7,12,1,2,4,20251120,20251204,20251130,3,1619.34,4858.02,0.0,1293.6,3880.8,4858.02,364.35,195.77,TRK133006,RESPO115446
RS40432,2,33,11,8,3,1,3,20240518,20240527,20240521,2,593.93,1187.86,118.79,507.46,1014.92,1069.07,80.18,24.02,TRK509681,RESPO713501
RS40433,4,50,3,7,3,1,1,20250718,20250804,20250727,20,27.1,542.0,54.2,13.75,275.0,487.8,36.59,13.33,TRK120890,RESPO507826
RS40433,3,46,29,2,2,4,6,20240501,20240519,20240505,4,500.88,2003.52,100.18,470.4,1881.6,1903.34,142.75,44.93,TRK193787,RESPO437488
RS40434,1,15,4,12,3,2,4,20250201,20250211,20250206,3,410.41,1231.23,123.12,315.14,945.42,1108.11,83.11,19.44,TRK481659,RESPO148675
RS40435,5,34,34,15,1,4,6,20240804,20240819,20240809,2,538.63,1077.26,0.0,449.62,899.24,1077.26,80.79,42.66,TRK705958,RESPO243606
RS40435,6,70,19,12,1,2,4,20240125,20240207,20240128,15,26.27,394.05,0.0,13.17,197.55,394.05,29.55,6.05,TRK953590,RESPO116221
RS40436,6,30,21,1,1,4,6,20240313,20240328,20240321,2,532.71,1065.42,0.0,476.63,953.26,1065.42,79.91,30.04,TRK832205,RESPO404927
RS40437,5,32,26,5,3,1,3,20250921,20250929,20250924,6,568.17,3409.02,340.9,500.36,3002.16,3068.12,230.11,138.64,TRK103292,RESPO441680
RS40437,5,16,2,12,1,2,4,20240608,20240627,20240616,4,407.91,1631.64,0.0,321.39,1285.56,1631.64,122.37,52.49,TRK997080,RESPO228219
RS40437,4,61,21,4,1,4,6,20240423,20240514,20240502,15,36.76,551.4,0.0,22.14,332.1,551.4,41.35,10.91,TRK445522,RESPO946389
RS40438,3,18,7,12,1,2,4,20250730,20250810,20250803,5,381.25,1906.25,0.0,312.58,1562.9,1906.25,142.97,61.8,TRK494663,RESPO995569
RS40438,4,60,3,2,2,1,1,20240120,20240208,20240127,8,35.89,287.12,14.36,20.78,166.24,272.76,20.46,5.56,TRK909188,RESPO393793
RS40439,2,60,28,13,1,1,2,20240307,20240314,20240317,8,35.89,287.12,0.0,20.78,166.24,287.12,21.53,8.74,TRK586377,RESPO228453
RS40440,2,50,24,13,3,4,6,20250507,20250521,20250509,10,27.1,271.0,27.1,13.75,137.5,243.9,18.29,8.2,TRK327030,RESPO202448
RS40441,1,41,32,12,1,2,4,20240709,20240729,20240715,2,1733.34,3466.68,0.0,1425.74,2851.48,3466.68,260.0,159.83,TRK627700,RESPO987804
RS40442,4,59,21,11,1,4,6,20240614,20240701,20240624,8,34.14,273.12,0.0,22.49,179.92,273.12,20.48,9.48,TRK522394,RESPO254665
RS40443,2,24,29,9,3,4,6,20240216,20240223,20240225,5,1646.67,8233.35,823.34,1464.07,7320.35,7410.01,555.75,227.52,TRK784408,RESPO495572
RS40444,5,19,14,8,3,1,3,20240730,20240820,20240807,1,2711.94,2711.94,271.19,2212.17,2212.17,2440.75,183.06,117.17,TRK599004,RESPO537852
RS40444,5,46,9,12,3,2,4,20250317,20250324,20250325,2,500.88,1001.76,100.18,470.4,940.8,901.58,67.62,36.31,TRK804456,RESPO827798
RS40445,3,34,2,12,2,2,4,20240629,20240718,20240704,5,538.63,2693.15,134.66,449.62,2248.1,2558.49,191.89,43.53,TRK372323,RESPO106319
RS40446,5,4,23,7,3,1,1,20250910,20250923,20250913,5,1683.4,8417.0,841.7,1307.47,6537.35,7575.3,568.15,318.31,TRK443274,RESPO725141
RS40447,4,55,29,5,1,4,6,20251129,20251206,20251208,5,35.02,175.1,0.0,23.6,118.0,175.1,13.13,6.65,TRK624488,RESPO724299
RS40448,1,64,30,11,1,3,5,20250322,20250401,20250401,10,32.57,325.7,0.0,23.51,235.1,325.7,24.43,14.58,TRK372285,RESPO254311
RS40449,1,62,12,9,2,3,5,20240513,20240531,20240517,12,36.85,442.2,22.11,22.11,265.32,420.09,31.51,13.0,TRK283963,RESPO774721
RS40450,4,62,10,1,3,3,5,20250420,20250503,20250423,5,36.85,184.25,18.43,22.11,110.55,165.82,12.44,7.31,TRK615710,RESPO211786
RS40451,5,22,28,3,1,1,2,20250710,20250723,20250720,3,2464.01,7392.03,0.0,2097.84,6293.52,7392.03,554.4,207.11,TRK343992,RESPO133954
RS40451,2,23,24,2,4,4,6,20240109,20240118,20240111,4,1640.7,6562.8,984.42,1453.1,5812.4,5578.38,418.38,124.16,TRK288935,RESPO883157
RS40451,1,2,27,1,1,3,5,20250211,20250224,20250221,3,1526.98,4580.94,0.0,1338.0,4014.0,4580.94,343.57,111.79,TRK126500,RESPO174923
RS40452,1,60,29,15,3,4,6,20240323,20240413,20240330,5,35.89,179.45,17.95,20.78,103.9,161.5,12.11,4.68,TRK818537,RESPO111303
RS40453,3,38,3,7,1,1,1,20250227,20250312,20250304,2,1759.17,3518.34,0.0,1457.25,2914.5,3518.34,263.88,155.61,TRK994237,RESPO218627
RS40453,1,21,29,10,3,4,6,20250319,20250403,20250324,3,2660.48,7981.44,798.14,2013.24,6039.72,7183.3,538.75,353.86,TRK690161,RESPO134090
RS40454,5,42,26,8,1,1,3,20241224,20250105,20241227,1,1739.71,1739.71,0.0,1576.33,1576.33,1739.71,130.48,63.59,TRK832829,RESPO732944
RS40454,2,29,15,5,2,1,3,20250520,20250610,20250523,4,533.41,2133.64,106.68,503.82,2015.28,2026.96,152.02,43.19,TRK962187,RESPO506445
RS40455,4,45,15,5,4,1,3,20250730,20250817,20250807,3,499.27,1497.81,224.67,427.6,1282.8,1273.14,95.49,55.51,TRK574546,RESPO514326
RS40456,4,22,22,8,2,4,6,20241107,20241118,20241114,2,2464.01,4928.02,246.4,2097.84,4195.68,4681.62,351.12,128.54,TRK124531,RESPO574631
RS40456,4,65,1,15,3,3,5,20250304,20250324,20250306,10,49.64,496.4,49.64,28.43,284.3,446.76,33.51,18.4,TRK277886,RESPO146761
RS40457,1,2,35,3,4,1,2,20240624,20240715,20240701,5,1526.98,7634.9,1145.23,1338.0,6690.0,6489.67,486.73,232.5,TRK914355,RESPO965368
RS40458,2,31,20,1,1,3,5,20250809,20250830,20250813,3,607.14,1821.42,0.0,496.89,1490.67,1821.42,136.61,85.58,TRK465424,RESPO301775
RS40459,3,27,16,9,4,3,5,20240907,20240928,20240914,1,1693.38,1693.38,254.01,1624.05,1624.05,1439.37,107.95,39.6,TRK460765,RESPO994966
RS40460,4,15,4,12,1,2,4,20251130,20251216,20251210,3,410.41,1231.23,0.0,315.14,945.42,1231.23,92.34,57.14,TRK952659,RESPO681313
RS40461,2,37,36,5,1,1,3,20240908,20240921,20240912,5,596.94,2984.7,0.0,471.59,2357.95,2984.7,223.85,64.91,TRK720857,RESPO547484
RS40462,2,1,9,12,2,2,4,20250705,20250725,20250711,3,1619.34,4858.02,242.9,1293.6,3880.8,4615.12,346.13,230.73,TRK889219,RESPO383349
RS40463,5,21,6,14,1,1,2,20241207,20241223,20241211,1,2660.48,2660.48,0.0,2013.24,2013.24,2660.48,199.54,109.87,TRK159183,RESPO223631
RS40464,3,32,10,15,1,3,5,20250507,20250516,20250510,4,568.17,2272.68,0.0,500.36,2001.44,2272.68,170.45,70.66,TRK115610,RESPO502580
RS40464,1,35,12,1,1,3,5,20250403,20250419,20250407,5,546.42,2732.1,0.0,467.94,2339.7,2732.1,204.91,73.67,TRK289594,RESPO514736
RS40465,4,10,29,12,1,4,6,20250116,20250205,20250122,2,1246.82,2493.64,0.0,874.99,1749.98,2493.64,187.02,57.66,TRK596450,RESPO433973
RS40465,4,66,10,15,1,3,5,20240525,20240602,20240603,10,45.36,453.6,0.0,25.09,250.9,453.6,34.02,17.94,TRK947932,RESPO903683
RS40466,3,4,15,5,2,1,3,20251106,20251118,20251110,5,1683.4,8417.0,420.85,1307.47,6537.35,7996.15,599.71,327.55,TRK383621,RESPO164051
RS40467,3,22,13,3,1,1,2,20240823,20240831,20240829,1,2464.01,2464.01,0.0,2097.84,2097.84,2464.01,184.8,111.13,TRK320079,RESPO854760
RS40468,5,13,9,12,1,2,4,20240220,20240305,20240224,3,417.24,1251.72,0.0,301.9,905.7,1251.72,93.88,41.44,TRK373603,RESPO588780
RS40469,5,17,39,8,2,1,3,20240514,20240524,20240520,6,391.05,2346.3,117.32,333.47,2000.82,2228.98,167.17,45.4,TRK758802,RESPO936653
RS40470,4,70,21,13,2,4,6,20240108,20240115,20240116,5,26.27,131.35,6.57,13.17,65.85,124.78,9.36,3.19,TRK616643,RESPO764846
RS40471,3,26,25,12,3,2,4,20250826,20250903,20250902,2,1722.43,3444.86,344.49,1447.45,2894.9,3100.37,232.53,110.48,TRK747507,RESPO159936
RS40472,5,44,11,8,1,1,3,20241023,20241104,20241102,6,576.77,3460.62,0.0,461.7,2770.2,3460.62,259.55,168.19,TRK923771,RESPO922490
RS40472,6,68,23,7,3,1,1,20250708,20250721,20250717,8,23.53,188.24,18.82,13.97,111.76,169.42,12.71,3.56,TRK241532,RESPO524181
RS40473,3,3,12,11,1,3,5,20251105,20251126,20251110,4,1643.93,6575.72,0.0,1439.58,5758.32,6575.72,493.18,233.16,TRK918035,RESPO768622
RS40474,3,48,21,2,1,4,6,20250722,20250729,20250725,5,496.93,2484.65,0.0,452.27,2261.35,2484.65,186.35,51.1,TRK659188,RESPO292257
RS40475,3,52,23,2,1,1,1,20250719,20250809,20250723,10,15.56,155.6,0.0,8.05,80.5,155.6,11.67,4.57,TRK777504,RESPO113329
RS40476,5,22,6,6,3,1,2,20240330,20240406,20240401,2,2464.01,4928.02,492.8,2097.84,4195.68,4435.22,332.64,111.15,TRK734896,RESPO836274
RS40477,3,51,27,9,1,3,5,20240517,20240606,20240519,20,5.31,106.2,0.0,2.07,41.4,106.2,7.96,3.12,TRK708921,RESPO478857
RS40478,2,25,28,6,1,1,2,20241018,20241103,20241021,1,1797.15,1797.15,0.0,1485.17,1485.17,1797.15,134.79,67.65,TRK152326,RESPO873140
RS40479,3,29,6,6,3,1,2,20250705,20250725,20250714,3,533.41,1600.23,160.02,503.82,1511.46,1440.21,108.02,52.81,TRK198195,RESPO191062
RS40479,2,29,38,8,2,1,3,20250305,20250319,20250314,1,533.41,533.41,26.67,503.82,503.82,506.74,38.01,24.72,TRK791091,RESPO139082
RS40480,4,52,21,5,1,4,6,20250304,20250324,20250308,12,15.56,186.72,0.0,8.05,96.6,186.72,14.0,8.23,TRK509911,RESPO395048
RS40481,3,68,14,8,1,1,3,20241129,20241212,20241202,5,23.53,117.65,0.0,13.97,69.85,117.65,8.82,2.7,TRK566294,RESPO966294
RS40482,6,19,28,6,1,1,2,20240721,20240811,20240727,6,2711.94,16271.64,0.0,2212.17,13273.02,16271.64,1220.37,691.99,TRK396866,RESPO847164
RS40483,3,56,6,10,3,1,2,20240411,20240419,20240416,8,37.4,299.2,29.92,21.17,169.36,269.28,20.2,7.71,TRK582100,RESPO287356
RS40483,4,61,30,15,1,3,5,20250306,20250326,20250311,15,36.76,551.4,0.0,22.14,332.1,551.4,41.35,25.53,TRK928416,RESPO363200
RS40483,4,38,39,5,4,1,3,20241011,20241023,20241018,5,1759.17,8795.85,1319.38,1457.25,7286.25,7476.47,560.74,342.42,TRK204948,RESPO636448
RS40484,2,57,36,5,3,1,3,20250521,20250601,20250525,5,35.28,176.4,17.64,20.87,104.35,158.76,11.91,5.82,TRK143176,RESPO276894
RS40485,2,29,19,12,1,2,4,20240930,20241011,20241007,3,533.41,1600.23,0.0,503.82,1511.46,1600.23,120.02,28.36,TRK549210,RESPO918838
RS40485,2,26,22,9,2,4,6,20250404,20250416,20250410,4,1722.43,6889.72,344.49,1447.45,5789.8,6545.23,490.89,228.82,TRK910246,RESPO662106
RS40486,2,29,24,7,1,4,6,20250804,20250814,20250814,2,533.41,1066.82,0.0,503.82,1007.64,1066.82,80.01,17.55,TRK554949,RESPO869594
RS40487,3,9,18,7,4,1,1,20240104,20240121,20240111,1,1134.86,1134.86,170.23,963.57,963.57,964.63,72.35,34.58,TRK605108,RESPO877957
RS40488,1,23,18,2,2,1,1,20240828,20240917,20240830,4,1640.7,6562.8,328.14,1453.1,5812.4,6234.66,467.6,163.63,TRK709800,RESPO918950
RS40488,6,62,15,5,2,1,3,20240221,20240305,20240224,10,36.85,368.5,18.43,22.11,221.1,350.07,26.26,8.98,TRK407861,RESPO332919
RS40489,5,65,30,11,1,3,5,20240222,20240312,20240302,10,49.64,496.4,0.0,28.43,284.3,496.4,37.23,14.33,TRK984202,RESPO783488
RS40490,2,54,23,4,3,1,1,20240514,20240527,20240524,12,33.08,396.96,39.7,21.77,261.24,357.26,26.79,13.85,TRK948439,RESPO920142
RS40490,5,48,5,12,1,2,4,20250116,20250123,20250118,6,496.93,2981.58,0.0,452.27,2713.62,2981.58,223.62,129.93,TRK256397,RESPO574807
RS40491,6,22,31,12,3,2,4,20241111,20241201,20241121,1,2464.01,2464.01,246.4,2097.84,2097.84,2217.61,166.32,59.23,TRK503763,RESPO121426
RS40491,2,31,19,12,3,2,4,20250314,20250401,20250319,4,607.14,2428.56,242.86,496.89,1987.56,2185.7,163.93,35.33,TRK565784,RESPO379979
RS40492,1,66,28,6,1,1,2,20250509,20250529,20250517,8,45.36,362.88,0.0,25.09,200.72,362.88,27.22,13.63,TRK593882,RESPO834887
RS40493,5,18,8,3,1,4,6,20250224,20250313,20250302,6,381.25,2287.5,0.0,312.58,1875.48,2287.5,171.56,105.4,TRK913801,RESPO185230
RS40494,3,3,40,8,2,1,3,20250317,20250403,20250319,5,1643.93,8219.65,410.98,1439.58,7197.9,7808.67,585.65,207.07,TRK506019,RESPO593594
RS40495,5,54,14,5,2,1,3,20240622,20240711,20240701,10,33.08,330.8,16.54,21.77,217.7,314.26,23.57,12.37,TRK519225,RESPO125239
RS40496,1,42,21,14,3,4,6,20251014,20251101,20251023,1,1739.71,1739.71,173.97,1576.33,1576.33,1565.74,117.43,40.07,TRK161533,RESPO375106
RS40497,4,55,36,5,3,1,3,20251130,20251210,20251204,15,35.02,525.3,52.53,23.6,354.0,472.77,35.46,19.06,TRK979688,RESPO164164
RS40498,2,52,5,12,3,2,4,20251123,20251212,20251127,15,15.56,233.4,23.34,8.05,120.75,210.06,15.75,9.74,TRK903982,RESPO977634
RS40499,6,11,33,14,3,1,2,20250517,20250529,20250522,5,1246.13,6230.65,623.07,980.12,4900.6,5607.58,420.57,107.67,TRK910145,RESPO943351
RS40499,3,60,15,5,2,1,3,20240107,20240123,20240113,12,35.89,430.68,21.53,20.78,249.36,409.15,30.69,13.78,TRK279952,RESPO524909
RS40499,2,38,38,5,1,1,3,20250828,20250918,20250831,1,1759.17,1759.17,0.0,1457.25,1457.25,1759.17,131.94,59.36,TRK807339,RESPO908538
RS40500,3,42,16,11,4,3,5,20250907,20250926,20250915,6,1739.71,10438.26,1565.74,1576.33,9457.98,8872.52,665.44,348.08,TRK571482,RESPO128085
RS40501,3,23,25,12,1,2,4,20250705,20250721,20250715,5,1640.7,8203.5,0.0,1453.1,7265.5,8203.5,615.26,249.15,TRK270295,RESPO384745
RS40501,6,66,15,8,3,1,3,20240225,20240313,20240228,20,45.36,907.2,90.72,25.09,501.8,816.48,61.24,32.18,TRK588540,RESPO859881
RS40502,6,15,35,13,1,1,2,20240106,20240117,20240111,4,410.41,1641.64,0.0,315.14,1260.56,1641.64,123.12,46.82,TRK810725,RESPO219430
RS40502,5,68,22,10,1,4,6,20251028,20251118,20251101,5,23.53,117.65,0.0,13.97,69.85,117.65,8.82,5.27,TRK991207,RESPO785820
RS40503,1,12,33,10,1,1,2,20250404,20250425,20250408,1,1157.64,1157.64,0.0,897.63,897.63,1157.64,86.82,48.75,TRK532292,RESPO761453
RS40504,6,6,20,15,1,3,5,20250609,20250630,20250612,1,1512.69,1512.69,0.0,1401.2,1401.2,1512.69,113.45,56.0,TRK576327,RESPO267073
RS40504,3,20,26,5,3,1,3,20250717,20250806,20250723,5,2725.25,13626.25,1362.62,2197.87,10989.35,12263.63,919.77,258.58,TRK983370,RESPO652156
RS40505,3,4,21,11,1,4,6,20250612,20250628,20250616,1,1683.4,1683.4,0.0,1307.47,1307.47,1683.4,126.25,55.16,TRK772751,RESPO778267
RS40506,1,36,30,1,1,3,5,20240103,20240121,20240111,1,537.0,537.0,0.0,520.44,520.44,537.0,40.27,16.0,TRK215530,RESPO279820
RS40506,2,52,31,12,1,2,4,20240203,20240219,20240206,8,15.56,124.48,0.0,8.05,64.4,124.48,9.34,4.18,TRK578454,RESPO159578
RS40507,5,54,12,9,3,3,5,20240927,20241010,20241001,20,33.08,661.6,66.16,21.77,435.4,595.44,44.66,14.78,TRK773107,RESPO365375
RS40507,3,67,22,11,3,4,6,20240324,20240412,20240328,12,49.63,595.56,59.56,28.93,347.16,536.0,40.2,11.39,TRK412744,RESPO270190
RS40508,2,28,24,7,1,4,6,20240402,20240416,20240409,5,1800.62,9003.1,0.0,1544.51,7722.55,9003.1,675.23,430.87,TRK360722,RESPO109389
RS40509,4,35,12,15,3,3,5,20240301,20240308,20240305,4,546.42,2185.68,218.57,467.94,1871.76,1967.11,147.53,46.71,TRK890851,RESPO407908
RS40510,6,49,16,11,3,3,5,20241111,20241130,20241119,2,576.65,1153.3,115.33,463.15,926.3,1037.97,77.85,17.1,TRK368269,RESPO625580
RS40510,4,69,6,13,3,1,2,20241012,20241101,20241018,10,23.46,234.6,23.46,14.58,145.8,211.14,15.84,8.19,TRK981223,RESPO634795
RS40511,5,19,35,3,3,1,2,20250806,20250818,20250812,3,2711.94,8135.82,813.58,2212.17,6636.51,7322.24,549.17,225.61,TRK846900,RESPO519499
RS40511,5,20,27,9,1,3,5,20240209,20240228,20240219,2,2725.25,5450.5,0.0,2197.87,4395.74,5450.5,408.79,154.47,TRK527559,RESPO397485
RS40511,6,10,38,5,2,1,3,20250803,20250824,20250807,3,1246.82,3740.46,187.02,874.99,2624.97,3553.44,266.51,154.86,TRK241440,RESPO884853
RS40512,5,33,4,12,1,2,4,20240707,20240716,20240709,5,593.93,2969.65,0.0,507.46,2537.3,2969.65,222.72,61.78,TRK502476,RESPO537206
RS40513,5,10,26,8,2,1,3,20240630,20240716,20240704,5,1246.82,6234.1,311.71,874.99,4374.95,5922.39,444.18,128.04,TRK716549,RESPO873048
RS40514,5,32,39,5,3,1,3,20250503,20250517,20250512,3,568.17,1704.51,170.45,500.36,1501.08,1534.06,115.05,69.46,TRK572844,RESPO740590
RS40515,5,48,12,15,1,3,5,20240909,20240929,20240915,1,496.93,496.93,0.0,452.27,452.27,496.93,37.27,11.89,TRK737543,RESPO952595
RS40516,2,13,16,11,2,3,5,20240713,20240722,20240721,2,417.24,834.48,41.72,301.9,603.8,792.76,59.46,38.97,TRK110321,RESPO130755
RS40516,2,9,1,11,1,3,5,20251105,20251125,20251108,3,1134.86,3404.58,0.0,963.57,2890.71,3404.58,255.34,134.29,TRK930901,RESPO419773
RS40517,2,5,15,8,3,1,3,20240313,20240328,20240322,6,1564.21,9385.26,938.53,1294.67,7768.02,8446.73,633.5,191.07,TRK437009,RESPO259704
RS40518,6,61,35,6,2,1,2,20250707,20250720,20250713,5,36.76,183.8,9.19,22.14,110.7,174.61,13.1,5.28,TRK267529,RESPO878339
RS40519,2,38,9,12,2,2,4,20251026,20251107,20251031,3,1759.17,5277.51,263.88,1457.25,4371.75,5013.63,376.02,101.76,TRK132485,RESPO697927
RS40520,5,55,32,12,3,2,4,20240414,20240427,20240418,15,35.02,525.3,52.53,23.6,354.0,472.77,35.46,17.39,TRK695994,RESPO967469
RS40521,2,5,35,10,1,1,2,20240105,20240122,20240107,4,1564.21,6256.84,0.0,1294.67,5178.68,6256.84,469.26,112.51,TRK570359,RESPO745594
RS40522,6,53,27,1,1,3,5,20241207,20241228,20241213,15,33.96,509.4,0.0,22.5,337.5,509.4,38.2,25.08,TRK990843,RESPO987750
RS40523,1,40,1,9,1,3,5,20240503,20240520,20240508,3,1651.91,4955.73,0.0,1421.92,4265.76,4955.73,371.68,197.63,TRK605583,RESPO792559
RS40524,2,41,40,8,1,1,3,20250523,20250531,20250601,1,1733.34,1733.34,0.0,1425.74,1425.74,1733.34,130.0,55.74,TRK466594,RESPO165126
RS40525,3,54,15,5,3,1,3,20240702,20240722,20240705,15,33.08,496.2,49.62,21.77,326.55,446.58,33.49,21.8,TRK719484,RESPO307907
RS40526,3,62,34,4,1,4,6,20240713,20240802,20240719,8,36.85,294.8,0.0,22.11,176.88,294.8,22.11,7.5,TRK388423,RESPO987754
RS40527,6,37,29,9,1,4,6,20241004,20241019,20241012,5,596.94,2984.7,0.0,471.59,2357.95,2984.7,223.85,96.31,TRK234921,RESPO912087
RS40528,5,41,15,5,2,1,3,20250426,20250504,20250505,1,1733.34,1733.34,86.67,1425.74,1425.74,1646.67,123.5,48.53,TRK760471,RESPO135773
RS40529,3,46,36,5,2,1,3,20251104,20251112,20251110,4,500.88,2003.52,100.18,470.4,1881.6,1903.34,142.75,39.64,TRK468758,RESPO502156
RS40530,3,33,13,3,3,1,2,20250725,20250806,20250804,5,593.93,2969.65,296.97,507.46,2537.3,2672.68,200.45,114.44,TRK878030,RESPO182893
RS40531,5,42,7,12,1,2,4,20250926,20251013,20250929,3,1739.71,5219.13,0.0,1576.33,4728.99,5219.13,391.43,149.97,TRK517722,RESPO149168
RS40531,1,61,32,12,1,2,4,20250824,20250911,20250830,5,36.76,183.8,0.0,22.14,110.7,183.8,13.79,4.34,TRK434425,RESPO426902
RS40531,5,70,8,5,4,4,6,20240911,20240920,20240915,5,26.27,131.35,19.7,13.17,65.85,111.65,8.37,4.04,TRK185390,RESPO943340
RS40531,1,4,35,6,1,1,2,20240613,20240623,20240623,5,1683.4,8417.0,0.0,1307.47,6537.35,8417.0,631.27,352.26,TRK489804,RESPO960637
RS40532,1,52,35,10,4,1,2,20240122,20240131,20240130,20,15.56,311.2,46.68,8.05,161.0,264.52,19.84,10.08,TRK437322,RESPO265096
RS40533,2,44,39,5,1,1,3,20250323,20250410,20250328,4,576.77,2307.08,0.0,461.7,1846.8,2307.08,173.03,91.88,TRK459185,RESPO855848
RS40534,1,17,27,9,3,3,5,20250911,20250926,20250921,1,391.05,391.05,39.11,333.47,333.47,351.94,26.4,17.42,TRK156016,RESPO899106
RS40534,1,63,28,3,2,1,2,20250911,20250927,20250915,15,32.46,486.9,24.34,21.38,320.7,462.56,34.69,15.98,TRK143019,RESPO812506
RS40535,2,12,8,9,3,4,6,20251006,20251014,20251009,6,1157.64,6945.84,694.58,897.63,5385.78,6251.26,468.84,287.56,TRK309392,RESPO813817
RS40536,1,50,10,15,1,3,5,20250704,20250716,20250708,5,27.1,135.5,0.0,13.75,68.75,135.5,10.16,3.34,TRK939219,RESPO518739
RS40536,6,24,16,1,2,3,5,20250216,20250305,20250220,1,1646.67,1646.67,82.33,1464.07,1464.07,1564.34,117.33,25.24,TRK253868,RESPO118968
RS40537,6,29,21,10,2,4,6,20250502,20250513,20250508,4,533.41,2133.64,106.68,503.82,2015.28,2026.96,152.02,64.27,TRK603576,RESPO861695
RS40538,4,69,4,12,3,2,4,20240322,20240409,20240325,20,23.46,469.2,46.92,14.58,291.6,422.28,31.67,12.89,TRK962846,RESPO747586
RS40538,2,44,37,6,1,1,2,20250512,20250601,20250520,5,576.77,2883.85,0.0,461.7,2308.5,2883.85,216.29,124.4,TRK288536,RESPO360253
RS40539,6,49,21,15,1,4,6,20240114,20240129,20240120,1,576.65,576.65,0.0,463.15,463.15,576.65,43.25,11.43,TRK117242,RESPO236042
RS40540,4,63,24,14,3,4,6,20240107,20240114,20240114,15,32.46,486.9,48.69,21.38,320.7,438.21,32.87,9.89,TRK952073,RESPO154351
RS40541,2,31,26,5,1,1,3,20250320,20250407,20250330,4,607.14,2428.56,0.0,496.89,1987.56,2428.56,182.14,106.91,TRK772211,RESPO191991
RS40542,1,35,28,3,1,1,2,20240503,20240519,20240506,5,546.42,2732.1,0.0,467.94,2339.7,2732.1,204.91,42.03,TRK272919,RESPO161553
RS40543,2,4,16,9,1,3,5,20250914,20251003,20250923,3,1683.4,5050.2,0.0,1307.47,3922.41,5050.2,378.76,122.12,TRK893747,RESPO489050
RS40543,4,60,37,14,1,1,2,20240424,20240501,20240426,10,35.89,358.9,0.0,20.78,207.8,358.9,26.92,12.6,TRK753557,RESPO851417
RS40543,4,56,35,3,3,1,2,20250419,20250510,20250425,8,37.4,299.2,29.92,21.17,169.36,269.28,20.2,7.33,TRK793723,RESPO437306
RS40543,3,35,17,14,1,1,2,20241019,20241106,20241025,2,546.42,1092.84,0.0,467.94,935.88,1092.84,81.96,44.97,TRK445377,RESPO336064
RS40544,4,12,33,3,1,1,2,20250728,20250809,20250804,5,1157.64,5788.2,0.0,897.63,4488.15,5788.2,434.11,111.29,TRK655108,RESPO321628
RS40545,6,37,19,12,4,2,4,20240609,20240621,20240613,4,596.94,2387.76,358.16,471.59,1886.36,2029.6,152.22,92.03,TRK229339,RESPO617287
RS40545,4,64,40,5,2,1,3,20250124,20250201,20250201,10,32.57,325.7,16.29,23.51,235.1,309.41,23.21,4.77,TRK981177,RESPO246318
RS40546,4,70,20,15,1,3,5,20241030,20241120,20241107,5,26.27,131.35,0.0,13.17,65.85,131.35,9.85,4.03,TRK116814,RESPO237449
RS40546,6,46,13,3,1,1,2,20240128,20240204,20240131,3,500.88,1502.64,0.0,470.4,1411.2,1502.64,112.7,26.27,TRK562651,RESPO341591
RS40547,1,55,6,13,1,1,2,20240225,20240308,20240229,5,35.02,175.1,0.0,23.6,118.0,175.1,13.13,4.75,TRK287949,RESPO368079
RS40548,6,10,20,9,2,3,5,20241110,20241123,20241116,2,1246.82,2493.64,124.68,874.99,1749.98,2368.96,177.67,72.21,TRK867476,RESPO881543
RS40549,4,28,24,2,3,4,6,20250423,20250501,20250426,6,1800.62,10803.72,1080.37,1544.51,9267.06,9723.35,729.25,344.43,TRK895314,RESPO774219
RS40550,2,69,34,7,4,4,6,20241103,20241116,20241110,12,23.46,281.52,42.23,14.58,174.96,239.29,17.95,10.69,TRK507207,RESPO229032
RS40551,4,31,36,5,2,1,3,20250521,20250603,20250531,3,607.14,1821.42,91.07,496.89,1490.67,1730.35,129.78,41.93,TRK107251,RESPO492435
RS40551,1,7,30,9,4,3,5,20250504,20250519,20250510,2,1098.01,2196.02,329.4,904.22,1808.44,1866.62,140.0,83.37,TRK356230,RESPO997097
RS40552,2,13,1,9,1,3,5,20250103,20250123,20250107,2,417.24,834.48,0.0,301.9,603.8,834.48,62.59,25.15,TRK823730,RESPO840785
RS40553,3,62,39,5,1,1,3,20250802,20250809,20250806,20,36.85,737.0,0.0,22.11,442.2,737.0,55.27,36.81,TRK687906,RESPO239850
RS40553,6,31,21,13,3,4,6,20250416,20250425,20250422,2,607.14,1214.28,121.43,496.89,993.78,1092.85,81.96,30.78,TRK273369,RESPO560635
RS40554,2,31,31,12,2,2,4,20241212,20241229,20241216,2,607.14,1214.28,60.71,496.89,993.78,1153.57,86.52,43.62,TRK122744,RESPO703174
RS40554,5,33,7,12,1,2,4,20240712,20240723,20240718,1,593.93,593.93,0.0,507.46,507.46,593.93,44.54,13.65,TRK245018,RESPO322736
RS40555,6,64,20,1,2,3,5,20240601,20240615,20240608,15,32.57,488.55,24.43,23.51,352.65,464.12,34.81,21.41,TRK959704,RESPO436679
RS40555,3,43,6,10,1,1,2,20250202,20250215,20250205,6,1688.85,10133.1,0.0,1415.45,8492.7,10133.1,759.98,172.42,TRK311539,RESPO677885
RS40555,2,16,15,5,2,1,3,20250206,20250223,20250210,1,407.91,407.91,20.4,321.39,321.39,387.51,29.06,16.51,TRK293257,RESPO911028
RS40555,4,20,28,6,1,1,2,20250423,20250514,20250503,4,2725.25,10901.0,0.0,2197.87,8791.48,10901.0,817.57,246.82,TRK833839,RESPO135410
RS40556,1,52,26,8,1,1,3,20250329,20250408,20250406,20,15.56,311.2,0.0,8.05,161.0,311.2,23.34,4.71,TRK936313,RESPO136231
RS40557,6,41,22,3,1,4,6,20241107,20241127,20241109,5,1733.34,8666.7,0.0,1425.74,7128.7,8666.7,650.0,171.03,TRK771417,RESPO595889
RS40558,3,7,20,9,1,3,5,20251122,20251207,20251126,4,1098.01,4392.04,0.0,904.22,3616.88,4392.04,329.4,165.49,TRK548819,RESPO575469
RS40559,1,18,27,11,3,3,5,20250316,20250326,20250324,5,381.25,1906.25,190.62,312.58,1562.9,1715.63,128.67,75.6,TRK300183,RESPO943946
RS40560,3,46,33,13,3,1,2,20240313,20240329,20240322,3,500.88,1502.64,150.26,470.4,1411.2,1352.38,101.43,33.67,TRK777053,RESPO714673
RS40560,5,14,14,5,2,1,3,20250807,20250825,20250813,5,363.46,1817.3,90.87,290.0,1450.0,1726.43,129.48,66.95,TRK983020,RESPO727212
RS40560,1,33,5,12,2,2,4,20250927,20251017,20251003,1,593.93,593.93,29.7,507.46,507.46,564.23,42.32,26.01,TRK726225,RESPO836310
RS40561,5,19,14,8,1,1,3,20240510,20240521,20240518,4,2711.94,10847.76,0.0,2212.17,8848.68,10847.76,813.58,212.75,TRK206356,RESPO237114
RS40562,3,21,7,12,3,2,4,20240416,20240426,20240422,6,2660.48,15962.88,1596.29,2013.24,12079.44,14366.59,1077.49,381.2,TRK117074,RESPO104282
RS40563,5,24,5,12,2,2,4,20240616,20240701,20240622,4,1646.67,6586.68,329.33,1464.07,5856.28,6257.35,469.3,123.97,TRK621884,RESPO414752
RS40564,5,21,12,11,2,3,5,20250531,20250619,20250610,4,2660.48,10641.92,532.1,2013.24,8052.96,10109.82,758.24,397.95,TRK651923,RESPO248209
RS40565,5,27,9,12,2,2,4,20251026,20251115,20251101,5,1693.38,8466.9,423.35,1624.05,8120.25,8043.55,603.27,256.65,TRK170666,RESPO506777
RS40566,6,7,34,7,1,4,6,20240723,20240804,20240731,6,1098.01,6588.06,0.0,904.22,5425.32,6588.06,494.1,259.75,TRK420809,RESPO590249
RS40567,4,69,37,10,1,1,2,20251126,20251212,20251202,12,23.46,281.52,0.0,14.58,174.96,281.52,21.11,7.42,TRK694929,RESPO912692
RS40568,1,25,25,12,3,2,4,20250331,20250407,20250410,1,1797.15,1797.15,179.72,1485.17,1485.17,1617.43,121.31,32.99,TRK162237,RESPO701809
RS40569,3,54,10,1,1,3,5,20240108,20240126,20240117,12,33.08,396.96,0.0,21.77,261.24,396.96,29.77,7.33,TRK817628,RESPO631174
RS40570,3,36,27,11,2,3,5,20250619,20250710,20250628,4,537.0,2148.0,107.4,520.44,2081.76,2040.6,153.04,98.25,TRK469166,RESPO204727
RS40571,3,33,12,15,1,3,5,20240108,20240123,20240116,4,593.93,2375.72,0.0,507.46,2029.84,2375.72,178.18,39.98,TRK947623,RESPO656746
RS40572,2,38,9,12,1,2,4,20250126,20250204,20250201,3,1759.17,5277.51,0.0,1457.25,4371.75,5277.51,395.81,144.35,TRK417232,RESPO372642
RS40573,5,66,5,12,1,2,4,20240725,20240807,20240727,10,45.36,453.6,0.0,25.09,250.9,453.6,34.02,10.0,TRK637456,RESPO913203
RS40574,2,41,15,8,2,1,3,20250408,20250415,20250414,1,1733.34,1733.34,86.67,1425.74,1425.74,1646.67,123.5,25.85,TRK949231,RESPO380788
RS40575,6,28,10,15,1,3,5,20241206,20241221,20241211,1,1800.62,1800.62,0.0,1544.51,1544.51,1800.62,135.05,73.1,TRK131873,RESPO738282
RS40576,1,9,18,2,2,1,1,20240113,20240202,20240122,3,1134.86,3404.58,170.23,963.57,2890.71,3234.35,242.58,114.61,TRK725346,RESPO608340
RS40577,3,63,37,6,1,1,2,20240605,20240618,20240611,10,32.46,324.6,0.0,21.38,213.8,324.6,24.35,11.18,TRK652208,RESPO113822
RS40578,5,41,20,1,1,3,5,20250121,20250128,20250128,4,1733.34,6933.36,0.0,1425.74,5702.96,6933.36,520.0,286.44,TRK622469,RESPO771319
RS40579,6,33,15,5,2,1,3,20251005,20251018,20251007,3,593.93,1781.79,89.09,507.46,1522.38,1692.7,126.95,70.49,TRK276775,RESPO852067
RS40579,3,33,40,8,2,1,3,20240215,20240307,20240225,2,593.93,1187.86,59.39,507.46,1014.92,1128.47,84.64,48.58,TRK729632,RESPO899755
RS40579,2,43,9,12,3,2,4,20240118,20240125,20240123,5,1688.85,8444.25,844.43,1415.45,7077.25,7599.82,569.99,238.65,TRK201050,RESPO690894
RS40580,1,59,29,8,1,4,6,20250416,20250503,20250422,10,34.14,341.4,0.0,22.49,224.9,341.4,25.6,9.45,TRK169933,RESPO638428
RS40580,2,35,28,14,1,1,2,20240104,20240124,20240111,6,546.42,3278.52,0.0,467.94,2807.64,3278.52,245.89,106.65,TRK924922,RESPO772543
RS40581,2,51,34,12,3,4,6,20241010,20241027,20241015,15,5.31,79.65,7.97,2.07,31.05,71.68,5.38,1.34,TRK276491,RESPO550219
RS40582,4,47,2,12,2,2,4,20241013,20241024,20241023,6,559.21,3355.26,167.76,455.26,2731.56,3187.5,239.06,66.3,TRK319977,RESPO203449
RS40583,6,25,29,12,1,4,6,20240705,20240726,20240708,1,1797.15,1797.15,0.0,1485.17,1485.17,1797.15,134.79,80.01,TRK489577,RESPO196754
RS40583,3,12,34,8,1,4,6,20241028,20241117,20241104,5,1157.64,5788.2,0.0,897.63,4488.15,5788.2,434.11,244.63,TRK690480,RESPO427584
RS40584,4,3,27,15,1,3,5,20250416,20250424,20250425,2,1643.93,3287.86,0.0,1439.58,2879.16,3287.86,246.59,132.74,TRK755017,RESPO627000
RS40585,6,4,38,5,1,1,3,20251126,20251216,20251204,2,1683.4,3366.8,0.0,1307.47,2614.94,3366.8,252.51,148.02,TRK431725,RESPO963944
RS40586,4,70,18,7,1,1,1,20251118,20251202,20251125,20,26.27,525.4,0.0,13.17,263.4,525.4,39.4,24.22,TRK837428,RESPO372095
RS40587,5,57,5,12,1,2,4,20240726,20240810,20240728,12,35.28,423.36,0.0,20.87,250.44,423.36,31.75,15.14,TRK983942,RESPO574410
RS40588,5,60,14,5,2,1,3,20241124,20241205,20241201,10,35.89,358.9,17.95,20.78,207.8,340.95,25.57,11.01,TRK634698,RESPO738084
