SalesOrderNumber,SalesOrderLineNumber,ProductKey,CustomerKey,PromotionKey,CurrencyKey,SalesTerritoryKey,OrderDateKey,DueDateKey,ShipDateKey,OrderQuantity,UnitPrice,ExtendedAmount,DiscountAmount,ProductStandardCost,TotalProductCost,SalesAmount,TaxAmt,Freight,CarrierTrackingNumber,CustomerPONumber
SO10001,2,21,79,1,1,3,20241114,20241118,20241120,2,3695.11,7390.22,0.0,2013.24,4026.48,7390.22,609.69,277.01,TRK329772,PO240057
SO10001,2,20,123,2,1,1,20250912,20250920,20250916,2,3785.07,7570.14,378.51,2197.87,4395.74,7191.63,593.31,223.36,TRK898867,PO359486
SO10001,2,68,21,1,4,6,20250105,20250109,20250110,3,32.68,98.04,0.0,13.97,41.91,98.04,8.09,1.31,TRK700521,PO662728
SO10002,1,22,39,3,3,5,20250328,20250401,20250403,1,3422.23,3422.23,342.22,2097.84,2097.84,3080.01,254.1,49.78,TRK635167,PO567122
SO10002,1,59,15,1,2,4,20250412,20250415,20250417,2,47.42,94.84,0.0,22.49,44.98,94.84,7.82,2.26,TRK515182,PO366817
SO10002,1,28,1,1,2,4,20250309,20250317,20250315,2,2500.86,5001.72,0.0,1544.51,3089.02,5001.72,412.64,59.58,TRK595002,PO133276
SO10003,4,53,74,2,3,5,20251018,20251027,20251021,2,47.17,94.34,4.72,22.5,45.0,89.62,7.39,3.57,TRK493892,PO184148
SO10004,2,18,139,3,4,6,20240501,20240506,20240506,3,529.51,1588.53,158.85,312.58,937.74,1429.68,117.95,31.16,TRK975373,PO103642
SO10005,4,39,6,1,1,2,20250711,20250720,20250716,2,2542.13,5084.26,0.0,1472.24,2944.48,5084.26,419.45,108.69,TRK462974,PO262656
SO10005,1,25,71,2,4,6,20240202,20240211,20240207,3,2496.04,7488.12,374.41,1485.17,4455.51,7113.71,586.88,234.62,TRK352356,PO316092
SO10006,2,13,18,1,3,5,20250904,20250907,20250906,2,579.5,1159.0,0.0,301.9,603.8,1159.0,95.62,37.34,TRK665979,PO327823
SO10006,3,18,15,4,2,4,20240827,20240904,20240901,2,529.51,1059.02,158.85,312.58,625.16,900.17,74.26,25.15,TRK348411,PO416422
SO10006,2,67,37,1,2,4,20241008,20241011,20241013,2,68.93,137.86,0.0,28.93,57.86,137.86,11.37,5.3,TRK756401,PO811721
SO10006,4,64,110,4,1,3,20251020,20251029,20251027,1,45.23,45.23,6.78,23.51,23.51,38.45,3.17,0.99,TRK256466,PO414455
SO10006,1,24,97,1,1,1,20240818,20240825,20240825,2,2287.04,4574.08,0.0,1464.07,2928.14,4574.08,377.36,142.84,TRK689704,PO532723
SO10006,3,68,107,1,4,6,20240918,20240924,20240921,2,32.68,65.36,0.0,13.97,27.94,65.36,5.39,1.92,TRK196955,PO661654
SO10006,2,7,49,1,4,6,20250911,20250914,20250918,1,1525.01,1525.01,0.0,904.22,904.22,1525.01,125.81,18.58,TRK602681,PO319036
SO10007,2,39,86,1,1,1,20240713,20240717,20240719,1,2542.13,2542.13,0.0,1472.24,1472.24,2542.13,209.73,101.65,TRK829417,PO733760
SO10008,3,51,53,1,1,1,20241016,20241025,20241020,2,7.37,14.74,0.0,2.07,4.14,14.74,1.22,0.38,TRK477114,PO637727
SO10009,2,60,128,2,1,3,20250425,20250503,20250427,1,49.85,49.85,2.49,20.78,20.78,47.36,3.91,1.0,TRK877259,PO253011
SO10010,4,34,5,3,2,4,20250816,20250825,20250819,2,748.1,1496.2,149.62,449.62,899.24,1346.58,111.09,19.62,TRK697467,PO973844
SO10010,4,64,63,1,3,5,20241211,20241218,20241218,4,45.23,180.92,0.0,23.51,94.04,180.92,14.93,6.27,TRK583214,PO276405
SO10010,1,22,91,2,2,4,20250515,20250520,20250520,1,3422.23,3422.23,171.11,2097.84,2097.84,3251.12,268.22,129.1,TRK979827,PO987826
SO10011,4,7,20,1,1,3,20251007,20251013,20251008,1,1525.01,1525.01,0.0,904.22,904.22,1525.01,125.81,47.6,TRK491329,PO163386
SO10011,3,63,124,1,2,4,20250718,20250727,20250719,1,45.08,45.08,0.0,21.38,21.38,45.08,3.72,0.47,TRK117975,PO626611
SO10012,3,23,111,3,4,6,20250620,20250625,20250622,1,2278.75,2278.75,227.88,1453.1,1453.1,2050.87,169.2,32.32,TRK380310,PO933551
SO10012,1,11,102,4,3,5,20250415,20250421,20250421,1,1730.74,1730.74,259.61,980.12,980.12,1471.13,121.37,24.68,TRK785491,PO999908
SO10012,1,12,9,1,3,5,20250719,20250729,20250720,2,1607.83,3215.66,0.0,897.63,1795.26,3215.66,265.29,93.58,TRK624139,PO986392
SO10012,4,43,112,4,4,6,20240407,20240410,20240409,2,2345.63,4691.26,703.69,1415.45,2830.9,3987.57,328.97,65.17,TRK384263,PO148823
SO10012,2,36,20,1,1,3,20240203,20240208,20240210,2,745.84,1491.68,0.0,520.44,1040.88,1491.68,123.06,28.99,TRK888795,PO960556
SO10013,2,10,102,1,3,5,20240903,20240912,20240909,1,1731.69,1731.69,0.0,874.99,874.99,1731.69,142.86,63.89,TRK928897,PO822794
SO10014,4,65,21,4,4,6,20240224,20240228,20240228,5,68.94,344.7,51.7,28.43,142.15,293.0,24.17,4.97,TRK911131,PO442230
SO10015,4,35,8,1,2,4,20241230,20250108,20250103,2,758.91,1517.82,0.0,467.94,935.88,1517.82,125.22,23.64,TRK189856,PO909676
SO10016,4,32,76,1,1,2,20241001,20241006,20241005,3,789.13,2367.39,0.0,500.36,1501.08,2367.39,195.31,74.22,TRK432061,PO478221
SO10017,2,12,28,4,1,2,20250331,20250408,20250407,1,1607.83,1607.83,241.17,897.63,897.63,1366.66,112.75,24.73,TRK551914,PO570646
SO10018,3,66,143,1,4,6,20240401,20240409,20240406,3,63.0,189.0,0.0,25.09,75.27,189.0,15.59,2.42,TRK503951,PO112940
SO10018,2,53,75,2,2,4,20250726,20250801,20250731,3,47.17,141.51,7.08,22.5,67.5,134.43,11.09,3.45,TRK245584,PO381981
SO10019,1,35,78,1,1,3,20240620,20240629,20240623,2,758.91,1517.82,0.0,467.94,935.88,1517.82,125.22,34.35,TRK478666,PO363926
SO10019,3,64,64,1,3,5,20250413,20250417,20250415,4,45.23,180.92,0.0,23.51,94.04,180.92,14.93,3.46,TRK982495,PO750318
SO10019,2,43,98,1,1,3,20251028,20251102,20251031,2,2345.63,4691.26,0.0,1415.45,2830.9,4691.26,387.03,92.04,TRK602278,PO429445
SO10020,3,51,46,1,2,4,20251010,20251020,20251015,2,7.37,14.74,0.0,2.07,4.14,14.74,1.22,0.49,TRK956156,PO924040
SO10021,4,47,101,3,1,2,20240723,20240728,20240729,1,776.68,776.68,77.67,455.26,455.26,699.01,57.67,23.09,TRK842776,PO319832
SO10022,2,38,113,1,1,3,20250222,20250304,20250224,3,2443.29,7329.87,0.0,1457.25,4371.75,7329.87,604.71,212.57,TRK849979,PO543681
SO10022,4,10,97,4,1,1,20250505,20250514,20250510,2,1731.69,3463.38,519.51,874.99,1749.98,2943.87,242.87,74.18,TRK670053,PO138551
SO10022,2,69,93,1,1,2,20240328,20240401,20240404,4,32.59,130.36,0.0,14.58,58.32,130.36,10.75,2.27,TRK778428,PO742439
SO10023,2,52,12,4,1,3,20250316,20250320,20250317,2,21.61,43.22,6.48,8.05,16.1,36.74,3.03,0.48,TRK567432,PO492292
SO10024,3,60,101,1,1,2,20250527,20250601,20250530,5,49.85,249.25,0.0,20.78,103.9,249.25,20.56,9.95,TRK536181,PO190025
SO10025,4,19,30,1,2,4,20250411,20250417,20250416,1,3766.58,3766.58,0.0,2212.17,2212.17,3766.58,310.74,92.24,TRK857065,PO830609
SO10026,2,41,116,1,1,3,20240427,20240430,20240504,1,2407.41,2407.41,0.0,1425.74,1425.74,2407.41,198.61,48.85,TRK876459,PO355761
SO10027,2,23,133,1,1,1,20250727,20250805,20250731,2,2278.75,4557.5,0.0,1453.1,2906.2,4557.5,375.99,77.28,TRK295440,PO771590
SO10028,2,51,111,2,4,6,20240721,20240731,20240726,1,7.37,7.37,0.37,2.07,2.07,7.0,0.58,0.16,TRK315780,PO391865
SO10028,4,14,17,1,3,5,20241129,20241205,20241203,2,504.81,1009.62,0.0,290.0,580.0,1009.62,83.29,13.55,TRK653349,PO770153
SO10029,3,50,81,1,1,1,20240426,20240504,20240429,4,37.64,150.56,0.0,13.75,55.0,150.56,12.42,5.32,TRK744333,PO718836
SO10030,4,18,22,1,3,5,20241108,20241112,20241110,1,529.51,529.51,0.0,312.58,312.58,529.51,43.68,11.23,TRK538555,PO725397
SO10031,2,50,36,1,1,1,20251012,20251017,20251017,3,37.64,112.92,0.0,13.75,41.25,112.92,9.32,1.69,TRK429861,PO982885
SO10031,4,7,116,4,1,3,20250511,20250516,20250513,1,1525.01,1525.01,228.75,904.22,904.22,1296.26,106.94,44.66,TRK529008,PO817956
SO10031,2,54,126,3,1,2,20250515,20250520,20250516,5,45.95,229.75,22.98,21.77,108.85,206.77,17.06,5.57,TRK406278,PO134283
SO10032,3,29,71,1,4,6,20250413,20250423,20250418,2,740.85,1481.7,0.0,503.82,1007.64,1481.7,122.24,37.52,TRK912764,PO669488
SO10032,2,70,94,2,4,6,20250327,20250402,20250331,1,36.49,36.49,1.82,13.17,13.17,34.67,2.86,0.45,TRK412170,PO133796
SO10032,2,34,116,3,1,3,20240330,20240409,20240406,1,748.1,748.1,74.81,449.62,449.62,673.29,55.55,26.81,TRK320073,PO950083
SO10033,3,55,90,1,1,2,20240730,20240805,20240806,2,48.64,97.28,0.0,23.6,47.2,97.28,8.03,1.15,TRK725850,PO664939
SO10033,1,42,44,1,1,1,20250809,20250816,20250816,3,2416.26,7248.78,0.0,1576.33,4728.99,7248.78,598.02,184.35,TRK242175,PO886530
SO10034,2,8,106,3,2,4,20240509,20240514,20240511,1,1689.57,1689.57,168.96,956.83,956.83,1520.61,125.45,21.88,TRK898462,PO984532
SO10035,1,63,101,1,1,2,20241002,20241011,20241006,2,45.08,90.16,0.0,21.38,42.76,90.16,7.44,2.12,TRK522419,PO640659
SO10035,4,48,72,4,1,2,20241201,20241204,20241208,2,690.18,1380.36,207.05,452.27,904.54,1173.31,96.8,38.98,TRK765678,PO796405
SO10035,3,9,92,1,3,5,20250315,20250321,20250319,2,1576.2,3152.4,0.0,963.57,1927.14,3152.4,260.07,56.92,TRK673896,PO706007
SO10035,1,63,34,3,2,4,20240219,20240222,20240220,2,45.08,90.16,9.02,21.38,42.76,81.14,6.69,2.34,TRK230272,PO999312
SO10035,3,57,41,1,3,5,20250314,20250320,20250320,3,49.0,147.0,0.0,20.87,62.61,147.0,12.13,5.48,TRK266699,PO387330
SO10036,2,47,24,1,4,6,20251111,20251116,20251112,1,776.68,776.68,0.0,455.26,455.26,776.68,64.08,17.0,TRK550081,PO787326
SO10036,1,13,24,1,4,6,20240320,20240325,20240325,1,579.5,579.5,0.0,301.9,301.9,579.5,47.81,9.73,TRK108454,PO829386
SO10036,1,16,88,1,1,2,20250504,20250508,20250506,2,566.54,1133.08,0.0,321.39,642.78,1133.08,93.48,24.35,TRK208214,PO428572
SO10037,2,39,95,1,3,5,20240516,20240521,20240517,1,2542.13,2542.13,0.0,1472.24,1472.24,2542.13,209.73,65.88,TRK561477,PO468247
SO10038,1,20,55,1,1,2,20250329,20250404,20250330,2,3785.07,7570.14,0.0,2197.87,4395.74,7570.14,624.54,279.32,TRK718213,PO865470
SO10039,3,45,99,1,2,4,20240523,20240529,20240526,2,693.43,1386.86,0.0,427.6,855.2,1386.86,114.42,40.69,TRK916808,PO824016
SO10040,2,39,7,1,1,1,20250605,20250611,20250611,1,2542.13,2542.13,0.0,1472.24,1472.24,2542.13,209.73,55.3,TRK618927,PO504630
SO10041,4,31,29,1,1,1,20240313,20240316,20240316,2,843.25,1686.5,0.0,496.89,993.78,1686.5,139.14,64.12,TRK483162,PO672896
SO10041,4,61,45,1,1,2,20240310,20240313,20240313,1,51.06,51.06,0.0,22.14,22.14,51.06,4.21,0.84,TRK631219,PO400404
SO10042,2,54,129,2,4,6,20240325,20240330,20240328,3,45.95,137.85,6.89,21.77,65.31,130.96,10.8,1.64,TRK947312,PO262924
SO10042,2,42,138,1,4,6,20251027,20251031,20251030,2,2416.26,4832.52,0.0,1576.33,3152.66,4832.52,398.68,149.62,TRK160718,PO356355
SO10042,2,56,23,1,1,1,20250915,20250918,20250918,1,51.95,51.95,0.0,21.17,21.17,51.95,4.29,1.56,TRK225245,PO113280
SO10042,3,2,36,1,1,1,20241221,20241228,20241223,1,2120.81,2120.81,0.0,1338.0,1338.0,2120.81,174.97,44.87,TRK868538,PO223791
SO10043,4,43,8,1,2,4,20240306,20240313,20240312,2,2345.63,4691.26,0.0,1415.45,2830.9,4691.26,387.03,184.14,TRK577309,PO635593
SO10044,1,8,93,3,1,2,20240619,20240627,20240621,2,1689.57,3379.14,337.91,956.83,1913.66,3041.23,250.9,53.69,TRK339499,PO876764
SO10045,2,1,131,3,1,1,20240113,20240119,20240114,1,2249.08,2249.08,224.91,1293.6,1293.6,2024.17,166.99,48.89,TRK287654,PO999138
SO10046,1,54,10,1,3,5,20250302,20250310,20250305,2,45.95,91.9,0.0,21.77,43.54,91.9,7.58,3.2,TRK626428,PO806033
SO10046,3,23,14,2,1,3,20240217,20240226,20240218,1,2278.75,2278.75,113.94,1453.1,1453.1,2164.81,178.6,78.6,TRK443199,PO190581
SO10047,4,59,142,1,2,4,20241025,20241101,20241031,1,47.42,47.42,0.0,22.49,22.49,47.42,3.91,1.36,TRK910143,PO913575
SO10048,1,70,51,1,1,1,20250223,20250226,20250225,2,36.49,72.98,0.0,13.17,26.34,72.98,6.02,1.92,TRK451291,PO101533
SO10048,2,40,97,1,1,1,20240831,20240909,20240904,1,2294.32,2294.32,0.0,1421.92,1421.92,2294.32,189.28,89.1,TRK846221,PO393418
SO10049,1,6,24,3,4,6,20250616,20250625,20250622,1,2100.96,2100.96,210.1,1401.2,1401.2,1890.86,156.0,69.71,TRK708982,PO200219
SO10050,3,18,130,2,1,1,20240317,20240320,20240321,3,529.51,1588.53,79.43,312.58,937.74,1509.1,124.5,45.08,TRK373668,PO992247
SO10051,2,51,81,3,1,1,20241130,20241208,20241204,5,7.37,36.85,3.69,2.07,10.35,33.16,2.74,0.6,TRK242723,PO917823
SO10052,2,14,150,1,1,3,20250405,20250415,20250408,1,504.81,504.81,0.0,290.0,290.0,504.81,41.65,11.2,TRK573869,PO423284
SO10053,1,34,119,1,1,2,20241107,20241110,20241109,1,748.1,748.1,0.0,449.62,449.62,748.1,61.72,26.24,TRK845702,PO360276
SO10054,4,51,92,1,3,5,20241102,20241109,20241109,4,7.37,29.48,0.0,2.07,8.28,29.48,2.43,1.17,TRK996114,PO574167
SO10054,2,32,143,1,4,6,20240523,20240527,20240524,1,789.13,789.13,0.0,500.36,500.36,789.13,65.1,9.35,TRK237064,PO307757
SO10054,1,48,103,1,4,6,20251022,20251026,20251027,3,690.18,2070.54,0.0,452.27,1356.81,2070.54,170.82,57.11,TRK122859,PO167603
SO10055,4,57,51,1,1,1,20241205,20241209,20241206,2,49.0,98.0,0.0,20.87,41.74,98.0,8.09,3.75,TRK961599,PO859620
SO10056,3,64,102,1,3,5,20250312,20250317,20250315,1,45.23,45.23,0.0,23.51,23.51,45.23,3.73,0.74,TRK567676,PO255851
SO10057,4,32,9,1,3,5,20250225,20250307,20250226,3,789.13,2367.39,0.0,500.36,1501.08,2367.39,195.31,29.9,TRK309146,PO773870
SO10058,4,32,135,4,1,1,20250710,20250713,20250714,3,789.13,2367.39,355.11,500.36,1501.08,2012.28,166.01,67.33,TRK460745,PO693128
SO10058,3,42,129,1,4,6,20240127,20240204,20240201,2,2416.26,4832.52,0.0,1576.33,3152.66,4832.52,398.68,80.08,TRK161437,PO947935
SO10059,1,68,121,2,4,6,20240826,20240831,20240827,2,32.68,65.36,3.27,13.97,27.94,62.09,5.12,1.08,TRK901164,PO330069
SO10059,3,50,148,3,2,4,20240626,20240701,20240628,2,37.64,75.28,7.53,13.75,27.5,67.75,5.59,1.88,TRK720298,PO129576
SO10060,2,19,91,4,2,4,20250519,20250526,20250521,2,3766.58,7533.16,1129.97,2212.17,4424.34,6403.19,528.26,158.24,TRK730889,PO329437
SO10060,3,68,6,1,1,2,20250920,20250926,20250927,3,32.68,98.04,0.0,13.97,41.91,98.04,8.09,1.36,TRK162448,PO122977
SO10060,1,19,38,3,1,1,20250108,20250112,20250111,1,3766.58,3766.58,376.66,2212.17,2212.17,3389.92,279.67,105.55,TRK452909,PO416423
SO10060,3,18,83,2,1,1,20250323,20250402,20250329,1,529.51,529.51,26.48,312.58,312.58,503.03,41.5,9.82,TRK334081,PO797860
SO10060,4,49,45,2,1,2,20241028,20241102,20241030,1,800.9,800.9,40.05,463.15,463.15,760.85,62.77,24.24,TRK992083,PO908274
SO10060,2,5,146,1,1,1,20250918,20250924,20250924,1,2172.52,2172.52,0.0,1294.67,1294.67,2172.52,179.23,58.59,TRK447255,PO881549
SO10061,3,31,20,4,1,3,20240620,20240624,20240627,1,843.25,843.25,126.49,496.89,496.89,716.76,59.13,22.41,TRK568325,PO111949
SO10062,4,27,68,1,3,5,20241224,20241231,20241231,1,2351.92,2351.92,0.0,1624.05,1624.05,2351.92,194.03,31.14,TRK559507,PO868170
SO10062,2,22,108,1,2,4,20250122,20250130,20250127,2,3422.23,6844.46,0.0,2097.84,4195.68,6844.46,564.67,145.52,TRK270557,PO573209
SO10062,2,5,19,1,4,6,20240924,20240928,20240925,1,2172.52,2172.52,0.0,1294.67,1294.67,2172.52,179.23,44.0,TRK867541,PO178645
SO10062,2,12,141,1,3,5,20250920,20250930,20250926,1,1607.83,1607.83,0.0,897.63,897.63,1607.83,132.65,17.57,TRK736818,PO555292
SO10062,3,7,41,1,3,5,20240713,20240722,20240719,1,1525.01,1525.01,0.0,904.22,904.22,1525.01,125.81,40.6,TRK792687,PO395198
SO10063,1,31,77,1,1,1,20250808,20250818,20250810,1,843.25,843.25,0.0,496.89,496.89,843.25,69.57,9.81,TRK408857,PO963918
SO10064,4,26,123,1,1,1,20240623,20240630,20240624,1,2392.26,2392.26,0.0,1447.45,1447.45,2392.26,197.36,57.91,TRK593821,PO612855
SO10065,3,12,68,1,3,5,20240708,20240716,20240712,3,1607.83,4823.49,0.0,897.63,2692.89,4823.49,397.94,101.69,TRK561101,PO587648
SO10065,4,29,68,1,3,5,20240603,20240607,20240604,1,740.85,740.85,0.0,503.82,503.82,740.85,61.12,22.26,TRK893202,PO718372
SO10066,1,8,59,2,3,5,20250304,20250314,20250309,2,1689.57,3379.14,168.96,956.83,1913.66,3210.18,264.84,117.01,TRK513982,PO995420
SO10067,2,65,9,3,3,5,20250808,20250813,20250809,4,68.94,275.76,27.58,28.43,113.72,248.18,20.47,9.55,TRK322182,PO947732
SO10068,3,17,50,1,1,2,20251130,20251209,20251202,1,543.13,543.13,0.0,333.47,333.47,543.13,44.81,21.68,TRK435281,PO862422
SO10069,1,12,18,1,3,5,20250719,20250727,20250726,2,1607.83,3215.66,0.0,897.63,1795.26,3215.66,265.29,58.8,TRK924758,PO834435
SO10070,3,54,134,1,4,6,20240531,20240604,20240601,1,45.95,45.95,0.0,21.77,21.77,45.95,3.79,1.24,TRK661652,PO460572
SO10071,4,34,106,1,2,4,20250808,20250818,20250809,2,748.1,1496.2,0.0,449.62,899.24,1496.2,123.44,22.69,TRK140666,PO515018
SO10071,3,31,85,2,2,4,20241002,20241010,20241003,1,843.25,843.25,42.16,496.89,496.89,801.09,66.09,16.13,TRK393964,PO983788
SO10072,1,13,126,1,1,2,20250329,20250406,20250401,1,579.5,579.5,0.0,301.9,301.9,579.5,47.81,18.47,TRK297064,PO563173
SO10072,1,53,55,1,1,2,20250612,20250620,20250619,5,47.17,235.85,0.0,22.5,112.5,235.85,19.46,2.76,TRK426236,PO844037
SO10072,1,52,130,2,1,1,20250620,20250623,20250622,2,21.61,43.22,2.16,8.05,16.1,41.06,3.39,0.65,TRK361609,PO134677
SO10073,1,7,117,2,3,5,20241007,20241015,20241014,1,1525.01,1525.01,76.25,904.22,904.22,1448.76,119.52,34.66,TRK814263,PO132047
SO10074,3,48,62,1,1,3,20240630,20240710,20240705,2,690.18,1380.36,0.0,452.27,904.54,1380.36,113.88,36.63,TRK885342,PO971230
SO10075,2,37,24,1,4,6,20240615,20240621,20240622,1,829.09,829.09,0.0,471.59,471.59,829.09,68.4,13.8,TRK382154,PO783238
SO10076,1,66,105,3,1,2,20251129,20251202,20251203,1,63.0,63.0,6.3,25.09,25.09,56.7,4.68,2.12,TRK334639,PO364650
SO10077,4,36,79,3,1,3,20241223,20250102,20241226,2,745.84,1491.68,149.17,520.44,1040.88,1342.51,110.76,22.21,TRK712879,PO207282
SO10078,3,66,2,4,2,4,20250118,20250125,20250121,5,63.0,315.0,47.25,25.09,125.45,267.75,22.09,8.18,TRK389913,PO771712
SO10078,1,36,84,1,3,5,20251029,20251105,20251031,1,745.84,745.84,0.0,520.44,520.44,745.84,61.53,10.81,TRK944554,PO998960
SO10079,4,41,104,1,2,4,20240127,20240206,20240130,3,2407.41,7222.23,0.0,1425.74,4277.22,7222.23,595.83,128.43,TRK872519,PO137034
SO10080,2,25,150,2,1,3,20240815,20240825,20240821,1,2496.04,2496.04,124.8,1485.17,1485.17,2371.24,195.63,49.21,TRK981473,PO789558
SO10080,2,24,143,1,4,6,20240511,20240518,20240517,1,2287.04,2287.04,0.0,1464.07,1464.07,2287.04,188.68,78.33,TRK812730,PO451936
SO10081,3,29,23,1,1,1,20241110,20241119,20241117,1,740.85,740.85,0.0,503.82,503.82,740.85,61.12,27.12,TRK586288,PO992562
SO10082,4,61,31,3,2,4,20250820,20250824,20250824,1,51.06,51.06,5.11,22.14,22.14,45.95,3.79,1.69,TRK655575,PO412848
SO10082,4,7,106,1,2,4,20240724,20240801,20240728,1,1525.01,1525.01,0.0,904.22,904.22,1525.01,125.81,60.41,TRK250181,PO431752
SO10083,2,11,47,1,2,4,20240630,20240708,20240706,2,1730.74,3461.48,0.0,980.12,1960.24,3461.48,285.57,40.64,TRK898169,PO911117
SO10084,4,21,44,2,1,1,20240331,20240405,20240405,2,3695.11,7390.22,369.51,2013.24,4026.48,7020.71,579.21,161.56,TRK600590,PO501936
SO10085,1,5,2,1,2,4,20250117,20250120,20250120,2,2172.52,4345.04,0.0,1294.67,2589.34,4345.04,358.47,142.11,TRK809621,PO104324
SO10086,2,29,64,3,3,5,20241115,20241120,20241116,3,740.85,2222.55,222.26,503.82,1511.46,2000.29,165.02,43.02,TRK168458,PO963862
SO10086,3,39,12,1,1,3,20250616,20250624,20250620,1,2542.13,2542.13,0.0,1472.24,1472.24,2542.13,209.73,93.14,TRK613989,PO476701
SO10087,2,22,49,1,4,6,20240817,20240822,20240819,2,3422.23,6844.46,0.0,2097.84,4195.68,6844.46,564.67,219.18,TRK229144,PO484398
SO10087,1,49,10,1,3,5,20250701,20250704,20250706,3,800.9,2402.7,0.0,463.15,1389.45,2402.7,198.22,95.72,TRK150578,PO823255
SO10088,1,54,30,1,2,4,20250714,20250721,20250718,3,45.95,137.85,0.0,21.77,65.31,137.85,11.37,4.28,TRK415743,PO541315
SO10089,1,67,26,1,3,5,20240520,20240529,20240527,2,68.93,137.86,0.0,28.93,57.86,137.86,11.37,5.1,TRK396439,PO219550
SO10090,1,64,28,1,1,2,20240926,20241002,20240929,2,45.23,90.46,0.0,23.51,47.02,90.46,7.46,2.81,TRK674765,PO620465
SO10090,2,62,54,1,1,3,20240114,20240118,20240115,2,51.18,102.36,0.0,22.11,44.22,102.36,8.44,3.59,TRK194458,PO917392
SO10091,4,10,131,2,1,1,20240919,20240925,20240923,3,1731.69,5195.07,259.75,874.99,2624.97,4935.32,407.16,195.73,TRK152512,PO204657
SO10092,1,6,45,1,1,2,20251124,20251202,20251128,1,2100.96,2100.96,0.0,1401.2,1401.2,2100.96,173.33,67.56,TRK110142,PO993385
SO10092,2,22,36,1,1,1,20250324,20250331,20250330,1,3422.23,3422.23,0.0,2097.84,2097.84,3422.23,282.33,43.77,TRK219361,PO520245
SO10093,2,59,103,3,4,6,20250504,20250513,20250510,2,47.42,94.84,9.48,22.49,44.98,85.36,7.04,3.12,TRK829987,PO861697
SO10094,4,21,16,1,4,6,20250827,20250906,20250903,1,3695.11,3695.11,0.0,2013.24,2013.24,3695.11,304.85,100.02,TRK917012,PO476018
SO10095,3,17,8,3,2,4,20240425,20240504,20240429,2,543.13,1086.26,108.63,333.47,666.94,977.63,80.65,11.12,TRK112960,PO838793
SO10096,3,29,135,3,1,1,20250615,20250619,20250619,3,740.85,2222.55,222.26,503.82,1511.46,2000.29,165.02,59.71,TRK795951,PO809147
SO10097,4,20,99,3,2,4,20250919,20250922,20250920,2,3785.07,7570.14,757.01,2197.87,4395.74,6813.13,562.08,199.64,TRK993251,PO619920
SO10098,4,10,43,1,4,6,20241204,20241211,20241205,2,1731.69,3463.38,0.0,874.99,1749.98,3463.38,285.73,87.3,TRK522866,PO956794
SO10099,1,11,61,1,4,6,20250809,20250819,20250810,2,1730.74,3461.48,0.0,980.12,1960.24,3461.48,285.57,123.57,TRK621533,PO881439
SO10100,3,14,5,1,2,4,20250724,20250727,20250731,2,504.81,1009.62,0.0,290.0,580.0,1009.62,83.29,12.85,TRK633030,PO689648
SO10101,4,59,53,1,1,1,20240225,20240302,20240303,2,47.42,94.84,0.0,22.49,44.98,94.84,7.82,2.24,TRK851470,PO789089
SO10101,3,58,94,1,4,6,20251105,20251111,20251106,1,52.24,52.24,0.0,23.3,23.3,52.24,4.31,1.06,TRK674295,PO647341
SO10101,1,14,96,3,1,3,20250519,20250524,20250526,1,504.81,504.81,50.48,290.0,290.0,454.33,37.48,14.31,TRK366641,PO740524
SO10102,3,25,51,3,1,1,20250206,20250212,20250210,1,2496.04,2496.04,249.6,1485.17,1485.17,2246.44,185.33,78.03,TRK213000,PO893928
SO10103,2,6,107,3,4,6,20250825,20250829,20250901,3,2100.96,6302.88,630.29,1401.2,4203.6,5672.59,467.99,208.48,TRK623059,PO104548
SO10103,2,7,136,3,1,1,20250822,20250901,20250827,2,1525.01,3050.02,305.0,904.22,1808.44,2745.02,226.46,91.77,TRK865979,PO954845
SO10104,2,14,33,1,2,4,20250912,20250920,20250917,2,504.81,1009.62,0.0,290.0,580.0,1009.62,83.29,36.79,TRK386886,PO517196
SO10104,3,38,88,2,1,2,20240521,20240530,20240526,2,2443.29,4886.58,244.33,1457.25,2914.5,4642.25,382.99,143.91,TRK984027,PO835570
SO10104,3,41,141,2,3,5,20250720,20250726,20250722,3,2407.41,7222.23,361.11,1425.74,4277.22,6861.12,566.04,111.78,TRK805034,PO239116
SO10105,4,65,46,1,2,4,20241126,20241130,20241203,4,68.94,275.76,0.0,28.43,113.72,275.76,22.75,5.67,TRK806995,PO884197
SO10106,1,37,137,2,2,4,20250619,20250623,20250620,2,829.09,1658.18,82.91,471.59,943.18,1575.27,129.96,33.75,TRK309612,PO379947
SO10107,4,37,42,1,3,5,20240304,20240311,20240306,3,829.09,2487.27,0.0,471.59,1414.77,2487.27,205.2,81.1,TRK207458,PO746036
SO10107,3,29,144,1,1,3,20250202,20250208,20250207,3,740.85,2222.55,0.0,503.82,1511.46,2222.55,183.36,74.52,TRK826596,PO796772
SO10108,4,49,13,1,1,1,20241116,20241119,20241117,2,800.9,1601.8,0.0,463.15,926.3,1601.8,132.15,51.75,TRK970300,PO336504
SO10108,2,70,95,1,3,5,20240717,20240724,20240721,5,36.49,182.45,0.0,13.17,65.85,182.45,15.05,2.8,TRK282237,PO870786
SO10108,1,16,132,1,1,3,20241012,20241019,20241014,2,566.54,1133.08,0.0,321.39,642.78,1133.08,93.48,16.8,TRK446620,PO588983
SO10109,3,6,40,3,3,5,20250903,20250906,20250910,1,2100.96,2100.96,210.1,1401.2,1401.2,1890.86,156.0,71.8,TRK614379,PO928278
SO10109,2,46,147,2,4,6,20241121,20241127,20241123,1,695.66,695.66,34.78,470.4,470.4,660.88,54.52,16.93,TRK536135,PO669460
SO10110,4,52,138,1,4,6,20240806,20240814,20240809,1,21.61,21.61,0.0,8.05,8.05,21.61,1.78,0.45,TRK688602,PO963699
SO10111,1,15,3,1,1,1,20240903,20240909,20240904,3,570.02,1710.06,0.0,315.14,945.42,1710.06,141.08,52.12,TRK504620,PO369054
SO10111,2,37,139,3,4,6,20250118,20250128,20250122,1,829.09,829.09,82.91,471.59,471.59,746.18,61.56,8.44,TRK435872,PO638857
SO10111,2,13,22,4,3,5,20250704,20250707,20250710,1,579.5,579.5,86.92,301.9,301.9,492.58,40.64,5.89,TRK818699,PO544815
SO10112,3,27,27,3,4,6,20250321,20250325,20250327,2,2351.92,4703.84,470.38,1624.05,3248.1,4233.46,349.26,129.46,TRK139726,PO191772
SO10112,4,7,19,2,4,6,20250725,20250729,20250730,1,1525.01,1525.01,76.25,904.22,904.22,1448.76,119.52,50.2,TRK506881,PO573039
SO10112,1,56,104,1,2,4,20251120,20251124,20251125,2,51.95,103.9,0.0,21.17,42.34,103.9,8.57,1.06,TRK892682,PO882186
SO10113,1,6,150,3,1,3,20250101,20250105,20250104,3,2100.96,6302.88,630.29,1401.2,4203.6,5672.59,467.99,190.64,TRK395192,PO902448
SO10114,4,49,113,3,1,3,20240201,20240211,20240203,2,800.9,1601.8,160.18,463.15,926.3,1441.62,118.93,37.49,TRK935474,PO936223
SO10115,1,38,140,1,4,6,20251124,20251202,20251125,3,2443.29,7329.87,0.0,1457.25,4371.75,7329.87,604.71,195.02,TRK143802,PO105274
SO10115,3,51,147,1,4,6,20240328,20240404,20240330,4,7.37,29.48,0.0,2.07,8.28,29.48,2.43,0.96,TRK322022,PO532699
SO10115,1,19,132,1,1,3,20250923,20250930,20250925,1,3766.58,3766.58,0.0,2212.17,2212.17,3766.58,310.74,50.62,TRK992744,PO887524
SO10115,4,60,141,1,3,5,20241024,20241028,20241027,5,49.85,249.25,0.0,20.78,103.9,249.25,20.56,3.23,TRK446922,PO474486
SO10116,3,31,33,1,2,4,20240312,20240318,20240315,1,843.25,843.25,0.0,496.89,496.89,843.25,69.57,20.72,TRK827143,PO712546
SO10117,4,47,40,4,3,5,20240621,20240624,20240624,1,776.68,776.68,116.5,455.26,455.26,660.18,54.46,11.48,TRK390119,PO980919
SO10118,1,18,93,2,1,2,20250506,20250516,20250510,3,529.51,1588.53,79.43,312.58,937.74,1509.1,124.5,31.33,TRK284308,PO776909
SO10119,1,36,21,3,4,6,20240720,20240727,20240726,1,745.84,745.84,74.58,520.44,520.44,671.26,55.38,24.56,TRK119535,PO990856
SO10120,4,4,130,1,1,1,20250827,20250902,20250828,2,2338.05,4676.1,0.0,1307.47,2614.94,4676.1,385.78,124.14,TRK785672,PO912853
SO10121,4,47,39,1,3,5,20250826,20250902,20250828,2,776.68,1553.36,0.0,455.26,910.52,1553.36,128.15,37.19,TRK481540,PO626560
SO10122,2,31,3,1,1,1,20250610,20250615,20250614,2,843.25,1686.5,0.0,496.89,993.78,1686.5,139.14,24.92,TRK871667,PO867562
SO10123,2,46,124,1,2,4,20250514,20250520,20250515,1,695.66,695.66,0.0,470.4,470.4,695.66,57.39,12.47,TRK643042,PO929906
SO10123,3,50,93,3,1,2,20240217,20240220,20240223,3,37.64,112.92,11.29,13.75,41.25,101.63,8.38,2.0,TRK975427,PO877948
SO10123,1,70,68,1,3,5,20251031,20251109,20251103,4,36.49,145.96,0.0,13.17,52.68,145.96,12.04,4.03,TRK641760,PO363807
SO10124,2,29,97,1,1,1,20241219,20241229,20241226,2,740.85,1481.7,0.0,503.82,1007.64,1481.7,122.24,36.25,TRK561267,PO273650
SO10125,1,10,59,1,3,5,20240804,20240809,20240806,2,1731.69,3463.38,0.0,874.99,1749.98,3463.38,285.73,50.98,TRK793223,PO341535
SO10126,4,43,107,1,4,6,20251122,20251202,20251126,3,2345.63,7036.89,0.0,1415.45,4246.35,7036.89,580.54,114.85,TRK123536,PO355506
SO10127,2,17,12,1,1,3,20240517,20240520,20240522,2,543.13,1086.26,0.0,333.47,666.94,1086.26,89.62,15.65,TRK641737,PO525151
SO10127,4,3,145,2,1,3,20241017,20241021,20241019,3,2283.24,6849.72,342.49,1439.58,4318.74,6507.23,536.85,152.76,TRK278852,PO330019
SO10128,4,19,106,3,2,4,20240705,20240712,20240707,2,3766.58,7533.16,753.32,2212.17,4424.34,6779.84,559.34,215.09,TRK725510,PO719284
SO10128,4,30,18,1,3,5,20240421,20240424,20240423,2,739.88,1479.76,0.0,476.63,953.26,1479.76,122.08,38.0,TRK966662,PO256826
SO10128,1,23,25,3,4,6,20250906,20250909,20250913,2,2278.75,4557.5,455.75,1453.1,2906.2,4101.75,338.39,106.41,TRK605666,PO791423
SO10128,4,70,34,3,2,4,20251125,20251204,20251130,1,36.49,36.49,3.65,13.17,13.17,32.84,2.71,0.74,TRK340633,PO941272
SO10129,2,49,124,1,2,4,20250812,20250816,20250816,1,800.9,800.9,0.0,463.15,463.15,800.9,66.07,11.23,TRK187889,PO397026
SO10129,3,53,140,1,4,6,20240108,20240112,20240113,2,47.17,94.34,0.0,22.5,45.0,94.34,7.78,0.96,TRK528705,PO479867
SO10130,3,20,28,1,1,2,20240916,20240923,20240923,2,3785.07,7570.14,0.0,2197.87,4395.74,7570.14,624.54,197.45,TRK813666,PO516760
SO10131,3,53,53,2,1,1,20250509,20250514,20250512,4,47.17,188.68,9.43,22.5,90.0,179.25,14.79,4.8,TRK705711,PO461083
SO10132,2,18,102,1,3,5,20240823,20240902,20240830,3,529.51,1588.53,0.0,312.58,937.74,1588.53,131.05,49.21,TRK633036,PO520018
SO10133,4,7,87,1,1,2,20251013,20251016,20251020,1,1525.01,1525.01,0.0,904.22,904.22,1525.01,125.81,19.42,TRK192422,PO167193
SO10134,1,29,68,1,3,5,20240208,20240217,20240212,1,740.85,740.85,0.0,503.82,503.82,740.85,61.12,21.05,TRK911187,PO960072
SO10135,2,64,45,1,1,2,20251103,20251110,20251105,3,45.23,135.69,0.0,23.51,70.53,135.69,11.19,1.49,TRK745073,PO277715
SO10136,4,47,10,1,3,5,20240610,20240614,20240613,1,776.68,776.68,0.0,455.26,455.26,776.68,64.08,25.93,TRK525146,PO714549
SO10136,3,67,52,2,2,4,20240311,20240315,20240316,1,68.93,68.93,3.45,28.93,28.93,65.48,5.4,1.21,TRK464354,PO955129
SO10137,1,29,71,4,4,6,20250410,20250419,20250415,2,740.85,1481.7,222.25,503.82,1007.64,1259.45,103.9,12.77,TRK685766,PO175902
SO10138,4,38,129,4,4,6,20250609,20250616,20250614,1,2443.29,2443.29,366.49,1457.25,1457.25,2076.8,171.34,71.43,TRK495397,PO690525
SO10139,3,32,124,4,2,4,20250414,20250424,20250419,1,789.13,789.13,118.37,500.36,500.36,670.76,55.34,24.05,TRK170835,PO501261
SO10140,1,30,57,1,3,5,20241227,20241230,20250102,1,739.88,739.88,0.0,476.63,476.63,739.88,61.04,25.87,TRK518309,PO806423
SO10141,2,10,88,3,1,2,20250502,20250510,20250505,2,1731.69,3463.38,346.34,874.99,1749.98,3117.04,257.16,51.61,TRK882401,PO816289
SO10141,3,64,49,1,4,6,20240904,20240911,20240906,5,45.23,226.15,0.0,23.51,117.55,226.15,18.66,3.82,TRK263573,PO916776
SO10141,1,16,28,1,1,2,20251110,20251120,20251115,1,566.54,566.54,0.0,321.39,321.39,566.54,46.74,5.78,TRK989203,PO605719
SO10141,3,41,96,3,1,3,20250811,20250818,20250815,2,2407.41,4814.82,481.48,1425.74,2851.48,4333.34,357.5,67.11,TRK517206,PO332881
SO10142,2,17,148,1,2,4,20250309,20250319,20250314,1,543.13,543.13,0.0,333.47,333.47,543.13,44.81,5.96,TRK579404,PO226215
SO10143,3,59,133,1,1,1,20240113,20240119,20240117,2,47.42,94.84,0.0,22.49,44.98,94.84,7.82,2.6,TRK296243,PO675210
SO10144,4,31,68,1,3,5,20250919,20250927,20250922,1,843.25,843.25,0.0,496.89,496.89,843.25,69.57,13.09,TRK834750,PO888734
SO10144,3,47,96,1,1,3,20240703,20240708,20240708,2,776.68,1553.36,0.0,455.26,910.52,1553.36,128.15,47.5,TRK943146,PO347259
SO10145,2,56,143,1,4,6,20240602,20240612,20240609,3,51.95,155.85,0.0,21.17,63.51,155.85,12.86,1.6,TRK990649,PO761286
SO10146,4,69,133,1,1,1,20250513,20250520,20250516,5,32.59,162.95,0.0,14.58,72.9,162.95,13.44,4.38,TRK203782,PO824087
SO10147,3,8,42,2,3,5,20250502,20250506,20250506,1,1689.57,1689.57,84.48,956.83,956.83,1605.09,132.42,51.91,TRK687569,PO684572
SO10148,2,45,66,1,3,5,20241225,20241231,20241230,1,693.43,693.43,0.0,427.6,427.6,693.43,57.21,18.91,TRK918213,PO398433
SO10149,2,42,91,1,2,4,20250402,20250406,20250406,3,2416.26,7248.78,0.0,1576.33,4728.99,7248.78,598.02,205.94,TRK275715,PO771697
SO10150,3,54,87,1,1,2,20250218,20250222,20250219,5,45.95,229.75,0.0,21.77,108.85,229.75,18.95,3.41,TRK784733,PO405509
SO10150,2,51,69,3,4,6,20250106,20250116,20250110,2,7.37,14.74,1.47,2.07,4.14,13.27,1.09,0.2,TRK863124,PO346024
SO10151,1,11,65,1,2,4,20240415,20240419,20240416,1,1730.74,1730.74,0.0,980.12,980.12,1730.74,142.79,65.95,TRK127645,PO908382
SO10151,3,68,102,1,3,5,20250924,20250929,20250925,1,32.68,32.68,0.0,13.97,13.97,32.68,2.7,0.97,TRK340497,PO359414
SO10152,3,57,73,1,1,1,20250623,20250628,20250624,5,49.0,245.0,0.0,20.87,104.35,245.0,20.21,2.71,TRK599284,PO589887
SO10153,4,35,139,1,4,6,20250706,20250711,20250711,2,758.91,1517.82,0.0,467.94,935.88,1517.82,125.22,42.39,TRK648887,PO770864
SO10154,2,40,137,1,2,4,20240820,20240824,20240824,1,2294.32,2294.32,0.0,1421.92,1421.92,2294.32,189.28,44.13,TRK418319,PO111068
SO10154,4,67,1,1,2,4,20250425,20250428,20250501,2,68.93,137.86,0.0,28.93,57.86,137.86,11.37,5.19,TRK414164,PO109576
SO10155,4,38,111,1,4,6,20240108,20240116,20240110,2,2443.29,4886.58,0.0,1457.25,2914.5,4886.58,403.14,109.23,TRK362035,PO271200
SO10155,3,49,100,1,1,2,20250308,20250314,20250313,1,800.9,800.9,0.0,463.15,463.15,800.9,66.07,26.38,TRK398505,PO779956
SO10156,4,35,137,1,2,4,20240311,20240316,20240313,2,758.91,1517.82,0.0,467.94,935.88,1517.82,125.22,28.36,TRK385353,PO834498
SO10157,2,25,126,1,1,2,20240220,20240223,20240222,1,2496.04,2496.04,0.0,1485.17,1485.17,2496.04,205.92,97.77,TRK849937,PO559713
SO10157,4,30,3,1,1,1,20250520,20250526,20250523,1,739.88,739.88,0.0,476.63,476.63,739.88,61.04,16.73,TRK489438,PO586208
SO10158,4,43,9,3,3,5,20240529,20240601,20240601,1,2345.63,2345.63,234.56,1415.45,1415.45,2111.07,174.16,70.23,TRK290425,PO301528
SO10159,1,49,65,1,2,4,20240911,20240920,20240918,1,800.9,800.9,0.0,463.15,463.15,800.9,66.07,31.43,TRK308855,PO583220
SO10159,2,67,25,4,4,6,20250429,20250508,20250505,5,68.93,344.65,51.7,28.93,144.65,292.95,24.17,11.38,TRK759726,PO863611
SO10160,2,67,11,1,3,5,20251015,20251022,20251017,1,68.93,68.93,0.0,28.93,28.93,68.93,5.69,1.43,TRK218414,PO347428
SO10161,1,42,112,1,4,6,20241009,20241013,20241013,1,2416.26,2416.26,0.0,1576.33,1576.33,2416.26,199.34,81.37,TRK709303,PO921533
SO10162,1,20,122,2,1,2,20240911,20240916,20240915,1,3785.07,3785.07,189.25,2197.87,2197.87,3595.82,296.66,45.82,TRK162678,PO472787
SO10162,4,69,40,1,3,5,20240826,20240903,20240831,1,32.59,32.59,0.0,14.58,14.58,32.59,2.69,1.1,TRK868804,PO302338
SO10163,4,49,6,2,1,2,20240913,20240916,20240917,1,800.9,800.9,40.05,463.15,463.15,760.85,62.77,23.74,TRK298994,PO694229
SO10163,2,70,48,1,1,3,20250424,20250501,20250501,2,36.49,72.98,0.0,13.17,26.34,72.98,6.02,2.55,TRK172222,PO656937
SO10164,4,58,40,2,3,5,20250708,20250716,20250712,2,52.24,104.48,5.22,23.3,46.6,99.26,8.19,0.99,TRK869295,PO294546
SO10165,2,47,5,1,2,4,20240305,20240314,20240307,2,776.68,1553.36,0.0,455.26,910.52,1553.36,128.15,39.96,TRK742818,PO396882
SO10166,1,53,83,1,1,1,20240408,20240412,20240409,5,47.17,235.85,0.0,22.5,112.5,235.85,19.46,8.27,TRK311895,PO212255
SO10167,3,25,125,1,1,2,20251019,20251028,20251025,1,2496.04,2496.04,0.0,1485.17,1485.17,2496.04,205.92,61.65,TRK151470,PO484150
SO10167,1,10,57,3,3,5,20240801,20240811,20240808,1,1731.69,1731.69,173.17,874.99,874.99,1558.52,128.58,19.32,TRK478458,PO685126
SO10168,3,48,107,1,4,6,20250923,20250930,20250928,3,690.18,2070.54,0.0,452.27,1356.81,2070.54,170.82,23.23,TRK181721,PO326387
SO10168,2,13,133,2,1,1,20250628,20250707,20250630,1,579.5,579.5,28.98,301.9,301.9,550.52,45.42,8.69,TRK685549,PO885587
SO10168,1,54,143,1,4,6,20251015,20251023,20251021,5,45.95,229.75,0.0,21.77,108.85,229.75,18.95,5.46,TRK274912,PO930956
SO10169,3,52,47,1,2,4,20240610,20240620,20240613,4,21.61,86.44,0.0,8.05,32.2,86.44,7.13,3.2,TRK985893,PO489776
SO10169,3,56,106,1,2,4,20240903,20240909,20240907,5,51.95,259.75,0.0,21.17,105.85,259.75,21.43,8.56,TRK477496,PO574379
SO10169,1,51,115,2,1,3,20241018,20241021,20241023,1,7.37,7.37,0.37,2.07,2.07,7.0,0.58,0.1,TRK414922,PO332665
SO10170,2,41,55,2,1,2,20241009,20241014,20241010,1,2407.41,2407.41,120.37,1425.74,1425.74,2287.04,188.68,25.46,TRK377860,PO484914
SO10170,1,32,150,1,1,3,20241103,20241107,20241108,1,789.13,789.13,0.0,500.36,500.36,789.13,65.1,17.36,TRK858729,PO440464
SO10171,4,23,124,3,2,4,20250813,20250817,20250818,2,2278.75,4557.5,455.75,1453.1,2906.2,4101.75,338.39,120.05,TRK182289,PO918017
SO10171,1,43,15,3,2,4,20250320,20250329,20250327,1,2345.63,2345.63,234.56,1415.45,1415.45,2111.07,174.16,28.74,TRK764678,PO915182
SO10172,1,7,98,1,1,3,20241122,20241127,20241125,1,1525.01,1525.01,0.0,904.22,904.22,1525.01,125.81,38.24,TRK806357,PO867115
SO10173,2,58,101,1,1,2,20240402,20240408,20240406,4,52.24,208.96,0.0,23.3,93.2,208.96,17.24,3.91,TRK452497,PO186554
SO10173,2,7,122,1,1,2,20240328,20240406,20240402,2,1525.01,3050.02,0.0,904.22,1808.44,3050.02,251.63,70.26,TRK604283,PO686464
SO10173,3,63,51,1,1,1,20240719,20240725,20240721,3,45.08,135.24,0.0,21.38,64.14,135.24,11.16,1.64,TRK817999,PO703998
SO10174,1,15,23,1,1,1,20250109,20250117,20250111,3,570.02,1710.06,0.0,315.14,945.42,1710.06,141.08,33.56,TRK907069,PO419625
SO10174,2,45,44,3,1,1,20250328,20250402,20250401,2,693.43,1386.86,138.69,427.6,855.2,1248.17,102.97,14.16,TRK818651,PO491979
SO10175,3,11,40,2,3,5,20240905,20240910,20240912,1,1730.74,1730.74,86.54,980.12,980.12,1644.2,135.65,57.5,TRK827497,PO943349
SO10176,3,40,29,1,1,1,20241205,20241211,20241211,2,2294.32,4588.64,0.0,1421.92,2843.84,4588.64,378.56,119.95,TRK675458,PO606489
SO10177,3,3,37,1,2,4,20251110,20251113,20251113,2,2283.24,4566.48,0.0,1439.58,2879.16,4566.48,376.73,69.0,TRK155663,PO587546
SO10178,4,9,3,1,1,1,20251109,20251117,20251116,2,1576.2,3152.4,0.0,963.57,1927.14,3152.4,260.07,41.73,TRK342397,PO499194
SO10178,1,13,131,1,1,1,20250903,20250907,20250905,1,579.5,579.5,0.0,301.9,301.9,579.5,47.81,9.25,TRK141683,PO359409
SO10179,3,40,136,1,1,1,20240609,20240612,20240612,1,2294.32,2294.32,0.0,1421.92,1421.92,2294.32,189.28,70.04,TRK347678,PO625600
SO10180,3,8,71,1,4,6,20250131,20250203,20250205,3,1689.57,5068.71,0.0,956.83,2870.49,5068.71,418.17,195.01,TRK511929,PO788842
SO10181,3,12,36,1,1,1,20251125,20251201,20251129,3,1607.83,4823.49,0.0,897.63,2692.89,4823.49,397.94,83.02,TRK734775,PO445280
SO10181,2,70,115,1,1,3,20240521,20240527,20240528,2,36.49,72.98,0.0,13.17,26.34,72.98,6.02,1.03,TRK550955,PO907455
SO10181,1,21,38,1,1,1,20250629,20250703,20250701,1,3695.11,3695.11,0.0,2013.24,2013.24,3695.11,304.85,72.16,TRK902616,PO434168
SO10182,2,53,106,1,2,4,20251014,20251021,20251016,2,47.17,94.34,0.0,22.5,45.0,94.34,7.78,3.15,TRK127470,PO899484
SO10183,4,30,69,1,4,6,20240127,20240204,20240128,2,739.88,1479.76,0.0,476.63,953.26,1479.76,122.08,45.35,TRK846606,PO781121
SO10184,1,24,96,1,1,3,20240520,20240525,20240522,2,2287.04,4574.08,0.0,1464.07,2928.14,4574.08,377.36,76.79,TRK382967,PO533108
SO10185,2,26,57,1,3,5,20250325,20250404,20250331,1,2392.26,2392.26,0.0,1447.45,1447.45,2392.26,197.36,47.24,TRK548324,PO524533
SO10186,1,49,11,1,3,5,20250918,20250921,20250923,3,800.9,2402.7,0.0,463.15,1389.45,2402.7,198.22,31.91,TRK357657,PO643899
SO10187,3,51,138,1,4,6,20250131,20250203,20250202,5,7.37,36.85,0.0,2.07,10.35,36.85,3.04,0.69,TRK911259,PO967823
SO10188,4,60,74,1,3,5,20250919,20250922,20250925,2,49.85,99.7,0.0,20.78,41.56,99.7,8.23,2.54,TRK194834,PO857750
SO10189,2,15,129,2,4,6,20250713,20250718,20250717,1,570.02,570.02,28.5,315.14,315.14,541.52,44.68,12.13,TRK575718,PO718990
SO10190,4,59,52,1,2,4,20251026,20251031,20251101,1,47.42,47.42,0.0,22.49,22.49,47.42,3.91,1.52,TRK764873,PO480573
SO10191,2,68,22,1,3,5,20250607,20250612,20250611,5,32.68,163.4,0.0,13.97,69.85,163.4,13.48,4.33,TRK451475,PO692960
SO10191,4,21,39,1,3,5,20240222,20240302,20240225,1,3695.11,3695.11,0.0,2013.24,2013.24,3695.11,304.85,71.26,TRK402808,PO756883
SO10191,1,16,47,4,2,4,20240104,20240111,20240105,1,566.54,566.54,84.98,321.39,321.39,481.56,39.73,11.44,TRK737517,PO617437
SO10192,2,28,61,1,4,6,20250409,20250418,20250413,2,2500.86,5001.72,0.0,1544.51,3089.02,5001.72,412.64,61.93,TRK673929,PO391622
SO10193,3,27,143,1,4,6,20240226,20240305,20240227,1,2351.92,2351.92,0.0,1624.05,1624.05,2351.92,194.03,33.78,TRK447195,PO191962
SO10193,2,14,13,4,1,1,20240614,20240621,20240619,2,504.81,1009.62,151.44,290.0,580.0,858.18,70.8,25.6,TRK577456,PO885734
SO10193,4,47,149,1,3,5,20241102,20241110,20241105,1,776.68,776.68,0.0,455.26,455.26,776.68,64.08,28.68,TRK984274,PO677210
SO10194,2,38,17,1,3,5,20241008,20241016,20241013,2,2443.29,4886.58,0.0,1457.25,2914.5,4886.58,403.14,109.52,TRK741784,PO161010
SO10195,3,68,28,1,1,2,20250911,20250918,20250915,1,32.68,32.68,0.0,13.97,13.97,32.68,2.7,0.92,TRK236014,PO744129
SO10196,3,64,145,2,1,3,20250524,20250603,20250531,4,45.23,180.92,9.05,23.51,94.04,171.87,14.18,2.65,TRK302957,PO101657
SO10197,1,4,31,1,2,4,20240430,20240506,20240507,2,2338.05,4676.1,0.0,1307.47,2614.94,4676.1,385.78,133.08,TRK450006,PO466634
SO10198,3,28,144,1,1,3,20241015,20241022,20241022,1,2500.86,2500.86,0.0,1544.51,1544.51,2500.86,206.32,30.1,TRK904291,PO106429
SO10199,3,43,30,1,2,4,20250805,20250808,20250812,1,2345.63,2345.63,0.0,1415.45,1415.45,2345.63,193.51,35.82,TRK805139,PO602381
SO10200,4,5,122,1,1,2,20240608,20240618,20240615,3,2172.52,6517.56,0.0,1294.67,3884.01,6517.56,537.7,170.17,TRK878656,PO158743
SO10201,3,39,134,2,4,6,20241119,20241122,20241121,2,2542.13,5084.26,254.21,1472.24,2944.48,4830.05,398.48,131.97,TRK169429,PO256557
SO10202,1,4,72,4,1,2,20251003,20251008,20251008,1,2338.05,2338.05,350.71,1307.47,1307.47,1987.34,163.96,55.98,TRK920347,PO888047
SO10203,3,41,79,1,1,3,20250227,20250303,20250303,3,2407.41,7222.23,0.0,1425.74,4277.22,7222.23,595.83,262.25,TRK326639,PO650607
SO10204,4,23,78,1,1,3,20240208,20240214,20240209,1,2278.75,2278.75,0.0,1453.1,1453.1,2278.75,188.0,53.13,TRK624344,PO261562
SO10204,1,44,49,2,4,6,20250620,20250627,20250627,2,801.07,1602.14,80.11,461.7,923.4,1522.03,125.57,30.17,TRK962074,PO641218
SO10205,1,27,34,1,2,4,20250131,20250204,20250201,3,2351.92,7055.76,0.0,1624.05,4872.15,7055.76,582.1,136.38,TRK449479,PO589554
SO10206,2,14,12,2,1,3,20241115,20241118,20241120,2,504.81,1009.62,50.48,290.0,580.0,959.14,79.13,31.42,TRK436467,PO310297
SO10207,1,37,50,1,1,2,20250327,20250331,20250330,1,829.09,829.09,0.0,471.59,471.59,829.09,68.4,12.0,TRK753205,PO686810
SO10207,3,14,132,1,1,3,20250716,20250724,20250719,1,504.81,504.81,0.0,290.0,290.0,504.81,41.65,7.19,TRK701969,PO356717
SO10208,1,10,44,1,1,1,20241212,20241222,20241213,1,1731.69,1731.69,0.0,874.99,874.99,1731.69,142.86,24.07,TRK211072,PO502233
SO10209,2,12,14,1,1,3,20250902,20250912,20250907,2,1607.83,3215.66,0.0,897.63,1795.26,3215.66,265.29,66.46,TRK847528,PO895242
SO10209,4,11,137,1,2,4,20240405,20240415,20240406,2,1730.74,3461.48,0.0,980.12,1960.24,3461.48,285.57,81.92,TRK593403,PO342948
SO10209,3,19,58,1,2,4,20250107,20250116,20250109,2,3766.58,7533.16,0.0,2212.17,4424.34,7533.16,621.49,233.44,TRK575301,PO611187
SO10209,2,9,8,1,2,4,20250505,20250515,20250512,2,1576.2,3152.4,0.0,963.57,1927.14,3152.4,260.07,47.68,TRK632623,PO207932
SO10210,2,14,104,1,2,4,20240313,20240320,20240318,1,504.81,504.81,0.0,290.0,290.0,504.81,41.65,12.03,TRK751034,PO355528
SO10211,4,21,141,1,3,5,20241214,20241220,20241221,2,3695.11,7390.22,0.0,2013.24,4026.48,7390.22,609.69,227.78,TRK694764,PO925571
SO10212,4,70,88,1,1,2,20251109,20251113,20251115,5,36.49,182.45,0.0,13.17,65.85,182.45,15.05,6.92,TRK219876,PO720928
SO10213,1,42,119,1,1,2,20250331,20250405,20250403,2,2416.26,4832.52,0.0,1576.33,3152.66,4832.52,398.68,186.9,TRK818807,PO953610
SO10213,1,42,98,1,1,3,20240303,20240307,20240305,2,2416.26,4832.52,0.0,1576.33,3152.66,4832.52,398.68,166.78,TRK893853,PO253852
SO10213,3,58,39,1,3,5,20250922,20251002,20250924,4,52.24,208.96,0.0,23.3,93.2,208.96,17.24,3.38,TRK697978,PO932932
SO10213,4,56,78,4,1,3,20241218,20241222,20241223,5,51.95,259.75,38.96,21.17,105.85,220.79,18.22,2.26,TRK988811,PO233751
SO10213,1,8,76,3,1,2,20240224,20240227,20240301,1,1689.57,1689.57,168.96,956.83,956.83,1520.61,125.45,40.75,TRK395917,PO132699
SO10214,2,56,61,1,4,6,20251002,20251010,20251008,5,51.95,259.75,0.0,21.17,105.85,259.75,21.43,5.58,TRK794668,PO281833
SO10214,2,18,122,1,1,2,20250103,20250112,20250105,1,529.51,529.51,0.0,312.58,312.58,529.51,43.68,9.88,TRK240800,PO112166
SO10215,4,3,19,2,4,6,20250513,20250522,20250515,1,2283.24,2283.24,114.16,1439.58,1439.58,2169.08,178.95,27.2,TRK578180,PO927251
SO10216,1,24,109,1,4,6,20250719,20250729,20250723,2,2287.04,4574.08,0.0,1464.07,2928.14,4574.08,377.36,94.5,TRK706012,PO622355
SO10217,3,65,61,1,4,6,20250713,20250721,20250714,2,68.94,137.88,0.0,28.43,56.86,137.88,11.38,5.43,TRK218661,PO708455
SO10218,1,11,124,2,2,4,20250623,20250630,20250627,1,1730.74,1730.74,86.54,980.12,980.12,1644.2,135.65,41.94,TRK357143,PO595401
SO10219,4,70,20,1,1,3,20240224,20240303,20240229,4,36.49,145.96,0.0,13.17,52.68,145.96,12.04,4.87,TRK701846,PO869460
SO10219,3,54,85,4,2,4,20241028,20241104,20241030,2,45.95,91.9,13.79,21.77,43.54,78.11,6.44,0.86,TRK862285,PO923154
SO10219,1,34,145,1,1,3,20250815,20250820,20250820,1,748.1,748.1,0.0,449.62,449.62,748.1,61.72,8.64,TRK400748,PO608307
SO10220,3,17,22,1,3,5,20241011,20241018,20241013,2,543.13,1086.26,0.0,333.47,666.94,1086.26,89.62,30.93,TRK114892,PO877444
SO10221,2,23,29,2,1,1,20251105,20251115,20251108,2,2278.75,4557.5,227.88,1453.1,2906.2,4329.62,357.19,148.23,TRK608473,PO289592
SO10221,4,5,136,4,1,1,20240528,20240602,20240604,1,2172.52,2172.52,325.88,1294.67,1294.67,1846.64,152.35,45.94,TRK349505,PO792759
SO10221,1,22,113,1,1,3,20241219,20241222,20241225,1,3422.23,3422.23,0.0,2097.84,2097.84,3422.23,282.33,61.37,TRK275741,PO586554
SO10222,3,61,103,1,4,6,20250629,20250705,20250703,2,51.06,102.12,0.0,22.14,44.28,102.12,8.42,3.12,TRK252200,PO656208
SO10223,1,2,112,3,4,6,20250404,20250413,20250410,1,2120.81,2120.81,212.08,1338.0,1338.0,1908.73,157.47,37.16,TRK202093,PO657101
SO10224,4,56,91,3,2,4,20241006,20241014,20241009,4,51.95,207.8,20.78,21.17,84.68,187.02,15.43,3.37,TRK583507,PO910707
SO10225,1,25,62,1,1,3,20240703,20240711,20240708,2,2496.04,4992.08,0.0,1485.17,2970.34,4992.08,411.85,51.5,TRK112542,PO531225
SO10226,1,68,26,1,3,5,20241225,20241231,20241231,1,32.68,32.68,0.0,13.97,13.97,32.68,2.7,0.6,TRK749485,PO196407
SO10227,2,28,15,1,2,4,20240502,20240506,20240509,2,2500.86,5001.72,0.0,1544.51,3089.02,5001.72,412.64,140.75,TRK216229,PO829445
SO10227,3,33,48,1,1,3,20240318,20240328,20240321,1,824.9,824.9,0.0,507.46,507.46,824.9,68.05,27.29,TRK369836,PO269833
SO10228,4,36,19,1,4,6,20241206,20241209,20241209,1,745.84,745.84,0.0,520.44,520.44,745.84,61.53,28.84,TRK172769,PO615607
SO10229,1,51,52,1,2,4,20240421,20240426,20240426,2,7.37,14.74,0.0,2.07,4.14,14.74,1.22,0.49,TRK563031,PO850151
SO10229,2,14,67,1,4,6,20250808,20250815,20250815,1,504.81,504.81,0.0,290.0,290.0,504.81,41.65,11.8,TRK784578,PO771440
SO10230,4,5,1,1,2,4,20240604,20240612,20240608,3,2172.52,6517.56,0.0,1294.67,3884.01,6517.56,537.7,177.53,TRK601365,PO557239
SO10230,3,9,104,1,2,4,20250128,20250207,20250129,2,1576.2,3152.4,0.0,963.57,1927.14,3152.4,260.07,85.17,TRK449636,PO814956
SO10230,1,52,78,1,1,3,20251024,20251028,20251027,1,21.61,21.61,0.0,8.05,8.05,21.61,1.78,0.56,TRK982042,PO581966
SO10230,3,26,75,1,2,4,20250128,20250203,20250131,1,2392.26,2392.26,0.0,1447.45,1447.45,2392.26,197.36,73.86,TRK610135,PO188984
SO10230,3,25,113,1,1,3,20240126,20240201,20240130,1,2496.04,2496.04,0.0,1485.17,1485.17,2496.04,205.92,54.07,TRK623956,PO659876
SO10230,4,3,116,1,1,3,20241211,20241214,20241215,1,2283.24,2283.24,0.0,1439.58,1439.58,2283.24,188.37,30.93,TRK811016,PO662625
SO10230,1,30,39,1,3,5,20240524,20240603,20240530,1,739.88,739.88,0.0,476.63,476.63,739.88,61.04,7.82,TRK354471,PO835363
SO10230,1,2,34,1,2,4,20241110,20241114,20241114,1,2120.81,2120.81,0.0,1338.0,1338.0,2120.81,174.97,60.1,TRK957525,PO957179
SO10231,4,15,28,1,1,2,20250922,20250928,20250923,2,570.02,1140.04,0.0,315.14,630.28,1140.04,94.05,38.91,TRK439984,PO226670
SO10232,3,70,148,1,2,4,20240806,20240809,20240811,2,36.49,72.98,0.0,13.17,26.34,72.98,6.02,1.11,TRK248097,PO894348
SO10233,1,22,107,1,4,6,20240617,20240627,20240619,3,3422.23,10266.69,0.0,2097.84,6293.52,10266.69,847.0,387.78,TRK929478,PO988528
SO10234,3,21,97,3,1,1,20240323,20240326,20240324,1,3695.11,3695.11,369.51,2013.24,2013.24,3325.6,274.36,51.16,TRK536440,PO827191
SO10235,1,17,122,1,1,2,20241004,20241014,20241008,1,543.13,543.13,0.0,333.47,333.47,543.13,44.81,9.33,TRK725236,PO288744
SO10236,1,12,128,3,1,3,20241104,20241112,20241108,3,1607.83,4823.49,482.35,897.63,2692.89,4341.14,358.14,44.01,TRK655953,PO200331
SO10237,2,70,93,1,1,2,20251003,20251009,20251006,4,36.49,145.96,0.0,13.17,52.68,145.96,12.04,1.69,TRK818530,PO984769
SO10238,3,64,122,1,1,2,20240214,20240217,20240220,2,45.23,90.46,0.0,23.51,47.02,90.46,7.46,1.89,TRK450533,PO746781
SO10239,1,6,117,2,3,5,20250704,20250709,20250706,1,2100.96,2100.96,105.05,1401.2,1401.2,1995.91,164.66,66.99,TRK174301,PO346729
SO10240,1,42,114,1,4,6,20251124,20251202,20251126,2,2416.26,4832.52,0.0,1576.33,3152.66,4832.52,398.68,161.26,TRK348636,PO873584
SO10240,2,26,106,3,2,4,20240316,20240326,20240321,2,2392.26,4784.52,478.45,1447.45,2894.9,4306.07,355.25,105.64,TRK326665,PO739037
SO10241,3,23,117,1,3,5,20250413,20250419,20250419,2,2278.75,4557.5,0.0,1453.1,2906.2,4557.5,375.99,94.6,TRK233391,PO133653
SO10242,3,8,146,1,1,1,20250421,20250501,20250425,1,1689.57,1689.57,0.0,956.83,956.83,1689.57,139.39,25.57,TRK732958,PO264404
SO10243,4,30,44,1,1,1,20250618,20250628,20250625,1,739.88,739.88,0.0,476.63,476.63,739.88,61.04,29.5,TRK392731,PO115208
SO10243,1,32,110,1,1,3,20250816,20250822,20250821,1,789.13,789.13,0.0,500.36,500.36,789.13,65.1,30.29,TRK538065,PO146372
SO10243,1,61,11,2,3,5,20240204,20240213,20240209,5,51.06,255.3,12.77,22.14,110.7,242.53,20.01,5.29,TRK574419,PO619344
SO10244,1,11,62,2,1,3,20250220,20250226,20250222,2,1730.74,3461.48,173.07,980.12,1960.24,3288.41,271.29,68.24,TRK116703,PO603088
SO10245,4,21,79,1,1,3,20250807,20250810,20250811,3,3695.11,11085.33,0.0,2013.24,6039.72,11085.33,914.54,265.08,TRK293929,PO928226
SO10246,1,60,95,1,3,5,20251004,20251008,20251008,5,49.85,249.25,0.0,20.78,103.9,249.25,20.56,9.17,TRK410997,PO546590
SO10247,3,70,70,2,1,1,20240323,20240331,20240329,4,36.49,145.96,7.3,13.17,52.68,138.66,11.44,5.26,TRK154067,PO216356
SO10247,2,47,99,1,2,4,20250109,20250117,20250111,2,776.68,1553.36,0.0,455.26,910.52,1553.36,128.15,45.74,TRK245129,PO451199
SO10248,3,70,62,1,1,3,20250817,20250823,20250824,1,36.49,36.49,0.0,13.17,13.17,36.49,3.01,1.18,TRK380345,PO628027
SO10248,4,36,109,1,4,6,20241219,20241229,20241223,1,745.84,745.84,0.0,520.44,520.44,745.84,61.53,18.68,TRK844305,PO657742
SO10249,1,38,137,1,2,4,20251120,20251124,20251122,2,2443.29,4886.58,0.0,1457.25,2914.5,4886.58,403.14,179.62,TRK509660,PO287497
SO10250,1,10,74,1,3,5,20240424,20240429,20240428,1,1731.69,1731.69,0.0,874.99,874.99,1731.69,142.86,25.14,TRK407410,PO536770
SO10251,2,17,139,1,4,6,20250330,20250402,20250402,2,543.13,1086.26,0.0,333.47,666.94,1086.26,89.62,17.02,TRK975505,PO644861
SO10251,4,53,86,1,1,1,20251023,20251031,20251027,4,47.17,188.68,0.0,22.5,90.0,188.68,15.57,5.25,TRK580255,PO418853
SO10252,1,17,146,1,1,1,20240923,20240929,20240927,1,543.13,543.13,0.0,333.47,333.47,543.13,44.81,11.49,TRK255544,PO470274
SO10252,2,59,73,1,1,1,20240613,20240620,20240615,2,47.42,94.84,0.0,22.49,44.98,94.84,7.82,3.72,TRK269087,PO349461
SO10253,1,6,30,1,2,4,20250327,20250403,20250330,1,2100.96,2100.96,0.0,1401.2,1401.2,2100.96,173.33,32.64,TRK797883,PO432339
SO10254,4,19,89,1,4,6,20240615,20240622,20240616,1,3766.58,3766.58,0.0,2212.17,2212.17,3766.58,310.74,141.67,TRK905849,PO252446
SO10255,3,41,118,1,4,6,20250713,20250721,20250719,1,2407.41,2407.41,0.0,1425.74,1425.74,2407.41,198.61,75.02,TRK890795,PO701596
SO10256,1,57,38,1,1,1,20250505,20250508,20250507,2,49.0,98.0,0.0,20.87,41.74,98.0,8.09,2.97,TRK521139,PO747518
SO10256,3,58,57,1,3,5,20240226,20240303,20240302,2,52.24,104.48,0.0,23.3,46.6,104.48,8.62,2.69,TRK305222,PO123643
SO10257,1,69,22,1,3,5,20240330,20240408,20240401,3,32.59,97.77,0.0,14.58,43.74,97.77,8.07,2.42,TRK799155,PO478603
SO10258,3,19,102,3,3,5,20250113,20250122,20250116,3,3766.58,11299.74,1129.97,2212.17,6636.51,10169.77,839.01,105.42,TRK567220,PO688285
SO10258,4,28,23,3,1,1,20250301,20250311,20250304,3,2500.86,7502.58,750.26,1544.51,4633.53,6752.32,557.07,100.7,TRK863998,PO534313
SO10259,4,12,36,1,1,1,20250501,20250509,20250502,1,1607.83,1607.83,0.0,897.63,897.63,1607.83,132.65,61.09,TRK192744,PO106940
SO10260,4,35,105,1,1,2,20250418,20250423,20250420,2,758.91,1517.82,0.0,467.94,935.88,1517.82,125.22,23.65,TRK144284,PO962767
SO10261,3,39,78,1,1,3,20250419,20250425,20250420,2,2542.13,5084.26,0.0,1472.24,2944.48,5084.26,419.45,171.53,TRK771670,PO974767
SO10261,2,16,121,1,4,6,20241021,20241030,20241023,3,566.54,1699.62,0.0,321.39,964.17,1699.62,140.22,42.08,TRK129824,PO225152
SO10262,4,64,71,1,4,6,20250105,20250115,20250110,1,45.23,45.23,0.0,23.51,23.51,45.23,3.73,1.04,TRK827968,PO958029
SO10263,4,48,31,2,2,4,20240118,20240125,20240120,2,690.18,1380.36,69.02,452.27,904.54,1311.34,108.19,36.0,TRK826959,PO242079
SO10264,1,21,92,1,3,5,20250305,20250313,20250306,1,3695.11,3695.11,0.0,2013.24,2013.24,3695.11,304.85,69.08,TRK638828,PO303229
SO10264,3,13,47,2,2,4,20250710,20250718,20250717,2,579.5,1159.0,57.95,301.9,603.8,1101.05,90.84,21.46,TRK384645,PO818739
SO10265,4,13,93,1,1,2,20240527,20240530,20240529,2,579.5,1159.0,0.0,301.9,603.8,1159.0,95.62,29.61,TRK532007,PO456844
SO10266,1,14,42,1,3,5,20240814,20240820,20240821,1,504.81,504.81,0.0,290.0,290.0,504.81,41.65,18.63,TRK537619,PO582860
SO10267,4,15,20,3,1,3,20250506,20250514,20250509,1,570.02,570.02,57.0,315.14,315.14,513.02,42.32,15.77,TRK726680,PO648532
SO10268,2,23,88,1,1,2,20240501,20240507,20240503,3,2278.75,6836.25,0.0,1453.1,4359.3,6836.25,563.99,244.08,TRK422361,PO231432
SO10268,1,17,54,1,1,3,20240424,20240428,20240425,1,543.13,543.13,0.0,333.47,333.47,543.13,44.81,18.05,TRK305888,PO213054
SO10268,1,66,9,1,3,5,20240501,20240508,20240502,4,63.0,252.0,0.0,25.09,100.36,252.0,20.79,3.02,TRK920375,PO229806
SO10268,3,26,53,1,1,1,20240130,20240203,20240201,1,2392.26,2392.26,0.0,1447.45,1447.45,2392.26,197.36,84.63,TRK469311,PO268356
SO10269,3,31,129,1,4,6,20240411,20240414,20240416,2,843.25,1686.5,0.0,496.89,993.78,1686.5,139.14,27.84,TRK280117,PO890645
SO10270,1,1,138,1,4,6,20240807,20240817,20240810,3,2249.08,6747.24,0.0,1293.6,3880.8,6747.24,556.65,208.79,TRK289633,PO975290
SO10271,4,49,91,1,2,4,20240821,20240830,20240822,2,800.9,1601.8,0.0,463.15,926.3,1601.8,132.15,52.61,TRK215674,PO644973
SO10272,3,64,35,2,1,1,20250724,20250727,20250725,2,45.23,90.46,4.52,23.51,47.02,85.94,7.09,1.71,TRK579142,PO729554
SO10272,4,57,80,1,4,6,20241024,20241102,20241026,2,49.0,98.0,0.0,20.87,41.74,98.0,8.09,3.5,TRK812120,PO485290
SO10272,1,2,46,1,2,4,20240417,20240426,20240421,3,2120.81,6362.43,0.0,1338.0,4014.0,6362.43,524.9,163.39,TRK250331,PO513989
SO10273,4,14,103,3,4,6,20240621,20240625,20240624,3,504.81,1514.43,151.44,290.0,870.0,1362.99,112.45,53.51,TRK228725,PO344181
SO10274,4,64,109,2,4,6,20250818,20250825,20250825,2,45.23,90.46,4.52,23.51,47.02,85.94,7.09,2.89,TRK473395,PO598940
SO10275,2,63,104,1,2,4,20250410,20250414,20250411,4,45.08,180.32,0.0,21.38,85.52,180.32,14.88,3.16,TRK131167,PO204441
SO10276,1,9,14,1,1,3,20240702,20240711,20240707,2,1576.2,3152.4,0.0,963.57,1927.14,3152.4,260.07,95.76,TRK897097,PO180234
SO10277,1,64,134,1,4,6,20251108,20251118,20251112,3,45.23,135.69,0.0,23.51,70.53,135.69,11.19,3.41,TRK901075,PO133133
SO10278,3,16,111,1,4,6,20250120,20250130,20250124,2,566.54,1133.08,0.0,321.39,642.78,1133.08,93.48,12.55,TRK840356,PO272117
SO10278,4,56,126,1,1,2,20250202,20250212,20250209,2,51.95,103.9,0.0,21.17,42.34,103.9,8.57,1.38,TRK599028,PO689567
SO10278,3,65,41,1,3,5,20250521,20250530,20250526,1,68.94,68.94,0.0,28.43,28.43,68.94,5.69,2.09,TRK436050,PO164407
SO10279,1,6,8,3,2,4,20241223,20241226,20241230,1,2100.96,2100.96,210.1,1401.2,1401.2,1890.86,156.0,69.47,TRK548945,PO461908
SO10280,1,53,92,1,3,5,20240907,20240913,20240909,2,47.17,94.34,0.0,22.5,45.0,94.34,7.78,2.78,TRK419723,PO220031
SO10281,4,22,87,1,1,2,20240208,20240218,20240214,1,3422.23,3422.23,0.0,2097.84,2097.84,3422.23,282.33,122.86,TRK379570,PO121393
SO10282,2,3,121,1,4,6,20250203,20250211,20250208,1,2283.24,2283.24,0.0,1439.58,1439.58,2283.24,188.37,29.53,TRK452287,PO620860
SO10282,1,44,129,1,4,6,20250107,20250116,20250109,1,801.07,801.07,0.0,461.7,461.7,801.07,66.09,19.95,TRK981202,PO991640
SO10282,1,28,138,1,4,6,20241031,20241109,20241107,1,2500.86,2500.86,0.0,1544.51,1544.51,2500.86,206.32,41.96,TRK852570,PO985194
SO10282,3,13,149,1,3,5,20240309,20240319,20240313,2,579.5,1159.0,0.0,301.9,603.8,1159.0,95.62,18.88,TRK629152,PO943187
SO10283,2,56,77,1,1,1,20240723,20240801,20240727,5,51.95,259.75,0.0,21.17,105.85,259.75,21.43,4.56,TRK119506,PO758342
SO10284,4,24,133,1,1,1,20251107,20251117,20251110,2,2287.04,4574.08,0.0,1464.07,2928.14,4574.08,377.36,174.34,TRK693616,PO861911
SO10284,4,67,16,1,4,6,20240531,20240606,20240602,2,68.93,137.86,0.0,28.93,57.86,137.86,11.37,4.47,TRK530189,PO434132
SO10285,2,27,17,1,3,5,20241020,20241025,20241023,2,2351.92,4703.84,0.0,1624.05,3248.1,4703.84,388.07,143.96,TRK219074,PO257246
SO10286,1,4,50,2,1,2,20241113,20241123,20241117,1,2338.05,2338.05,116.9,1307.47,1307.47,2221.15,183.24,59.52,TRK311802,PO267099
SO10286,4,18,70,1,1,1,20241011,20241016,20241017,1,529.51,529.51,0.0,312.58,312.58,529.51,43.68,18.84,TRK920231,PO120875
SO10286,4,11,15,1,2,4,20240306,20240315,20240309,1,1730.74,1730.74,0.0,980.12,980.12,1730.74,142.79,52.18,TRK980605,PO859414
SO10287,3,31,36,1,1,1,20250527,20250531,20250601,1,843.25,843.25,0.0,496.89,496.89,843.25,69.57,25.24,TRK620566,PO194632
SO10288,4,16,61,1,4,6,20250821,20250830,20250828,1,566.54,566.54,0.0,321.39,321.39,566.54,46.74,18.38,TRK328598,PO251286
SO10289,3,23,28,4,1,2,20250326,20250404,20250329,1,2278.75,2278.75,341.81,1453.1,1453.1,1936.94,159.8,69.51,TRK833602,PO218448
SO10290,3,70,82,1,1,1,20240909,20240916,20240916,3,36.49,109.47,0.0,13.17,39.51,109.47,9.03,4.17,TRK961264,PO423141
SO10291,3,5,6,1,1,2,20240225,20240302,20240228,3,2172.52,6517.56,0.0,1294.67,3884.01,6517.56,537.7,173.25,TRK951706,PO818534
SO10291,3,69,32,3,1,3,20250201,20250204,20250205,2,32.59,65.18,6.52,14.58,29.16,58.66,4.84,2.22,TRK194634,PO962671
SO10291,4,39,61,3,4,6,20240613,20240623,20240619,1,2542.13,2542.13,254.21,1472.24,1472.24,2287.92,188.75,44.65,TRK927659,PO135527
SO10291,1,11,71,1,4,6,20250226,20250306,20250304,2,1730.74,3461.48,0.0,980.12,1960.24,3461.48,285.57,78.48,TRK964446,PO268132
SO10291,2,65,67,1,4,6,20250908,20250916,20250912,1,68.94,68.94,0.0,28.43,28.43,68.94,5.69,2.13,TRK760766,PO564943
SO10292,2,1,35,1,1,1,20241108,20241116,20241113,2,2249.08,4498.16,0.0,1293.6,2587.2,4498.16,371.1,56.08,TRK988102,PO722871
SO10292,3,41,106,1,2,4,20240516,20240523,20240518,2,2407.41,4814.82,0.0,1425.74,2851.48,4814.82,397.22,147.45,TRK308314,PO188498
SO10292,2,48,107,1,4,6,20250121,20250127,20250122,1,690.18,690.18,0.0,452.27,452.27,690.18,56.94,26.53,TRK193298,PO584887
SO10293,1,34,51,3,1,1,20240220,20240229,20240225,3,748.1,2244.3,224.43,449.62,1348.86,2019.87,166.64,46.19,TRK485792,PO278386
SO10294,2,16,146,2,1,1,20250321,20250331,20250328,1,566.54,566.54,28.33,321.39,321.39,538.21,44.4,16.26,TRK299800,PO952924
SO10295,3,37,69,1,4,6,20240513,20240522,20240520,3,829.09,2487.27,0.0,471.59,1414.77,2487.27,205.2,40.29,TRK862008,PO810083
SO10296,4,54,49,1,4,6,20240529,20240601,20240601,2,45.95,91.9,0.0,21.77,43.54,91.9,7.58,3.61,TRK360380,PO487593
SO10297,4,59,150,1,1,3,20240516,20240524,20240522,1,47.42,47.42,0.0,22.49,22.49,47.42,3.91,1.04,TRK842866,PO543852
SO10298,1,10,66,1,3,5,20240223,20240302,20240225,1,1731.69,1731.69,0.0,874.99,874.99,1731.69,142.86,41.78,TRK105621,PO365978
SO10299,2,49,130,4,1,1,20251118,20251126,20251120,1,800.9,800.9,120.13,463.15,463.15,680.77,56.16,26.58,TRK372935,PO278117
SO10300,3,64,129,3,4,6,20240515,20240519,20240518,2,45.23,90.46,9.05,23.51,47.02,81.41,6.72,2.55,TRK222517,PO428486
SO10300,3,17,12,3,1,3,20241014,20241022,20241018,2,543.13,1086.26,108.63,333.47,666.94,977.63,80.65,18.07,TRK642085,PO428215
SO10300,4,22,112,2,4,6,20250518,20250523,20250523,1,3422.23,3422.23,171.11,2097.84,2097.84,3251.12,268.22,115.71,TRK155807,PO298096
SO10301,4,7,39,1,3,5,20250426,20250503,20250428,1,1525.01,1525.01,0.0,904.22,904.22,1525.01,125.81,47.55,TRK142773,PO562966
SO10301,2,63,92,1,3,5,20240531,20240604,20240603,3,45.08,135.24,0.0,21.38,64.14,135.24,11.16,1.73,TRK975512,PO276470
SO10302,2,35,131,3,1,1,20250822,20250828,20250827,2,758.91,1517.82,151.78,467.94,935.88,1366.04,112.7,54.56,TRK536646,PO180567
SO10302,4,64,64,1,3,5,20241202,20241205,20241205,5,45.23,226.15,0.0,23.51,117.55,226.15,18.66,6.88,TRK491704,PO719014
SO10303,1,42,28,1,1,2,20250416,20250426,20250420,1,2416.26,2416.26,0.0,1576.33,1576.33,2416.26,199.34,69.71,TRK445429,PO145976
SO10303,3,42,116,4,1,3,20250805,20250810,20250807,3,2416.26,7248.78,1087.32,1576.33,4728.99,6161.46,508.32,221.19,TRK438869,PO936917
SO10304,4,10,15,4,2,4,20250125,20250129,20250129,2,1731.69,3463.38,519.51,874.99,1749.98,2943.87,242.87,51.97,TRK193520,PO121508
SO10304,3,21,54,2,1,3,20241018,20241023,20241019,2,3695.11,7390.22,369.51,2013.24,4026.48,7020.71,579.21,133.09,TRK818234,PO732829
SO10305,3,46,34,1,2,4,20250111,20250117,20250115,3,695.66,2086.98,0.0,470.4,1411.2,2086.98,172.18,48.76,TRK690408,PO729502
SO10306,3,12,109,2,4,6,20250920,20250925,20250924,2,1607.83,3215.66,160.78,897.63,1795.26,3054.88,252.03,88.35,TRK586041,PO809298
SO10307,4,20,58,1,2,4,20251024,20251028,20251027,2,3785.07,7570.14,0.0,2197.87,4395.74,7570.14,624.54,182.04,TRK414985,PO255825
SO10308,1,39,33,1,2,4,20241029,20241101,20241103,1,2542.13,2542.13,0.0,1472.24,1472.24,2542.13,209.73,31.26,TRK635456,PO545554
SO10309,1,13,106,1,2,4,20250805,20250812,20250808,2,579.5,1159.0,0.0,301.9,603.8,1159.0,95.62,20.45,TRK219470,PO876487
SO10310,4,23,119,3,1,2,20240216,20240220,20240220,1,2278.75,2278.75,227.88,1453.1,1453.1,2050.87,169.2,74.45,TRK894143,PO802818
SO10310,3,34,116,4,1,3,20240710,20240716,20240712,1,748.1,748.1,112.22,449.62,449.62,635.88,52.46,7.85,TRK806120,PO211495
SO10311,4,69,112,1,4,6,20240429,20240502,20240501,1,32.59,32.59,0.0,14.58,14.58,32.59,2.69,0.97,TRK789666,PO880399
SO10311,4,39,125,2,1,2,20250923,20251001,20250929,2,2542.13,5084.26,254.21,1472.24,2944.48,4830.05,398.48,145.94,TRK943726,PO417358
SO10311,2,17,23,1,1,1,20240424,20240427,20240430,1,543.13,543.13,0.0,333.47,333.47,543.13,44.81,21.24,TRK604487,PO780130
SO10312,4,31,38,3,1,1,20250705,20250711,20250706,2,843.25,1686.5,168.65,496.89,993.78,1517.85,125.22,28.88,TRK542372,PO122876
SO10313,2,22,30,2,2,4,20250331,20250410,20250404,1,3422.23,3422.23,171.11,2097.84,2097.84,3251.12,268.22,34.43,TRK311118,PO409153
SO10313,3,51,146,1,1,1,20240415,20240424,20240419,1,7.37,7.37,0.0,2.07,2.07,7.37,0.61,0.26,TRK138815,PO611177
SO10314,4,63,103,1,4,6,20250918,20250928,20250920,4,45.08,180.32,0.0,21.38,85.52,180.32,14.88,5.67,TRK704402,PO431192
SO10314,3,9,142,3,2,4,20250303,20250313,20250304,1,1576.2,1576.2,157.62,963.57,963.57,1418.58,117.03,35.24,TRK570103,PO831396
SO10315,3,3,112,1,4,6,20240715,20240725,20240718,1,2283.24,2283.24,0.0,1439.58,1439.58,2283.24,188.37,52.84,TRK731347,PO994911
SO10315,3,17,120,2,2,4,20250203,20250212,20250210,1,543.13,543.13,27.16,333.47,333.47,515.97,42.57,19.73,TRK934637,PO595268
SO10316,4,27,42,1,3,5,20240329,20240408,20240331,1,2351.92,2351.92,0.0,1624.05,1624.05,2351.92,194.03,35.75,TRK205805,PO932026
SO10317,2,64,107,1,4,6,20250724,20250727,20250725,2,45.23,90.46,0.0,23.51,47.02,90.46,7.46,1.88,TRK283201,PO968167
SO10318,3,5,129,1,4,6,20240426,20240502,20240427,1,2172.52,2172.52,0.0,1294.67,1294.67,2172.52,179.23,58.35,TRK923012,PO472497
SO10318,4,35,12,3,1,3,20250611,20250615,20250617,1,758.91,758.91,75.89,467.94,467.94,683.02,56.35,7.86,TRK982478,PO892476
SO10319,2,14,29,1,1,1,20240414,20240417,20240419,2,504.81,1009.62,0.0,290.0,580.0,1009.62,83.29,13.29,TRK479205,PO264660
SO10319,1,57,75,1,2,4,20240411,20240416,20240417,4,49.0,196.0,0.0,20.87,83.48,196.0,16.17,4.1,TRK989816,PO311697
SO10320,3,54,113,1,1,3,20250430,20250508,20250503,1,45.95,45.95,0.0,21.77,21.77,45.95,3.79,1.16,TRK849941,PO891512
SO10320,4,47,107,1,4,6,20240604,20240613,20240611,3,776.68,2330.04,0.0,455.26,1365.78,2330.04,192.23,39.25,TRK529191,PO581037
SO10321,2,47,133,1,1,1,20240111,20240115,20240112,1,776.68,776.68,0.0,455.26,455.26,776.68,64.08,15.65,TRK555157,PO164454
SO10321,3,5,101,3,1,2,20240603,20240606,20240609,3,2172.52,6517.56,651.76,1294.67,3884.01,5865.8,483.93,231.12,TRK539673,PO521530
SO10322,2,39,142,2,2,4,20241218,20241221,20241225,3,2542.13,7626.39,381.32,1472.24,4416.72,7245.07,597.72,133.26,TRK834312,PO523559
SO10322,4,27,115,1,1,3,20250925,20251005,20251001,2,2351.92,4703.84,0.0,1624.05,3248.1,4703.84,388.07,95.76,TRK913066,PO306879
SO10323,1,11,78,1,1,3,20250203,20250208,20250208,1,1730.74,1730.74,0.0,980.12,980.12,1730.74,142.79,68.81,TRK636526,PO678589
SO10324,3,67,80,2,4,6,20240612,20240615,20240613,2,68.93,137.86,6.89,28.93,57.86,130.97,10.81,4.81,TRK353063,PO972655
SO10325,1,55,78,1,1,3,20240302,20240310,20240305,4,48.64,194.56,0.0,23.6,94.4,194.56,16.05,5.61,TRK893310,PO782583
SO10325,2,58,32,1,1,3,20240106,20240116,20240109,2,52.24,104.48,0.0,23.3,46.6,104.48,8.62,4.13,TRK467355,PO413735
SO10326,3,18,73,1,1,1,20240910,20240914,20240913,3,529.51,1588.53,0.0,312.58,937.74,1588.53,131.05,40.5,TRK576378,PO202747
SO10327,3,55,38,1,1,1,20240304,20240313,20240306,3,48.64,145.92,0.0,23.6,70.8,145.92,12.04,3.54,TRK809699,PO651818
SO10328,4,67,104,3,2,4,20250821,20250831,20250827,3,68.93,206.79,20.68,28.93,86.79,186.11,15.35,4.23,TRK867260,PO537174
SO10329,2,19,42,1,3,5,20250413,20250418,20250419,2,3766.58,7533.16,0.0,2212.17,4424.34,7533.16,621.49,191.31,TRK577555,PO596349
SO10330,1,21,9,1,3,5,20240501,20240510,20240502,2,3695.11,7390.22,0.0,2013.24,4026.48,7390.22,609.69,100.7,TRK648171,PO260751
SO10331,4,48,31,4,2,4,20241106,20241113,20241110,1,690.18,690.18,103.53,452.27,452.27,586.65,48.4,6.36,TRK151014,PO419987
SO10332,1,28,73,2,1,1,20250515,20250518,20250516,1,2500.86,2500.86,125.04,1544.51,1544.51,2375.82,196.01,62.78,TRK537859,PO604550
SO10332,2,40,147,1,4,6,20241211,20241220,20241215,2,2294.32,4588.64,0.0,1421.92,2843.84,4588.64,378.56,160.76,TRK898963,PO245251
SO10332,4,59,130,1,1,1,20240601,20240609,20240602,3,47.42,142.26,0.0,22.49,67.47,142.26,11.74,4.84,TRK506045,PO344131
SO10333,2,44,102,1,3,5,20251117,20251127,20251123,2,801.07,1602.14,0.0,461.7,923.4,1602.14,132.18,29.35,TRK841561,PO126008
SO10334,1,40,147,1,4,6,20251021,20251025,20251023,2,2294.32,4588.64,0.0,1421.92,2843.84,4588.64,378.56,177.37,TRK697944,PO647098
SO10335,4,61,49,3,4,6,20240503,20240508,20240504,4,51.06,204.24,20.42,22.14,88.56,183.82,15.17,3.35,TRK188759,PO946118
SO10336,3,42,137,1,2,4,20250518,20250521,20250521,2,2416.26,4832.52,0.0,1576.33,3152.66,4832.52,398.68,111.68,TRK500567,PO369670
SO10337,3,15,24,1,4,6,20241019,20241024,20241021,1,570.02,570.02,0.0,315.14,315.14,570.02,47.03,10.07,TRK527060,PO811572
SO10338,3,8,44,4,1,1,20240704,20240707,20240710,2,1689.57,3379.14,506.87,956.83,1913.66,2872.27,236.96,33.76,TRK249380,PO532876
SO10339,2,34,83,4,1,1,20240503,20240506,20240505,2,748.1,1496.2,224.43,449.62,899.24,1271.77,104.92,21.86,TRK616926,PO633328
SO10340,4,50,130,1,1,1,20241121,20241201,20241126,1,37.64,37.64,0.0,13.75,13.75,37.64,3.11,0.84,TRK764316,PO345094
SO10340,2,35,5,4,2,4,20251122,20251126,20251124,2,758.91,1517.82,227.67,467.94,935.88,1290.15,106.44,42.43,TRK419409,PO695848
SO10341,2,58,105,3,1,2,20250527,20250602,20250603,1,52.24,52.24,5.22,23.3,23.3,47.02,3.88,1.84,TRK920011,PO357070
SO10341,2,55,138,1,4,6,20240102,20240112,20240109,4,48.64,194.56,0.0,23.6,94.4,194.56,16.05,5.57,TRK100569,PO163098
SO10342,3,35,124,1,2,4,20251127,20251206,20251130,2,758.91,1517.82,0.0,467.94,935.88,1517.82,125.22,53.54,TRK147694,PO269257
SO10343,4,9,137,1,2,4,20240505,20240510,20240511,1,1576.2,1576.2,0.0,963.57,963.57,1576.2,130.04,42.08,TRK321092,PO740098
SO10344,3,41,130,4,1,1,20251012,20251019,20251019,3,2407.41,7222.23,1083.33,1425.74,4277.22,6138.9,506.46,191.73,TRK458224,PO320855
SO10344,2,43,118,3,4,6,20240516,20240519,20240521,1,2345.63,2345.63,234.56,1415.45,1415.45,2111.07,174.16,51.29,TRK533232,PO682788
SO10344,4,51,126,1,1,2,20251026,20251030,20251031,4,7.37,29.48,0.0,2.07,8.28,29.48,2.43,0.32,TRK804900,PO229410
SO10344,4,49,91,1,2,4,20240630,20240703,20240701,2,800.9,1601.8,0.0,463.15,926.3,1601.8,132.15,38.25,TRK109818,PO332281
SO10345,2,36,6,3,1,2,20250101,20250107,20250102,3,745.84,2237.52,223.75,520.44,1561.32,2013.77,166.14,69.45,TRK345637,PO617795
SO10345,4,5,93,1,1,2,20250912,20250918,20250913,1,2172.52,2172.52,0.0,1294.67,1294.67,2172.52,179.23,34.51,TRK216335,PO390819
SO10345,2,65,146,1,1,1,20240717,20240722,20240718,3,68.94,206.82,0.0,28.43,85.29,206.82,17.06,5.72,TRK372235,PO697586
SO10346,4,67,59,2,3,5,20240715,20240718,20240721,5,68.93,344.65,17.23,28.93,144.65,327.42,27.01,9.93,TRK102049,PO547861
SO10347,3,42,14,3,1,3,20250220,20250227,20250221,2,2416.26,4832.52,483.25,1576.33,3152.66,4349.27,358.81,132.24,TRK642383,PO895891
SO10348,1,29,12,1,1,3,20250306,20250316,20250309,1,740.85,740.85,0.0,503.82,503.82,740.85,61.12,7.52,TRK699596,PO946906
SO10349,1,29,7,1,1,1,20240317,20240323,20240319,3,740.85,2222.55,0.0,503.82,1511.46,2222.55,183.36,33.19,TRK129226,PO603281
SO10350,3,4,111,2,4,6,20241208,20241215,20241210,2,2338.05,4676.1,233.81,1307.47,2614.94,4442.29,366.49,58.79,TRK972957,PO157076
SO10351,1,67,86,4,1,1,20250906,20250916,20250913,2,68.93,137.86,20.68,28.93,57.86,117.18,9.67,1.51,TRK189689,PO163634
SO10352,3,49,9,3,3,5,20240307,20240312,20240308,1,800.9,800.9,80.09,463.15,463.15,720.81,59.47,27.08,TRK740405,PO756602
SO10353,4,9,111,1,4,6,20250726,20250729,20250729,1,1576.2,1576.2,0.0,963.57,963.57,1576.2,130.04,55.95,TRK344435,PO728700
SO10353,1,59,3,1,1,1,20250314,20250318,20250317,3,47.42,142.26,0.0,22.49,67.47,142.26,11.74,4.2,TRK576133,PO642337
SO10354,2,25,85,1,2,4,20250901,20250905,20250906,1,2496.04,2496.04,0.0,1485.17,1485.17,2496.04,205.92,84.07,TRK768324,PO633618
SO10354,1,46,66,1,3,5,20250927,20251007,20250929,2,695.66,1391.32,0.0,470.4,940.8,1391.32,114.78,24.06,TRK233882,PO426806
SO10354,2,56,150,4,1,3,20250101,20250108,20250106,4,51.95,207.8,31.17,21.17,84.68,176.63,14.57,6.46,TRK592331,PO423668
SO10354,1,38,88,4,1,2,20250614,20250619,20250615,1,2443.29,2443.29,366.49,1457.25,1457.25,2076.8,171.34,35.56,TRK542563,PO460517
SO10354,4,26,51,3,1,1,20240311,20240319,20240313,3,2392.26,7176.78,717.68,1447.45,4342.35,6459.1,532.88,194.0,TRK728896,PO826048
SO10354,1,43,85,1,2,4,20241202,20241207,20241203,2,2345.63,4691.26,0.0,1415.45,2830.9,4691.26,387.03,110.85,TRK620021,PO330063
SO10354,3,29,1,1,2,4,20250930,20251006,20251002,3,740.85,2222.55,0.0,503.82,1511.46,2222.55,183.36,54.28,TRK946485,PO876031
SO10355,1,27,97,1,1,1,20240107,20240115,20240108,2,2351.92,4703.84,0.0,1624.05,3248.1,4703.84,388.07,57.44,TRK249319,PO404691
SO10356,2,25,113,1,1,3,20250103,20250106,20250104,3,2496.04,7488.12,0.0,1485.17,4455.51,7488.12,617.77,119.61,TRK374725,PO853754
SO10356,1,44,45,1,1,2,20240719,20240722,20240721,2,801.07,1602.14,0.0,461.7,923.4,1602.14,132.18,56.53,TRK971834,PO810360
SO10357,3,49,36,2,1,1,20240423,20240501,20240425,3,800.9,2402.7,120.13,463.15,1389.45,2282.57,188.31,43.72,TRK793013,PO279683
SO10358,3,56,135,1,1,1,20240527,20240601,20240603,5,51.95,259.75,0.0,21.17,105.85,259.75,21.43,4.08,TRK433396,PO728672
SO10358,3,32,110,2,1,3,20250824,20250830,20250831,1,789.13,789.13,39.46,500.36,500.36,749.67,61.85,19.54,TRK359178,PO155846
SO10359,1,17,72,4,1,2,20250515,20250521,20250521,2,543.13,1086.26,162.94,333.47,666.94,923.32,76.17,11.49,TRK275566,PO633320
SO10360,4,66,100,1,1,2,20250420,20250425,20250423,2,63.0,126.0,0.0,25.09,50.18,126.0,10.4,3.95,TRK850413,PO618827
SO10361,2,35,122,1,1,2,20250820,20250823,20250822,2,758.91,1517.82,0.0,467.94,935.88,1517.82,125.22,25.17,TRK515131,PO329212
SO10361,3,55,79,1,1,3,20250118,20250125,20250123,3,48.64,145.92,0.0,23.6,70.8,145.92,12.04,1.83,TRK566097,PO644022
SO10362,3,30,91,1,2,4,20250608,20250616,20250612,2,739.88,1479.76,0.0,476.63,953.26,1479.76,122.08,34.83,TRK943584,PO621711
SO10363,1,35,82,1,1,1,20250328,20250403,20250331,2,758.91,1517.82,0.0,467.94,935.88,1517.82,125.22,44.56,TRK408824,PO983533
SO10364,2,66,129,1,4,6,20241010,20241016,20241011,4,63.0,252.0,0.0,25.09,100.36,252.0,20.79,3.42,TRK449970,PO306198
SO10364,3,33,85,2,2,4,20251130,20251207,20251202,1,824.9,824.9,41.25,507.46,507.46,783.65,64.65,24.43,TRK108948,PO907483
SO10364,4,37,77,2,1,1,20250217,20250226,20250224,1,829.09,829.09,41.45,471.59,471.59,787.64,64.98,21.58,TRK785864,PO637549
SO10364,4,51,39,1,3,5,20240802,20240812,20240804,2,7.37,14.74,0.0,2.07,4.14,14.74,1.22,0.38,TRK857607,PO953957
SO10365,4,44,119,1,1,2,20240711,20240720,20240718,1,801.07,801.07,0.0,461.7,461.7,801.07,66.09,30.65,TRK571829,PO994376
SO10365,3,4,143,1,4,6,20240511,20240518,20240517,1,2338.05,2338.05,0.0,1307.47,1307.47,2338.05,192.89,24.06,TRK456329,PO336444
SO10366,1,55,108,2,2,4,20250704,20250711,20250707,5,48.64,243.2,12.16,23.6,118.0,231.04,19.06,6.38,TRK245893,PO261156
SO10367,3,51,85,1,2,4,20250204,20250208,20250209,3,7.37,22.11,0.0,2.07,6.21,22.11,1.82,0.48,TRK697179,PO573469
SO10368,1,12,78,1,1,3,20250720,20250725,20250721,1,1607.83,1607.83,0.0,897.63,897.63,1607.83,132.65,55.94,TRK295760,PO308665
SO10369,2,50,18,1,3,5,20241025,20241029,20241029,2,37.64,75.28,0.0,13.75,27.5,75.28,6.21,0.88,TRK442645,PO530819
SO10369,2,21,101,1,1,2,20250304,20250314,20250310,1,3695.11,3695.11,0.0,2013.24,2013.24,3695.11,304.85,44.57,TRK236243,PO315667
SO10369,4,56,80,1,4,6,20240611,20240618,20240616,5,51.95,259.75,0.0,21.17,105.85,259.75,21.43,4.18,TRK388820,PO311500
SO10370,4,19,2,1,2,4,20250212,20250218,20250217,2,3766.58,7533.16,0.0,2212.17,4424.34,7533.16,621.49,149.66,TRK582559,PO585171
SO10370,3,6,148,1,2,4,20251023,20251102,20251026,3,2100.96,6302.88,0.0,1401.2,4203.6,6302.88,519.99,195.45,TRK510087,PO742805
SO10370,1,54,45,1,1,2,20250924,20251003,20250928,2,45.95,91.9,0.0,21.77,43.54,91.9,7.58,1.98,TRK512668,PO832582
SO10370,2,31,12,1,1,3,20251005,20251012,20251011,1,843.25,843.25,0.0,496.89,496.89,843.25,69.57,31.61,TRK617459,PO531256
SO10371,1,16,142,1,2,4,20240417,20240425,20240421,1,566.54,566.54,0.0,321.39,321.39,566.54,46.74,13.33,TRK584617,PO128015
SO10372,2,60,19,1,4,6,20250212,20250218,20250216,3,49.85,149.55,0.0,20.78,62.34,149.55,12.34,1.66,TRK443000,PO802855
SO10373,3,63,119,1,1,2,20250715,20250721,20250721,3,45.08,135.24,0.0,21.38,64.14,135.24,11.16,5.21,TRK982442,PO269205
SO10374,1,3,44,1,1,1,20241028,20241101,20241102,2,2283.24,4566.48,0.0,1439.58,2879.16,4566.48,376.73,147.24,TRK810287,PO386525
SO10374,1,57,40,1,3,5,20240205,20240211,20240209,2,49.0,98.0,0.0,20.87,41.74,98.0,8.09,3.03,TRK509593,PO823880
SO10375,2,57,79,1,1,3,20240219,20240228,20240226,1,49.0,49.0,0.0,20.87,20.87,49.0,4.04,0.79,TRK309700,PO195825
SO10376,1,54,5,4,2,4,20241211,20241217,20241217,1,45.95,45.95,6.89,21.77,21.77,39.06,3.22,1.17,TRK935635,PO975964
SO10377,2,22,43,1,4,6,20240420,20240428,20240423,1,3422.23,3422.23,0.0,2097.84,2097.84,3422.23,282.33,91.93,TRK668016,PO514254
SO10377,1,16,110,1,1,3,20241231,20250108,20250102,1,566.54,566.54,0.0,321.39,321.39,566.54,46.74,5.92,TRK508091,PO323103
SO10378,3,29,118,1,4,6,20241012,20241020,20241013,1,740.85,740.85,0.0,503.82,503.82,740.85,61.12,8.9,TRK904829,PO727959
SO10379,4,14,128,1,1,3,20250805,20250810,20250808,3,504.81,1514.43,0.0,290.0,870.0,1514.43,124.94,58.72,TRK810830,PO908878
SO10380,4,43,35,1,1,1,20241121,20241201,20241122,1,2345.63,2345.63,0.0,1415.45,1415.45,2345.63,193.51,47.04,TRK500945,PO635849
SO10380,3,65,60,2,4,6,20240114,20240120,20240115,4,68.94,275.76,13.79,28.43,113.72,261.97,21.61,7.46,TRK347879,PO873758
SO10381,2,32,110,1,1,3,20240520,20240528,20240524,2,789.13,1578.26,0.0,500.36,1000.72,1578.26,130.21,29.83,TRK773226,PO139748
SO10381,4,57,61,3,4,6,20240517,20240524,20240520,5,49.0,245.0,24.5,20.87,104.35,220.5,18.19,6.46,TRK779525,PO952188
SO10382,2,4,74,3,3,5,20241205,20241213,20241207,1,2338.05,2338.05,233.81,1307.47,1307.47,2104.24,173.6,34.04,TRK940383,PO820738
SO10383,2,49,57,1,3,5,20250328,20250331,20250329,2,800.9,1601.8,0.0,463.15,926.3,1601.8,132.15,57.82,TRK154638,PO765181
SO10384,4,27,37,1,2,4,20250829,20250904,20250831,1,2351.92,2351.92,0.0,1624.05,1624.05,2351.92,194.03,59.32,TRK426592,PO272132
SO10384,2,32,51,1,1,1,20240911,20240918,20240914,2,789.13,1578.26,0.0,500.36,1000.72,1578.26,130.21,43.07,TRK385066,PO919240
SO10385,4,11,124,1,2,4,20240620,20240630,20240624,1,1730.74,1730.74,0.0,980.12,980.12,1730.74,142.79,39.25,TRK897257,PO263450
SO10386,2,3,124,1,2,4,20240326,20240402,20240331,2,2283.24,4566.48,0.0,1439.58,2879.16,4566.48,376.73,119.26,TRK369789,PO498930
SO10386,2,40,119,1,1,2,20250729,20250808,20250730,2,2294.32,4588.64,0.0,1421.92,2843.84,4588.64,378.56,91.76,TRK262240,PO298837
SO10386,3,2,2,2,2,4,20250118,20250128,20250122,2,2120.81,4241.62,212.08,1338.0,2676.0,4029.54,332.44,152.2,TRK502692,PO613331
SO10386,3,10,79,3,1,3,20240507,20240516,20240512,2,1731.69,3463.38,346.34,874.99,1749.98,3117.04,257.16,46.35,TRK908735,PO888086
SO10387,2,66,90,1,1,2,20250112,20250115,20250118,5,63.0,315.0,0.0,25.09,125.45,315.0,25.99,6.79,TRK354125,PO600931
SO10387,2,47,9,2,3,5,20240129,20240203,20240201,3,776.68,2330.04,116.5,455.26,1365.78,2213.54,182.62,62.34,TRK366640,PO359433
SO10387,1,21,149,1,3,5,20240404,20240413,20240408,1,3695.11,3695.11,0.0,2013.24,2013.24,3695.11,304.85,115.22,TRK643725,PO297995
SO10388,1,22,109,1,4,6,20241105,20241114,20241110,2,3422.23,6844.46,0.0,2097.84,4195.68,6844.46,564.67,131.68,TRK214582,PO767083
SO10388,4,45,147,1,4,6,20240802,20240811,20240808,1,693.43,693.43,0.0,427.6,427.6,693.43,57.21,13.34,TRK101655,PO201576
SO10389,2,54,18,1,3,5,20241022,20241031,20241024,4,45.95,183.8,0.0,21.77,87.08,183.8,15.16,2.81,TRK307639,PO610102
SO10390,2,65,47,1,2,4,20240805,20240810,20240807,1,68.94,68.94,0.0,28.43,28.43,68.94,5.69,0.81,TRK371950,PO528649
SO10391,1,14,113,1,1,3,20241027,20241031,20241031,3,504.81,1514.43,0.0,290.0,870.0,1514.43,124.94,20.81,TRK714094,PO346184
SO10392,1,63,123,2,1,1,20240110,20240113,20240113,5,45.08,225.4,11.27,21.38,106.9,214.13,17.67,6.97,TRK201546,PO321321
SO10393,3,1,134,1,4,6,20240929,20241009,20241003,2,2249.08,4498.16,0.0,1293.6,2587.2,4498.16,371.1,147.12,TRK488796,PO814982
SO10393,3,41,88,4,1,2,20251112,20251121,20251116,1,2407.41,2407.41,361.11,1425.74,1425.74,2046.3,168.82,57.96,TRK945435,PO205043
SO10394,2,59,1,1,2,4,20240522,20240525,20240527,5,47.42,237.1,0.0,22.49,112.45,237.1,19.56,3.25,TRK486326,PO573870
SO10394,3,66,122,1,1,2,20240104,20240112,20240105,3,63.0,189.0,0.0,25.09,75.27,189.0,15.59,5.48,TRK810860,PO565888
SO10394,4,63,60,2,4,6,20240324,20240401,20240328,3,45.08,135.24,6.76,21.38,64.14,128.48,10.6,4.9,TRK790318,PO998734
SO10395,4,50,26,1,3,5,20240526,20240529,20240528,2,37.64,75.28,0.0,13.75,27.5,75.28,6.21,1.88,TRK276216,PO567965
SO10395,1,62,30,1,2,4,20240906,20240912,20240908,5,51.18,255.9,0.0,22.11,110.55,255.9,21.11,8.34,TRK210592,PO556018
SO10396,1,21,8,3,2,4,20241014,20241020,20241020,1,3695.11,3695.11,369.51,2013.24,2013.24,3325.6,274.36,58.96,TRK797802,PO242350
SO10397,3,63,137,2,2,4,20241206,20241212,20241211,1,45.08,45.08,2.25,21.38,21.38,42.83,3.53,1.41,TRK495323,PO852293
SO10398,2,56,98,1,1,3,20240428,20240505,20240429,2,51.95,103.9,0.0,21.17,42.34,103.9,8.57,1.39,TRK880788,PO221746
SO10399,4,48,147,3,4,6,20250124,20250127,20250127,1,690.18,690.18,69.02,452.27,452.27,621.16,51.25,7.36,TRK544280,PO435169
SO10400,4,17,94,1,4,6,20250827,20250902,20250828,2,543.13,1086.26,0.0,333.47,666.94,1086.26,89.62,23.74,TRK431272,PO251729
SO10400,1,29,76,1,1,2,20240530,20240606,20240601,2,740.85,1481.7,0.0,503.82,1007.64,1481.7,122.24,48.02,TRK727971,PO435690
SO10401,4,65,80,1,4,6,20250810,20250820,20250816,5,68.94,344.7,0.0,28.43,142.15,344.7,28.44,12.02,TRK161669,PO949566
SO10401,4,20,86,1,1,1,20240818,20240821,20240825,3,3785.07,11355.21,0.0,2197.87,6593.61,11355.21,936.8,377.91,TRK413630,PO954602
SO10402,3,3,41,1,3,5,20250308,20250318,20250311,2,2283.24,4566.48,0.0,1439.58,2879.16,4566.48,376.73,149.47,TRK396080,PO830203
SO10403,2,51,50,1,1,2,20250817,20250820,20250824,1,7.37,7.37,0.0,2.07,2.07,7.37,0.61,0.28,TRK705193,PO244243
SO10403,1,62,114,3,4,6,20240802,20240808,20240809,2,51.18,102.36,10.24,22.11,44.22,92.12,7.6,2.99,TRK479821,PO861221
SO10404,1,14,148,2,2,4,20240531,20240609,20240604,3,504.81,1514.43,75.72,290.0,870.0,1438.71,118.69,43.71,TRK200713,PO472856
SO10405,4,23,122,1,1,2,20250611,20250619,20250616,1,2278.75,2278.75,0.0,1453.1,1453.1,2278.75,188.0,52.44,TRK356902,PO135644
SO10405,1,31,31,1,2,4,20250902,20250907,20250908,2,843.25,1686.5,0.0,496.89,993.78,1686.5,139.14,54.57,TRK915509,PO586197
SO10406,2,36,98,1,1,3,20250111,20250114,20250112,3,745.84,2237.52,0.0,520.44,1561.32,2237.52,184.6,30.2,TRK124145,PO715357
SO10407,4,62,147,1,4,6,20240406,20240411,20240410,2,51.18,102.36,0.0,22.11,44.22,102.36,8.44,2.51,TRK412856,PO699180
SO10408,4,13,33,1,2,4,20250704,20250709,20250708,1,579.5,579.5,0.0,301.9,301.9,579.5,47.81,19.93,TRK167037,PO644107
SO10408,1,69,150,2,1,3,20251029,20251102,20251105,5,32.59,162.95,8.15,14.58,72.9,154.8,12.77,5.04,TRK289440,PO728204
SO10409,2,1,47,1,2,4,20241117,20241121,20241118,2,2249.08,4498.16,0.0,1293.6,2587.2,4498.16,371.1,62.36,TRK192086,PO689820
SO10410,1,5,66,4,3,5,20250602,20250609,20250605,1,2172.52,2172.52,325.88,1294.67,1294.67,1846.64,152.35,72.0,TRK360400,PO415201
SO10411,3,67,12,1,1,3,20250331,20250405,20250405,2,68.93,137.86,0.0,28.93,57.86,137.86,11.37,3.41,TRK735617,PO664353
SO10412,2,27,131,1,1,1,20240215,20240221,20240216,3,2351.92,7055.76,0.0,1624.05,4872.15,7055.76,582.1,110.37,TRK240727,PO731394
SO10413,2,28,142,1,2,4,20240511,20240520,20240512,2,2500.86,5001.72,0.0,1544.51,3089.02,5001.72,412.64,132.52,TRK519492,PO578221
SO10414,2,33,22,1,3,5,20240526,20240601,20240527,3,824.9,2474.7,0.0,507.46,1522.38,2474.7,204.16,71.49,TRK849149,PO490219
SO10415,2,66,145,1,1,3,20240606,20240614,20240613,4,63.0,252.0,0.0,25.09,100.36,252.0,20.79,5.8,TRK181290,PO383246
SO10416,3,69,32,1,1,3,20250220,20250224,20250223,1,32.59,32.59,0.0,14.58,14.58,32.59,2.69,0.95,TRK915866,PO386526
SO10416,1,29,38,1,1,1,20250121,20250127,20250125,1,740.85,740.85,0.0,503.82,503.82,740.85,61.12,28.56,TRK284267,PO652049
SO10417,1,63,79,1,1,3,20250808,20250815,20250813,1,45.08,45.08,0.0,21.38,21.38,45.08,3.72,0.82,TRK279041,PO433443
SO10418,2,24,100,2,1,2,20251125,20251204,20251129,1,2287.04,2287.04,114.35,1464.07,1464.07,2172.69,179.25,60.33,TRK789504,PO232506
SO10418,4,49,37,2,2,4,20240224,20240303,20240301,2,800.9,1601.8,80.09,463.15,926.3,1521.71,125.54,50.71,TRK841119,PO580024
SO10419,2,57,47,2,2,4,20250529,20250605,20250601,2,49.0,98.0,4.9,20.87,41.74,93.1,7.68,3.59,TRK420012,PO766511
SO10419,2,40,23,2,1,1,20240402,20240406,20240403,2,2294.32,4588.64,229.43,1421.92,2843.84,4359.21,359.63,139.05,TRK703263,PO160200
SO10419,4,37,22,3,3,5,20240111,20240120,20240117,2,829.09,1658.18,165.82,471.59,943.18,1492.36,123.12,37.7,TRK621986,PO640028
SO10420,3,16,137,1,2,4,20240713,20240716,20240719,2,566.54,1133.08,0.0,321.39,642.78,1133.08,93.48,25.78,TRK356089,PO874879
SO10420,3,6,136,1,1,1,20240621,20240627,20240623,2,2100.96,4201.92,0.0,1401.2,2802.4,4201.92,346.66,51.49,TRK153379,PO543256
SO10421,1,49,127,1,1,3,20240425,20240503,20240501,1,800.9,800.9,0.0,463.15,463.15,800.9,66.07,14.01,TRK404154,PO413710
SO10421,1,38,124,1,2,4,20251008,20251017,20251010,1,2443.29,2443.29,0.0,1457.25,1457.25,2443.29,201.57,92.09,TRK585550,PO747756
SO10422,2,8,125,1,1,2,20250416,20250424,20250419,1,1689.57,1689.57,0.0,956.83,956.83,1689.57,139.39,34.83,TRK521598,PO471754
SO10423,2,13,3,1,1,1,20240327,20240401,20240331,2,579.5,1159.0,0.0,301.9,603.8,1159.0,95.62,15.9,TRK906824,PO788530
SO10424,3,29,65,1,2,4,20241102,20241110,20241106,2,740.85,1481.7,0.0,503.82,1007.64,1481.7,122.24,54.48,TRK213974,PO559876
SO10424,1,21,113,1,1,3,20250320,20250323,20250323,1,3695.11,3695.11,0.0,2013.24,2013.24,3695.11,304.85,134.9,TRK298775,PO398739
SO10424,3,18,11,1,3,5,20241205,20241208,20241207,2,529.51,1059.02,0.0,312.58,625.16,1059.02,87.37,31.76,TRK224562,PO541550
SO10424,4,64,126,2,1,2,20241128,20241207,20241203,5,45.23,226.15,11.31,23.51,117.55,214.84,17.72,6.83,TRK237801,PO215063
SO10425,3,3,28,1,1,2,20250527,20250530,20250603,1,2283.24,2283.24,0.0,1439.58,1439.58,2283.24,188.37,69.71,TRK550536,PO726090
SO10426,2,56,3,1,1,1,20250512,20250516,20250519,3,51.95,155.85,0.0,21.17,63.51,155.85,12.86,3.56,TRK361584,PO394795
SO10426,2,34,30,1,2,4,20250315,20250321,20250319,3,748.1,2244.3,0.0,449.62,1348.86,2244.3,185.15,70.01,TRK297833,PO996398
SO10427,2,30,39,1,3,5,20240209,20240216,20240211,1,739.88,739.88,0.0,476.63,476.63,739.88,61.04,28.02,TRK195352,PO153430
SO10428,4,53,98,1,1,3,20251010,20251016,20251012,4,47.17,188.68,0.0,22.5,90.0,188.68,15.57,3.79,TRK775149,PO154164
SO10429,1,15,78,1,1,3,20241225,20250103,20241227,1,570.02,570.02,0.0,315.14,315.14,570.02,47.03,11.17,TRK100561,PO154662
SO10429,3,28,83,1,1,1,20250913,20250917,20250917,1,2500.86,2500.86,0.0,1544.51,1544.51,2500.86,206.32,38.88,TRK450520,PO419141
SO10429,3,13,29,1,1,1,20250719,20250724,20250722,3,579.5,1738.5,0.0,301.9,905.7,1738.5,143.43,36.19,TRK349825,PO781834
SO10430,2,27,71,1,4,6,20240418,20240423,20240424,2,2351.92,4703.84,0.0,1624.05,3248.1,4703.84,388.07,151.83,TRK302299,PO838889
SO10430,2,13,115,4,1,3,20250925,20251003,20250928,1,579.5,579.5,86.92,301.9,301.9,492.58,40.64,15.64,TRK659475,PO855781
SO10430,3,6,40,1,3,5,20250717,20250724,20250724,1,2100.96,2100.96,0.0,1401.2,1401.2,2100.96,173.33,74.8,TRK483791,PO570267
SO10430,2,56,31,1,2,4,20250620,20250623,20250622,1,51.95,51.95,0.0,21.17,21.17,51.95,4.29,1.45,TRK403726,PO147652
SO10431,1,8,145,1,1,3,20250211,20250221,20250217,3,1689.57,5068.71,0.0,956.83,2870.49,5068.71,418.17,131.66,TRK273558,PO559008
SO10432,2,50,131,2,1,1,20250214,20250221,20250216,4,37.64,150.56,7.53,13.75,55.0,143.03,11.8,2.22,TRK720875,PO830565
SO10433,3,66,3,1,1,1,20250621,20250628,20250624,3,63.0,189.0,0.0,25.09,75.27,189.0,15.59,6.72,TRK678972,PO224888
SO10433,2,29,44,1,1,1,20241025,20241028,20241031,1,740.85,740.85,0.0,503.82,503.82,740.85,61.12,10.7,TRK383571,PO929026
SO10434,1,32,14,1,1,3,20240102,20240110,20240108,1,789.13,789.13,0.0,500.36,500.36,789.13,65.1,22.22,TRK839730,PO675956
SO10435,3,18,68,3,3,5,20241028,20241105,20241029,2,529.51,1059.02,105.9,312.58,625.16,953.12,78.63,27.43,TRK329931,PO865960
SO10436,3,23,72,4,1,2,20250704,20250708,20250710,1,2278.75,2278.75,341.81,1453.1,1453.1,1936.94,159.8,62.7,TRK756649,PO765117
SO10436,4,27,142,1,2,4,20241002,20241008,20241007,2,2351.92,4703.84,0.0,1624.05,3248.1,4703.84,388.07,135.91,TRK263201,PO567723
SO10437,2,56,60,1,4,6,20250505,20250509,20250509,2,51.95,103.9,0.0,21.17,42.34,103.9,8.57,1.6,TRK298033,PO697329
SO10437,2,24,126,1,1,2,20241113,20241118,20241115,3,2287.04,6861.12,0.0,1464.07,4392.21,6861.12,566.04,236.88,TRK172827,PO250494
SO10438,1,55,19,1,4,6,20251022,20251031,20251023,2,48.64,97.28,0.0,23.6,47.2,97.28,8.03,3.09,TRK732599,PO204574
SO10439,2,50,97,1,1,1,20240114,20240117,20240116,1,37.64,37.64,0.0,13.75,13.75,37.64,3.11,0.66,TRK757860,PO728765
SO10439,4,2,4,1,3,5,20241212,20241216,20241214,1,2120.81,2120.81,0.0,1338.0,1338.0,2120.81,174.97,30.07,TRK955076,PO271069
SO10440,1,43,79,1,1,3,20240227,20240305,20240304,2,2345.63,4691.26,0.0,1415.45,2830.9,4691.26,387.03,123.42,TRK207809,PO671098
SO10441,4,14,76,3,1,2,20250301,20250306,20250302,2,504.81,1009.62,100.96,290.0,580.0,908.66,74.96,33.95,TRK504103,PO254535
SO10441,1,37,91,3,2,4,20251201,20251210,20251207,1,829.09,829.09,82.91,471.59,471.59,746.18,61.56,27.26,TRK615711,PO277795
SO10442,1,29,29,4,1,1,20241015,20241023,20241016,1,740.85,740.85,111.13,503.82,503.82,629.72,51.95,17.93,TRK145452,PO733870
SO10442,3,23,39,1,3,5,20250906,20250911,20250912,2,2278.75,4557.5,0.0,1453.1,2906.2,4557.5,375.99,103.72,TRK755106,PO957276
SO10442,1,45,74,1,3,5,20250526,20250603,20250529,1,693.43,693.43,0.0,427.6,427.6,693.43,57.21,23.8,TRK927175,PO102284
SO10443,3,19,39,1,3,5,20250402,20250412,20250409,1,3766.58,3766.58,0.0,2212.17,2212.17,3766.58,310.74,45.27,TRK251695,PO194840
SO10443,4,17,83,2,1,1,20241227,20250104,20241231,1,543.13,543.13,27.16,333.47,333.47,515.97,42.57,11.72,TRK730973,PO932046
SO10444,2,18,86,3,1,1,20250127,20250205,20250201,3,529.51,1588.53,158.85,312.58,937.74,1429.68,117.95,35.62,TRK503310,PO187679
SO10445,1,54,149,1,3,5,20240812,20240816,20240814,4,45.95,183.8,0.0,21.77,87.08,183.8,15.16,3.83,TRK480002,PO685498
SO10445,2,18,122,1,1,2,20241223,20241231,20241230,1,529.51,529.51,0.0,312.58,312.58,529.51,43.68,18.79,TRK409012,PO582752
SO10445,2,54,37,1,2,4,20240817,20240820,20240823,2,45.95,91.9,0.0,21.77,43.54,91.9,7.58,1.3,TRK495796,PO868691
SO10445,1,55,7,1,1,1,20240418,20240422,20240422,2,48.64,97.28,0.0,23.6,47.2,97.28,8.03,3.42,TRK254021,PO482986
SO10446,2,11,37,1,2,4,20250805,20250814,20250807,1,1730.74,1730.74,0.0,980.12,980.12,1730.74,142.79,57.05,TRK884447,PO653071
SO10447,1,61,77,2,1,1,20250330,20250402,20250402,3,51.06,153.18,7.66,22.14,66.42,145.52,12.01,1.94,TRK733521,PO887619
SO10448,3,65,45,1,1,2,20250309,20250319,20250314,2,68.94,137.88,0.0,28.43,56.86,137.88,11.38,4.32,TRK843810,PO338356
SO10449,1,21,109,4,4,6,20250618,20250627,20250620,1,3695.11,3695.11,554.27,2013.24,2013.24,3140.84,259.12,101.43,TRK329540,PO511346
SO10450,3,10,48,1,1,3,20241116,20241125,20241123,3,1731.69,5195.07,0.0,874.99,2624.97,5195.07,428.59,111.25,TRK778058,PO544828
SO10451,1,35,50,1,1,2,20250106,20250114,20250107,1,758.91,758.91,0.0,467.94,467.94,758.91,62.61,13.04,TRK168492,PO322203
SO10451,1,40,3,1,1,1,20251015,20251018,20251017,1,2294.32,2294.32,0.0,1421.92,1421.92,2294.32,189.28,41.47,TRK691123,PO928611
SO10451,2,6,124,1,2,4,20241112,20241115,20241115,1,2100.96,2100.96,0.0,1401.2,1401.2,2100.96,173.33,68.39,TRK429748,PO888363
SO10452,2,46,101,2,1,2,20240409,20240417,20240413,1,695.66,695.66,34.78,470.4,470.4,660.88,54.52,24.38,TRK124835,PO715698
SO10453,1,62,98,3,1,3,20240208,20240215,20240210,4,51.18,204.72,20.47,22.11,88.44,184.25,15.2,2.68,TRK853362,PO342818
SO10454,3,19,56,1,1,2,20250528,20250605,20250601,3,3766.58,11299.74,0.0,2212.17,6636.51,11299.74,932.23,379.23,TRK753756,PO997531
SO10455,2,6,111,2,4,6,20250131,20250206,20250202,3,2100.96,6302.88,315.14,1401.2,4203.6,5987.74,493.99,238.97,TRK694438,PO758285
SO10456,3,13,128,1,1,3,20241112,20241116,20241116,1,579.5,579.5,0.0,301.9,301.9,579.5,47.81,7.43,TRK269316,PO171472
SO10456,4,47,72,1,1,2,20240702,20240712,20240705,1,776.68,776.68,0.0,455.26,455.26,776.68,64.08,30.74,TRK781880,PO247269
SO10456,2,63,32,1,1,3,20241020,20241029,20241024,1,45.08,45.08,0.0,21.38,21.38,45.08,3.72,1.61,TRK562241,PO484546
SO10456,1,41,132,1,1,3,20250227,20250309,20250302,1,2407.41,2407.41,0.0,1425.74,1425.74,2407.41,198.61,87.44,TRK750760,PO775143
SO10457,4,32,15,3,2,4,20240109,20240114,20240116,3,789.13,2367.39,236.74,500.36,1501.08,2130.65,175.78,28.04,TRK995304,PO176523
SO10457,4,50,58,1,2,4,20241223,20250102,20241227,3,37.64,112.92,0.0,13.75,41.25,112.92,9.32,3.31,TRK214419,PO189991
SO10458,4,14,47,2,2,4,20240723,20240801,20240726,2,504.81,1009.62,50.48,290.0,580.0,959.14,79.13,11.45,TRK322964,PO836405
SO10459,1,15,122,1,1,2,20250712,20250717,20250716,1,570.02,570.02,0.0,315.14,315.14,570.02,47.03,8.19,TRK730275,PO911813
SO10460,4,8,98,2,1,3,20250429,20250505,20250430,1,1689.57,1689.57,84.48,956.83,956.83,1605.09,132.42,26.23,TRK382956,PO364315
SO10461,4,11,46,1,2,4,20250218,20250222,20250221,1,1730.74,1730.74,0.0,980.12,980.12,1730.74,142.79,62.68,TRK650269,PO324505
SO10462,4,24,67,1,4,6,20250314,20250322,20250321,1,2287.04,2287.04,0.0,1464.07,1464.07,2287.04,188.68,43.24,TRK605020,PO598597
SO10462,2,21,138,1,4,6,20250807,20250816,20250814,3,3695.11,11085.33,0.0,2013.24,6039.72,11085.33,914.54,114.16,TRK181588,PO857830
SO10462,4,19,149,1,3,5,20241120,20241123,20241122,1,3766.58,3766.58,0.0,2212.17,2212.17,3766.58,310.74,138.97,TRK431777,PO219125
SO10462,1,34,105,2,1,2,20250406,20250411,20250412,2,748.1,1496.2,74.81,449.62,899.24,1421.39,117.26,33.37,TRK138258,PO329242
SO10462,1,54,49,1,4,6,20240619,20240628,20240621,5,45.95,229.75,0.0,21.77,108.85,229.75,18.95,4.7,TRK488241,PO953309
SO10462,4,3,94,3,4,6,20250529,20250602,20250604,1,2283.24,2283.24,228.32,1439.58,1439.58,2054.92,169.53,51.32,TRK530321,PO468814
SO10463,2,70,91,1,2,4,20241209,20241213,20241211,3,36.49,109.47,0.0,13.17,39.51,109.47,9.03,2.6,TRK669128,PO557049
SO10463,1,37,98,1,1,3,20250323,20250330,20250329,3,829.09,2487.27,0.0,471.59,1414.77,2487.27,205.2,71.16,TRK191876,PO945089
SO10464,1,12,27,1,4,6,20250225,20250301,20250301,3,1607.83,4823.49,0.0,897.63,2692.89,4823.49,397.94,156.76,TRK764299,PO565676
SO10465,1,5,129,1,4,6,20250306,20250312,20250308,3,2172.52,6517.56,0.0,1294.67,3884.01,6517.56,537.7,217.08,TRK305059,PO997940
SO10465,4,16,121,4,4,6,20250420,20250429,20250427,1,566.54,566.54,84.98,321.39,321.39,481.56,39.73,14.13,TRK107974,PO492842
SO10465,4,65,58,1,2,4,20251105,20251112,20251108,2,68.94,137.88,0.0,28.43,56.86,137.88,11.38,4.85,TRK806007,PO353288
SO10465,3,54,2,1,2,4,20240606,20240614,20240613,1,45.95,45.95,0.0,21.77,21.77,45.95,3.79,1.59,TRK451367,PO278688
SO10465,4,56,147,1,4,6,20250204,20250210,20250209,2,51.95,103.9,0.0,21.17,42.34,103.9,8.57,3.05,TRK235130,PO767181
SO10465,2,23,100,3,1,2,20250613,20250618,20250617,2,2278.75,4557.5,455.75,1453.1,2906.2,4101.75,338.39,69.44,TRK628751,PO224122
SO10466,4,51,148,3,2,4,20250720,20250725,20250723,5,7.37,36.85,3.69,2.07,10.35,33.16,2.74,0.53,TRK112098,PO759443
SO10467,4,4,40,2,3,5,20240321,20240330,20240322,2,2338.05,4676.1,233.81,1307.47,2614.94,4442.29,366.49,143.35,TRK765282,PO762177
SO10468,4,24,92,1,3,5,20240815,20240822,20240817,1,2287.04,2287.04,0.0,1464.07,1464.07,2287.04,188.68,59.61,TRK907814,PO373132
SO10468,1,36,14,3,1,3,20251004,20251007,20251010,1,745.84,745.84,74.58,520.44,520.44,671.26,55.38,26.54,TRK581430,PO724840
SO10469,2,14,32,1,1,3,20240703,20240707,20240704,1,504.81,504.81,0.0,290.0,290.0,504.81,41.65,12.53,TRK509783,PO205561
SO10470,3,3,126,1,1,2,20251002,20251006,20251004,2,2283.24,4566.48,0.0,1439.58,2879.16,4566.48,376.73,139.83,TRK764327,PO572780
SO10470,4,24,42,1,3,5,20240701,20240704,20240702,1,2287.04,2287.04,0.0,1464.07,1464.07,2287.04,188.68,89.83,TRK743830,PO729138
SO10471,2,1,140,1,4,6,20240917,20240921,20240919,1,2249.08,2249.08,0.0,1293.6,1293.6,2249.08,185.55,63.39,TRK326813,PO482615
SO10472,3,28,30,1,2,4,20240813,20240817,20240819,1,2500.86,2500.86,0.0,1544.51,1544.51,2500.86,206.32,76.9,TRK604967,PO308915
SO10473,4,45,24,1,4,6,20241028,20241107,20241103,3,693.43,2080.29,0.0,427.6,1282.8,2080.29,171.62,71.29,TRK302432,PO362241
SO10473,3,26,45,3,1,2,20241014,20241023,20241015,3,2392.26,7176.78,717.68,1447.45,4342.35,6459.1,532.88,177.69,TRK273699,PO932673
SO10474,4,63,53,3,1,1,20250309,20250316,20250316,3,45.08,135.24,13.52,21.38,64.14,121.72,10.04,2.38,TRK550167,PO309422
SO10474,3,46,146,3,1,1,20240306,20240316,20240308,1,695.66,695.66,69.57,470.4,470.4,626.09,51.65,22.97,TRK715377,PO529715
SO10474,3,68,76,1,1,2,20240427,20240502,20240504,2,32.68,65.36,0.0,13.97,27.94,65.36,5.39,1.29,TRK357234,PO176168
SO10475,3,48,56,1,1,2,20241117,20241121,20241118,1,690.18,690.18,0.0,452.27,452.27,690.18,56.94,13.5,TRK324156,PO587982
SO10476,3,42,146,1,1,1,20250129,20250205,20250203,1,2416.26,2416.26,0.0,1576.33,1576.33,2416.26,199.34,39.54,TRK851058,PO737433
SO10476,4,54,20,2,1,3,20241121,20241129,20241123,5,45.95,229.75,11.49,21.77,108.85,218.26,18.01,3.47,TRK149064,PO387745
SO10477,3,16,108,1,2,4,20250907,20250915,20250912,1,566.54,566.54,0.0,321.39,321.39,566.54,46.74,12.17,TRK118702,PO774933
SO10478,1,1,148,1,2,4,20250216,20250219,20250221,2,2249.08,4498.16,0.0,1293.6,2587.2,4498.16,371.1,168.87,TRK172827,PO592718
SO10478,4,54,25,1,4,6,20241120,20241128,20241124,5,45.95,229.75,0.0,21.77,108.85,229.75,18.95,2.85,TRK742064,PO149359
SO10479,1,39,101,4,1,2,20250520,20250524,20250527,3,2542.13,7626.39,1143.96,1472.24,4416.72,6482.43,534.8,137.54,TRK334896,PO150157
SO10479,3,18,3,4,1,1,20250322,20250328,20250324,1,529.51,529.51,79.43,312.58,312.58,450.08,37.13,5.69,TRK955792,PO663670
SO10480,3,7,2,3,2,4,20240214,20240218,20240215,1,1525.01,1525.01,152.5,904.22,904.22,1372.51,113.23,52.72,TRK821338,PO742515
SO10480,4,35,98,1,1,3,20240521,20240531,20240522,3,758.91,2276.73,0.0,467.94,1403.82,2276.73,187.83,31.39,TRK767841,PO568482
SO10480,2,67,32,1,1,3,20250504,20250514,20250507,4,68.93,275.72,0.0,28.93,115.72,275.72,22.75,5.42,TRK196258,PO376626
SO10480,1,11,76,1,1,2,20240905,20240911,20240911,1,1730.74,1730.74,0.0,980.12,980.12,1730.74,142.79,21.36,TRK322796,PO113765
SO10480,3,60,56,1,1,2,20240417,20240425,20240419,3,49.85,149.55,0.0,20.78,62.34,149.55,12.34,5.15,TRK897429,PO426972
SO10481,2,20,117,1,3,5,20240513,20240519,20240516,2,3785.07,7570.14,0.0,2197.87,4395.74,7570.14,624.54,163.27,TRK917911,PO519645
SO10482,1,9,49,1,4,6,20241110,20241114,20241112,1,1576.2,1576.2,0.0,963.57,963.57,1576.2,130.04,37.56,TRK352248,PO117393
SO10482,1,24,118,1,4,6,20251108,20251118,20251111,1,2287.04,2287.04,0.0,1464.07,1464.07,2287.04,188.68,41.09,TRK471643,PO552432
SO10483,1,20,55,1,1,2,20250604,20250612,20250605,2,3785.07,7570.14,0.0,2197.87,4395.74,7570.14,624.54,175.93,TRK780129,PO501103
SO10484,1,25,109,1,4,6,20240629,20240706,20240704,1,2496.04,2496.04,0.0,1485.17,1485.17,2496.04,205.92,70.45,TRK814248,PO152294
SO10485,2,15,64,1,3,5,20240206,20240213,20240208,1,570.02,570.02,0.0,315.14,315.14,570.02,47.03,6.83,TRK750348,PO833491
SO10486,3,51,104,1,2,4,20241001,20241011,20241003,3,7.37,22.11,0.0,2.07,6.21,22.11,1.82,0.33,TRK840140,PO725279
SO10486,2,1,74,1,3,5,20250929,20251009,20251005,1,2249.08,2249.08,0.0,1293.6,1293.6,2249.08,185.55,43.09,TRK278501,PO430419
SO10487,1,22,18,1,3,5,20250411,20250416,20250412,1,3422.23,3422.23,0.0,2097.84,2097.84,3422.23,282.33,102.6,TRK286138,PO376648
SO10488,2,22,20,2,1,3,20240110,20240118,20240114,3,3422.23,10266.69,513.33,2097.84,6293.52,9753.36,804.65,268.17,TRK595523,PO214699
SO10488,1,3,12,1,1,3,20241024,20241030,20241029,2,2283.24,4566.48,0.0,1439.58,2879.16,4566.48,376.73,114.59,TRK204849,PO419398
SO10489,1,58,86,2,1,1,20250712,20250719,20250718,3,52.24,156.72,7.84,23.3,69.9,148.88,12.28,3.66,TRK967958,PO469755
SO10490,1,43,78,2,1,3,20250902,20250912,20250903,2,2345.63,4691.26,234.56,1415.45,2830.9,4456.7,367.68,80.66,TRK255084,PO530250
SO10491,4,19,57,1,3,5,20240907,20240916,20240910,1,3766.58,3766.58,0.0,2212.17,2212.17,3766.58,310.74,60.98,TRK769760,PO213174
SO10492,3,70,71,4,4,6,20250623,20250628,20250626,3,36.49,109.47,16.42,13.17,39.51,93.05,7.68,3.47,TRK510020,PO717766
SO10493,4,36,107,1,4,6,20250816,20250824,20250823,1,745.84,745.84,0.0,520.44,520.44,745.84,61.53,21.16,TRK694188,PO931023
SO10494,3,37,89,4,4,6,20250525,20250530,20250529,1,829.09,829.09,124.36,471.59,471.59,704.73,58.14,21.44,TRK754096,PO685253
SO10495,1,39,42,1,3,5,20241028,20241031,20241101,2,2542.13,5084.26,0.0,1472.24,2944.48,5084.26,419.45,57.09,TRK155777,PO612089
SO10495,2,1,79,1,1,3,20240101,20240104,20240104,2,2249.08,4498.16,0.0,1293.6,2587.2,4498.16,371.1,63.57,TRK190181,PO847841
SO10496,3,19,70,1,1,1,20250822,20250826,20250825,3,3766.58,11299.74,0.0,2212.17,6636.51,11299.74,932.23,187.19,TRK360810,PO951138
SO10497,4,55,99,4,2,4,20240410,20240417,20240413,3,48.64,145.92,21.89,23.6,70.8,124.03,10.23,3.46,TRK811902,PO438144
SO10498,1,18,149,2,3,5,20240913,20240918,20240917,3,529.51,1588.53,79.43,312.58,937.74,1509.1,124.5,40.19,TRK411777,PO694191
SO10498,3,70,119,1,1,2,20250323,20250327,20250325,2,36.49,72.98,0.0,13.17,26.34,72.98,6.02,1.88,TRK591130,PO471399
SO10498,1,60,110,4,1,3,20250417,20250420,20250422,3,49.85,149.55,22.43,20.78,62.34,127.12,10.49,1.37,TRK892572,PO247414
SO10499,4,32,78,1,1,3,20240510,20240517,20240511,2,789.13,1578.26,0.0,500.36,1000.72,1578.26,130.21,51.55,TRK802629,PO106242
SO10500,3,67,119,3,1,2,20240327,20240330,20240330,3,68.93,206.79,20.68,28.93,86.79,186.11,15.35,6.49,TRK723210,PO202130
SO10501,1,62,75,1,2,4,20240303,20240307,20240309,5,51.18,255.9,0.0,22.11,110.55,255.9,21.11,7.05,TRK835652,PO315025
SO10502,2,19,133,2,1,1,20250522,20250527,20250524,2,3766.58,7533.16,376.66,2212.17,4424.34,7156.5,590.41,263.73,TRK415508,PO758756
SO10503,1,1,80,1,4,6,20240724,20240728,20240725,2,2249.08,4498.16,0.0,1293.6,2587.2,4498.16,371.1,44.99,TRK645073,PO201568
SO10504,4,27,64,1,3,5,20250601,20250611,20250605,1,2351.92,2351.92,0.0,1624.05,1624.05,2351.92,194.03,27.45,TRK607216,PO292984
SO10505,2,70,61,3,4,6,20251128,20251208,20251205,2,36.49,72.98,7.3,13.17,26.34,65.68,5.42,1.95,TRK767101,PO122709
SO10506,1,19,48,1,1,3,20240623,20240629,20240627,3,3766.58,11299.74,0.0,2212.17,6636.51,11299.74,932.23,275.87,TRK717363,PO616910
SO10507,3,36,95,1,3,5,20240419,20240429,20240423,2,745.84,1491.68,0.0,520.44,1040.88,1491.68,123.06,51.32,TRK579285,PO225961
SO10508,2,50,145,1,1,3,20240204,20240214,20240205,1,37.64,37.64,0.0,13.75,13.75,37.64,3.11,1.4,TRK590636,PO858188
SO10509,1,36,118,4,4,6,20250101,20250107,20250104,1,745.84,745.84,111.88,520.44,520.44,633.96,52.3,23.51,TRK282973,PO787781
SO10510,3,46,39,2,3,5,20241213,20241223,20241219,3,695.66,2086.98,104.35,470.4,1411.2,1982.63,163.57,70.9,TRK513064,PO171523
SO10511,3,49,124,1,2,4,20240703,20240710,20240705,2,800.9,1601.8,0.0,463.15,926.3,1601.8,132.15,49.55,TRK712885,PO747469
SO10512,4,9,104,1,2,4,20240611,20240617,20240612,1,1576.2,1576.2,0.0,963.57,963.57,1576.2,130.04,47.22,TRK439381,PO896822
SO10512,1,31,60,3,4,6,20240627,20240706,20240704,1,843.25,843.25,84.33,496.89,496.89,758.92,62.61,29.75,TRK741627,PO362651
SO10512,4,5,30,1,2,4,20250118,20250121,20250120,3,2172.52,6517.56,0.0,1294.67,3884.01,6517.56,537.7,127.97,TRK239687,PO768357
SO10513,2,26,147,1,4,6,20250324,20250331,20250326,1,2392.26,2392.26,0.0,1447.45,1447.45,2392.26,197.36,38.36,TRK190196,PO710384
SO10514,1,13,7,1,1,1,20240523,20240526,20240526,1,579.5,579.5,0.0,301.9,301.9,579.5,47.81,19.26,TRK457261,PO294305
SO10515,2,64,136,3,1,1,20250807,20250817,20250812,2,45.23,90.46,9.05,23.51,47.02,81.41,6.72,1.67,TRK940534,PO170416
SO10516,1,55,113,1,1,3,20240313,20240317,20240315,5,48.64,243.2,0.0,23.6,118.0,243.2,20.06,8.14,TRK622937,PO341773
SO10517,2,70,14,1,1,3,20241023,20241030,20241027,2,36.49,72.98,0.0,13.17,26.34,72.98,6.02,2.27,TRK402062,PO178409
SO10518,1,31,137,3,2,4,20250527,20250603,20250531,2,843.25,1686.5,168.65,496.89,993.78,1517.85,125.22,43.35,TRK711081,PO593856
SO10519,2,4,68,1,3,5,20240924,20240930,20240927,1,2338.05,2338.05,0.0,1307.47,1307.47,2338.05,192.89,85.67,TRK673662,PO956437
SO10519,1,8,85,1,2,4,20250731,20250803,20250803,1,1689.57,1689.57,0.0,956.83,956.83,1689.57,139.39,66.62,TRK678211,PO602028
SO10520,4,35,34,1,2,4,20240206,20240216,20240211,3,758.91,2276.73,0.0,467.94,1403.82,2276.73,187.83,38.15,TRK418157,PO919506
SO10521,4,3,59,1,3,5,20240719,20240728,20240725,1,2283.24,2283.24,0.0,1439.58,1439.58,2283.24,188.37,69.66,TRK154673,PO505929
SO10521,3,17,97,2,1,1,20250716,20250721,20250717,2,543.13,1086.26,54.31,333.47,666.94,1031.95,85.14,23.88,TRK468877,PO303052
SO10521,1,56,88,1,1,2,20240404,20240407,20240406,1,51.95,51.95,0.0,21.17,21.17,51.95,4.29,1.16,TRK940713,PO115622
SO10522,2,8,64,1,3,5,20250325,20250330,20250328,1,1689.57,1689.57,0.0,956.83,956.83,1689.57,139.39,19.11,TRK406616,PO236017
SO10523,3,62,102,1,3,5,20240319,20240323,20240322,5,51.18,255.9,0.0,22.11,110.55,255.9,21.11,9.76,TRK330987,PO565087
SO10524,1,47,78,1,1,3,20251031,20251106,20251105,2,776.68,1553.36,0.0,455.26,910.52,1553.36,128.15,57.15,TRK156620,PO463473
SO10525,3,63,106,1,2,4,20240520,20240526,20240523,2,45.08,90.16,0.0,21.38,42.76,90.16,7.44,2.91,TRK860124,PO956036
SO10525,3,5,37,1,2,4,20251027,20251106,20251028,1,2172.52,2172.52,0.0,1294.67,1294.67,2172.52,179.23,23.11,TRK391469,PO716814
SO10526,4,39,99,1,2,4,20250916,20250925,20250920,1,2542.13,2542.13,0.0,1472.24,1472.24,2542.13,209.73,26.86,TRK146573,PO335351
SO10527,3,49,53,1,1,1,20250629,20250702,20250705,1,800.9,800.9,0.0,463.15,463.15,800.9,66.07,15.34,TRK127254,PO738309
SO10528,4,34,87,1,1,2,20240129,20240206,20240204,2,748.1,1496.2,0.0,449.62,899.24,1496.2,123.44,52.18,TRK920628,PO864649
SO10529,4,14,15,1,2,4,20251125,20251202,20251202,2,504.81,1009.62,0.0,290.0,580.0,1009.62,83.29,40.11,TRK700417,PO854157
SO10530,1,67,146,1,1,1,20250125,20250204,20250131,2,68.93,137.86,0.0,28.93,57.86,137.86,11.37,5.48,TRK394335,PO938429
SO10531,3,11,71,2,4,6,20241029,20241106,20241103,1,1730.74,1730.74,86.54,980.12,980.12,1644.2,135.65,35.91,TRK381802,PO791252
SO10532,4,2,65,1,2,4,20251107,20251115,20251114,1,2120.81,2120.81,0.0,1338.0,1338.0,2120.81,174.97,38.04,TRK118105,PO561278
SO10532,3,60,3,4,1,1,20250506,20250512,20250510,1,49.85,49.85,7.48,20.78,20.78,42.37,3.5,0.5,TRK739975,PO678235
SO10533,2,9,81,1,1,1,20241009,20241016,20241016,2,1576.2,3152.4,0.0,963.57,1927.14,3152.4,260.07,78.33,TRK254037,PO747966
SO10534,2,30,13,1,1,1,20240707,20240717,20240712,1,739.88,739.88,0.0,476.63,476.63,739.88,61.04,14.44,TRK163766,PO849259
SO10535,4,33,67,1,4,6,20241227,20241230,20250101,1,824.9,824.9,0.0,507.46,507.46,824.9,68.05,14.06,TRK218680,PO635859
SO10535,2,31,20,1,1,3,20250115,20250124,20250116,1,843.25,843.25,0.0,496.89,496.89,843.25,69.57,24.67,TRK125894,PO442402
SO10536,1,43,93,3,1,2,20250118,20250128,20250121,2,2345.63,4691.26,469.13,1415.45,2830.9,4222.13,348.33,121.0,TRK405002,PO257352
SO10537,2,14,7,1,1,1,20241116,20241124,20241118,2,504.81,1009.62,0.0,290.0,580.0,1009.62,83.29,21.57,TRK499601,PO899656
SO10537,1,10,21,1,4,6,20250811,20250820,20250816,1,1731.69,1731.69,0.0,874.99,874.99,1731.69,142.86,55.4,TRK736592,PO595273
SO10537,3,67,135,1,1,1,20240718,20240725,20240720,3,68.93,206.79,0.0,28.93,86.79,206.79,17.06,4.11,TRK342106,PO577963
SO10538,3,15,81,1,1,1,20250223,20250303,20250224,3,570.02,1710.06,0.0,315.14,945.42,1710.06,141.08,35.16,TRK785066,PO607672
SO10538,2,58,59,1,3,5,20240508,20240514,20240515,3,52.24,156.72,0.0,23.3,69.9,156.72,12.93,5.84,TRK734960,PO372922
SO10539,2,44,74,1,3,5,20250222,20250303,20250227,1,801.07,801.07,0.0,461.7,461.7,801.07,66.09,31.64,TRK288655,PO576126
SO10539,4,22,4,1,3,5,20250721,20250731,20250727,1,3422.23,3422.23,0.0,2097.84,2097.84,3422.23,282.33,44.59,TRK125093,PO823566
SO10540,2,10,43,1,4,6,20250626,20250705,20250630,1,1731.69,1731.69,0.0,874.99,874.99,1731.69,142.86,35.73,TRK846568,PO407643
SO10540,3,44,31,1,2,4,20250923,20250927,20250929,1,801.07,801.07,0.0,461.7,461.7,801.07,66.09,9.1,TRK570700,PO528736
SO10540,1,56,116,2,1,3,20240517,20240522,20240523,2,51.95,103.9,5.2,21.17,42.34,98.7,8.14,3.25,TRK259652,PO108161
SO10541,3,59,95,1,3,5,20240629,20240706,20240706,3,47.42,142.26,0.0,22.49,67.47,142.26,11.74,1.84,TRK150633,PO691534
SO10541,2,68,133,1,1,1,20250312,20250319,20250315,4,32.68,130.72,0.0,13.97,55.88,130.72,10.78,2.81,TRK143971,PO953527
SO10542,3,56,54,1,1,3,20250922,20250930,20250923,4,51.95,207.8,0.0,21.17,84.68,207.8,17.14,4.24,TRK387150,PO610274
SO10543,2,29,113,1,1,3,20240922,20240926,20240924,1,740.85,740.85,0.0,503.82,503.82,740.85,61.12,22.22,TRK678985,PO979535
SO10543,3,22,131,1,1,1,20240210,20240216,20240211,1,3422.23,3422.23,0.0,2097.84,2097.84,3422.23,282.33,84.36,TRK313008,PO395528
SO10543,1,55,147,1,4,6,20240509,20240519,20240512,5,48.64,243.2,0.0,23.6,118.0,243.2,20.06,9.13,TRK565992,PO553263
SO10543,2,34,127,3,1,3,20241012,20241016,20241015,1,748.1,748.1,74.81,449.62,449.62,673.29,55.55,22.97,TRK862693,PO177961
SO10543,1,21,84,1,3,5,20250409,20250413,20250415,2,3695.11,7390.22,0.0,2013.24,4026.48,7390.22,609.69,226.42,TRK554429,PO205317
SO10544,4,41,134,3,4,6,20251107,20251110,20251113,1,2407.41,2407.41,240.74,1425.74,1425.74,2166.67,178.75,62.44,TRK330906,PO806056
SO10545,1,34,51,1,1,1,20240710,20240720,20240713,2,748.1,1496.2,0.0,449.62,899.24,1496.2,123.44,20.88,TRK641386,PO998794
SO10546,3,1,55,1,1,2,20250725,20250731,20250731,2,2249.08,4498.16,0.0,1293.6,2587.2,4498.16,371.1,69.02,TRK743173,PO498763
SO10546,4,31,150,1,1,3,20250627,20250702,20250630,3,843.25,2529.75,0.0,496.89,1490.67,2529.75,208.7,89.1,TRK614034,PO935448
SO10546,3,46,101,1,1,2,20240408,20240414,20240409,2,695.66,1391.32,0.0,470.4,940.8,1391.32,114.78,54.11,TRK539976,PO568894
SO10547,4,32,84,1,3,5,20240629,20240709,20240702,3,789.13,2367.39,0.0,500.36,1501.08,2367.39,195.31,70.59,TRK839056,PO234278
SO10548,4,63,124,1,2,4,20240828,20240831,20240831,4,45.08,180.32,0.0,21.38,85.52,180.32,14.88,3.25,TRK163756,PO689569
SO10548,3,34,83,1,1,1,20250204,20250214,20250208,3,748.1,2244.3,0.0,449.62,1348.86,2244.3,185.15,49.29,TRK609089,PO863559
SO10548,2,44,57,2,3,5,20241111,20241121,20241115,3,801.07,2403.21,120.16,461.7,1385.1,2283.05,188.35,37.99,TRK917419,PO755660
SO10548,3,43,29,1,1,1,20240121,20240124,20240128,1,2345.63,2345.63,0.0,1415.45,1415.45,2345.63,193.51,50.14,TRK469833,PO904092
SO10549,4,9,142,1,2,4,20240803,20240811,20240808,3,1576.2,4728.6,0.0,963.57,2890.71,4728.6,390.11,75.44,TRK852689,PO340474
SO10550,1,21,75,1,2,4,20240808,20240814,20240809,1,3695.11,3695.11,0.0,2013.24,2013.24,3695.11,304.85,40.95,TRK625860,PO517267
SO10551,3,6,125,1,1,2,20240125,20240131,20240131,1,2100.96,2100.96,0.0,1401.2,1401.2,2100.96,173.33,69.69,TRK886343,PO229648
SO10551,4,52,97,2,1,1,20241003,20241007,20241004,2,21.61,43.22,2.16,8.05,16.1,41.06,3.39,0.5,TRK121133,PO115457
SO10552,3,20,139,2,4,6,20250204,20250210,20250211,1,3785.07,3785.07,189.25,2197.87,2197.87,3595.82,296.66,101.3,TRK545804,PO637243
SO10553,4,39,6,1,1,2,20240412,20240419,20240418,1,2542.13,2542.13,0.0,1472.24,1472.24,2542.13,209.73,69.36,TRK197582,PO333049
SO10554,4,36,105,1,1,2,20250630,20250706,20250704,2,745.84,1491.68,0.0,520.44,1040.88,1491.68,123.06,15.69,TRK490843,PO899749
SO10555,1,14,140,1,4,6,20240126,20240204,20240202,2,504.81,1009.62,0.0,290.0,580.0,1009.62,83.29,17.13,TRK774044,PO425698
SO10556,2,19,86,4,1,1,20240407,20240412,20240409,3,3766.58,11299.74,1694.96,2212.17,6636.51,9604.78,792.39,345.24,TRK187963,PO248195
SO10557,3,61,104,2,2,4,20250803,20250809,20250804,4,51.06,204.24,10.21,22.14,88.56,194.03,16.01,6.41,TRK876482,PO454280
SO10557,4,5,39,1,3,5,20250905,20250914,20250912,1,2172.52,2172.52,0.0,1294.67,1294.67,2172.52,179.23,22.09,TRK672091,PO624094
SO10558,2,31,81,1,1,1,20250509,20250513,20250510,1,843.25,843.25,0.0,496.89,496.89,843.25,69.57,19.2,TRK893653,PO114286
SO10559,4,67,42,1,3,5,20240721,20240731,20240728,5,68.93,344.65,0.0,28.93,144.65,344.65,28.43,13.5,TRK619238,PO279015
SO10560,3,63,135,2,1,1,20250714,20250723,20250718,2,45.08,90.16,4.51,21.38,42.76,85.65,7.07,0.88,TRK854914,PO809553
SO10560,3,67,70,1,1,1,20250115,20250120,20250117,2,68.93,137.86,0.0,28.93,57.86,137.86,11.37,2.58,TRK644609,PO733882
SO10560,1,61,65,1,2,4,20241204,20241209,20241206,3,51.06,153.18,0.0,22.14,66.42,153.18,12.64,3.94,TRK433120,PO536525
SO10560,4,20,46,1,2,4,20240106,20240113,20240112,2,3785.07,7570.14,0.0,2197.87,4395.74,7570.14,624.54,118.32,TRK447115,PO199315
SO10560,3,60,16,1,4,6,20241224,20241230,20241227,4,49.85,199.4,0.0,20.78,83.12,199.4,16.45,5.76,TRK397992,PO960623
SO10560,1,40,110,1,1,3,20250216,20250223,20250221,1,2294.32,2294.32,0.0,1421.92,1421.92,2294.32,189.28,60.18,TRK721427,PO259825
SO10561,4,28,27,1,4,6,20250731,20250804,20250802,1,2500.86,2500.86,0.0,1544.51,1544.51,2500.86,206.32,84.8,TRK446198,PO703618
SO10562,2,61,71,1,4,6,20240825,20240831,20240826,2,51.06,102.12,0.0,22.14,44.28,102.12,8.42,3.87,TRK272824,PO598560
SO10563,4,42,1,3,2,4,20240223,20240228,20240228,1,2416.26,2416.26,241.63,1576.33,1576.33,2174.63,179.41,74.41,TRK442978,PO417255
SO10564,3,16,129,1,4,6,20250121,20250130,20250127,1,566.54,566.54,0.0,321.39,321.39,566.54,46.74,13.73,TRK656464,PO181998
SO10564,3,22,55,3,1,2,20240526,20240604,20240531,3,3422.23,10266.69,1026.67,2097.84,6293.52,9240.02,762.3,214.82,TRK818660,PO226080
SO10564,4,56,143,1,4,6,20240126,20240203,20240202,5,51.95,259.75,0.0,21.17,105.85,259.75,21.43,6.23,TRK324164,PO746944
SO10565,3,25,144,1,1,3,20240111,20240117,20240115,2,2496.04,4992.08,0.0,1485.17,2970.34,4992.08,411.85,103.98,TRK444406,PO198679
SO10566,4,33,95,3,3,5,20250913,20250920,20250914,2,824.9,1649.8,164.98,507.46,1014.92,1484.82,122.5,43.68,TRK146050,PO829283
SO10567,4,36,65,1,2,4,20250808,20250811,20250815,3,745.84,2237.52,0.0,520.44,1561.32,2237.52,184.6,70.57,TRK614117,PO282212
SO10567,2,70,122,1,1,2,20240130,20240204,20240205,1,36.49,36.49,0.0,13.17,13.17,36.49,3.01,1.17,TRK186847,PO539953
SO10568,2,8,31,1,2,4,20240304,20240312,20240305,2,1689.57,3379.14,0.0,956.83,1913.66,3379.14,278.78,120.76,TRK786927,PO743829
SO10569,1,43,5,3,2,4,20241120,20241125,20241125,3,2345.63,7036.89,703.69,1415.45,4246.35,6333.2,522.49,200.53,TRK796773,PO522757
SO10570,1,8,107,1,4,6,20250528,20250602,20250603,1,1689.57,1689.57,0.0,956.83,956.83,1689.57,139.39,30.41,TRK388909,PO738088
SO10571,4,65,51,1,1,1,20240104,20240111,20240107,3,68.94,206.82,0.0,28.43,85.29,206.82,17.06,5.55,TRK695772,PO976720
SO10572,1,60,23,1,1,1,20240402,20240407,20240408,1,49.85,49.85,0.0,20.78,20.78,49.85,4.11,0.63,TRK903966,PO277561
SO10573,2,28,3,1,1,1,20240324,20240330,20240327,3,2500.86,7502.58,0.0,1544.51,4633.53,7502.58,618.96,263.48,TRK883714,PO892547
SO10574,2,40,34,1,2,4,20241020,20241025,20241023,1,2294.32,2294.32,0.0,1421.92,1421.92,2294.32,189.28,32.61,TRK975849,PO297389
SO10575,3,26,70,4,1,1,20240922,20241002,20240925,1,2392.26,2392.26,358.84,1447.45,1447.45,2033.42,167.76,25.97,TRK465805,PO909889
SO10576,2,58,134,1,4,6,20240623,20240626,20240630,5,52.24,261.2,0.0,23.3,116.5,261.2,21.55,7.2,TRK836296,PO554928
SO10577,2,37,89,1,4,6,20250530,20250606,20250531,1,829.09,829.09,0.0,471.59,471.59,829.09,68.4,21.06,TRK590406,PO373516
SO10578,4,15,9,1,3,5,20240709,20240719,20240711,2,570.02,1140.04,0.0,315.14,630.28,1140.04,94.05,27.38,TRK790282,PO716972
SO10579,1,42,9,1,3,5,20250102,20250105,20250104,3,2416.26,7248.78,0.0,1576.33,4728.99,7248.78,598.02,164.13,TRK296200,PO475394
SO10580,4,21,79,1,1,3,20240123,20240202,20240130,2,3695.11,7390.22,0.0,2013.24,4026.48,7390.22,609.69,210.61,TRK866461,PO518731
SO10581,2,32,122,2,1,2,20250907,20250915,20250911,1,789.13,789.13,39.46,500.36,500.36,749.67,61.85,22.76,TRK900244,PO631586
SO10582,3,54,28,2,1,2,20250814,20250823,20250819,3,45.95,137.85,6.89,21.77,65.31,130.96,10.8,1.42,TRK725843,PO831519
SO10582,3,26,135,2,1,1,20240513,20240521,20240520,2,2392.26,4784.52,239.23,1447.45,2894.9,4545.29,374.99,176.35,TRK931377,PO903023
SO10582,3,45,37,1,2,4,20250416,20250419,20250422,2,693.43,1386.86,0.0,427.6,855.2,1386.86,114.42,20.01,TRK422465,PO184279
SO10582,1,31,48,1,1,3,20240907,20240912,20240913,1,843.25,843.25,0.0,496.89,496.89,843.25,69.57,22.48,TRK600531,PO267069
SO10582,2,13,89,1,4,6,20250207,20250213,20250211,2,579.5,1159.0,0.0,301.9,603.8,1159.0,95.62,34.83,TRK900122,PO200479
SO10583,4,17,100,2,1,2,20240516,20240525,20240523,1,543.13,543.13,27.16,333.47,333.47,515.97,42.57,10.22,TRK725935,PO512982
SO10584,2,10,137,1,2,4,20250823,20250826,20250825,1,1731.69,1731.69,0.0,874.99,874.99,1731.69,142.86,63.32,TRK487063,PO479878
SO10585,1,65,88,1,1,2,20250211,20250215,20250217,1,68.94,68.94,0.0,28.43,28.43,68.94,5.69,1.17,TRK321493,PO416604
SO10586,4,12,112,1,4,6,20240703,20240712,20240705,1,1607.83,1607.83,0.0,897.63,897.63,1607.83,132.65,29.82,TRK136518,PO373698
SO10587,1,23,108,1,2,4,20250613,20250617,20250617,1,2278.75,2278.75,0.0,1453.1,1453.1,2278.75,188.0,77.9,TRK787728,PO524121
SO10588,4,21,4,1,3,5,20250603,20250612,20250609,1,3695.11,3695.11,0.0,2013.24,2013.24,3695.11,304.85,87.36,TRK542978,PO908829
SO10588,3,39,14,1,1,3,20251011,20251015,20251016,2,2542.13,5084.26,0.0,1472.24,2944.48,5084.26,419.45,173.95,TRK918941,PO596550
SO10588,1,69,86,1,1,1,20240702,20240711,20240707,2,32.59,65.18,0.0,14.58,29.16,65.18,5.38,2.14,TRK257692,PO107294
SO10589,1,34,87,1,1,2,20250921,20251001,20250925,1,748.1,748.1,0.0,449.62,449.62,748.1,61.72,8.57,TRK613405,PO582607
SO10589,1,7,94,1,4,6,20240915,20240924,20240918,2,1525.01,3050.02,0.0,904.22,1808.44,3050.02,251.63,92.26,TRK669113,PO380216
SO10590,3,38,46,1,2,4,20250402,20250410,20250405,1,2443.29,2443.29,0.0,1457.25,1457.25,2443.29,201.57,71.05,TRK867457,PO138390
SO10591,4,51,137,1,2,4,20250701,20250705,20250703,2,7.37,14.74,0.0,2.07,4.14,14.74,1.22,0.47,TRK388039,PO462163
SO10592,2,32,118,3,4,6,20250805,20250815,20250806,3,789.13,2367.39,236.74,500.36,1501.08,2130.65,175.78,26.2,TRK738953,PO858970
SO10593,1,49,26,4,3,5,20240321,20240329,20240327,2,800.9,1601.8,240.27,463.15,926.3,1361.53,112.33,44.22,TRK292864,PO883041
SO10594,2,11,66,4,3,5,20240715,20240722,20240718,2,1730.74,3461.48,519.22,980.12,1960.24,2942.26,242.74,83.76,TRK827981,PO937764
SO10595,1,48,13,1,1,1,20250323,20250330,20250329,2,690.18,1380.36,0.0,452.27,904.54,1380.36,113.88,42.33,TRK733992,PO518036
SO10596,3,37,47,1,2,4,20240731,20240803,20240807,1,829.09,829.09,0.0,471.59,471.59,829.09,68.4,18.6,TRK584904,PO728180
SO10596,4,13,82,1,1,1,20241128,20241204,20241129,1,579.5,579.5,0.0,301.9,301.9,579.5,47.81,16.42,TRK716472,PO541203
SO10597,4,70,85,1,2,4,20250725,20250728,20250728,3,36.49,109.47,0.0,13.17,39.51,109.47,9.03,2.21,TRK259151,PO584387
SO10597,1,27,128,1,1,3,20251120,20251129,20251123,2,2351.92,4703.84,0.0,1624.05,3248.1,4703.84,388.07,103.9,TRK762054,PO610172
SO10598,4,45,144,1,1,3,20250626,20250704,20250629,1,693.43,693.43,0.0,427.6,427.6,693.43,57.21,13.01,TRK131000,PO263473
SO10598,4,22,150,1,1,3,20250317,20250326,20250324,2,3422.23,6844.46,0.0,2097.84,4195.68,6844.46,564.67,73.25,TRK346120,PO493514
SO10598,3,17,138,1,4,6,20240506,20240510,20240510,2,543.13,1086.26,0.0,333.47,666.94,1086.26,89.62,17.98,TRK287299,PO266846
SO10599,3,53,103,2,4,6,20250304,20250311,20250307,2,47.17,94.34,4.72,22.5,45.0,89.62,7.39,2.97,TRK626704,PO661645
SO10600,2,51,137,3,2,4,20250521,20250531,20250524,2,7.37,14.74,1.47,2.07,4.14,13.27,1.09,0.46,TRK519487,PO402417
SO10601,4,69,1,2,2,4,20251102,20251107,20251108,2,32.59,65.18,3.26,14.58,29.16,61.92,5.11,2.3,TRK538587,PO530224
SO10602,1,4,49,1,4,6,20250916,20250920,20250921,2,2338.05,4676.1,0.0,1307.47,2614.94,4676.1,385.78,126.8,TRK440808,PO739434
SO10603,4,22,64,1,3,5,20251201,20251205,20251204,2,3422.23,6844.46,0.0,2097.84,4195.68,6844.46,564.67,73.11,TRK678874,PO636174
SO10603,3,21,50,1,1,2,20240902,20240907,20240906,2,3695.11,7390.22,0.0,2013.24,4026.48,7390.22,609.69,281.67,TRK239093,PO407213
SO10603,2,4,17,1,3,5,20250415,20250421,20250421,1,2338.05,2338.05,0.0,1307.47,1307.47,2338.05,192.89,65.69,TRK583819,PO624513
SO10603,4,43,29,1,1,1,20240312,20240315,20240318,1,2345.63,2345.63,0.0,1415.45,1415.45,2345.63,193.51,25.73,TRK504032,PO173783
SO10603,3,34,107,1,4,6,20250913,20250916,20250917,3,748.1,2244.3,0.0,449.62,1348.86,2244.3,185.15,54.82,TRK951089,PO517749
SO10604,3,47,11,2,3,5,20250607,20250617,20250611,2,776.68,1553.36,77.67,455.26,910.52,1475.69,121.74,49.62,TRK894758,PO965314
SO10604,2,15,149,1,3,5,20250226,20250306,20250228,3,570.02,1710.06,0.0,315.14,945.42,1710.06,141.08,63.94,TRK377356,PO201843
SO10605,4,10,85,3,2,4,20250518,20250524,20250525,2,1731.69,3463.38,346.34,874.99,1749.98,3117.04,257.16,55.48,TRK446723,PO925621
SO10606,3,34,116,1,1,3,20240206,20240211,20240208,2,748.1,1496.2,0.0,449.62,899.24,1496.2,123.44,38.38,TRK690913,PO480343
SO10606,2,40,75,1,2,4,20251011,20251018,20251015,3,2294.32,6882.96,0.0,1421.92,4265.76,6882.96,567.84,216.07,TRK879860,PO944311
SO10606,3,19,33,1,2,4,20250128,20250204,20250203,2,3766.58,7533.16,0.0,2212.17,4424.34,7533.16,621.49,126.84,TRK255570,PO712614
SO10607,3,34,4,2,3,5,20250613,20250622,20250617,1,748.1,748.1,37.41,449.62,449.62,710.69,58.63,20.29,TRK775127,PO263448
SO10608,4,41,129,1,4,6,20250511,20250516,20250518,2,2407.41,4814.82,0.0,1425.74,2851.48,4814.82,397.22,124.02,TRK114923,PO801229
SO10608,1,44,17,1,3,5,20240817,20240822,20240820,1,801.07,801.07,0.0,461.7,461.7,801.07,66.09,22.64,TRK781570,PO306508
SO10608,2,64,92,1,3,5,20251015,20251018,20251022,3,45.23,135.69,0.0,23.51,70.53,135.69,11.19,4.39,TRK877391,PO312368
SO10609,1,5,94,1,4,6,20241203,20241207,20241206,2,2172.52,4345.04,0.0,1294.67,2589.34,4345.04,358.47,115.57,TRK936677,PO158693
SO10610,1,67,115,1,1,3,20240706,20240712,20240708,2,68.93,137.86,0.0,28.93,57.86,137.86,11.37,4.23,TRK738727,PO378673
SO10611,2,36,142,2,2,4,20240306,20240311,20240311,1,745.84,745.84,37.29,520.44,520.44,708.55,58.46,13.52,TRK714127,PO898679
SO10612,1,62,149,1,3,5,20240222,20240301,20240229,3,51.18,153.54,0.0,22.11,66.33,153.54,12.67,4.46,TRK563363,PO187436
SO10613,1,26,122,1,1,2,20240808,20240818,20240811,1,2392.26,2392.26,0.0,1447.45,1447.45,2392.26,197.36,64.78,TRK854955,PO564143
SO10614,4,59,50,1,1,2,20250220,20250227,20250224,1,47.42,47.42,0.0,22.49,22.49,47.42,3.91,1.37,TRK639178,PO397539
SO10614,2,34,77,1,1,1,20241008,20241015,20241014,2,748.1,1496.2,0.0,449.62,899.24,1496.2,123.44,34.71,TRK611265,PO106833
SO10615,4,66,82,1,1,1,20240702,20240706,20240709,3,63.0,189.0,0.0,25.09,75.27,189.0,15.59,4.34,TRK459065,PO768868
SO10616,4,24,138,2,4,6,20240825,20240831,20240828,1,2287.04,2287.04,114.35,1464.07,1464.07,2172.69,179.25,54.43,TRK207916,PO818008
SO10616,2,27,77,1,1,1,20241127,20241202,20241129,2,2351.92,4703.84,0.0,1624.05,3248.1,4703.84,388.07,155.19,TRK739760,PO794776
SO10617,3,42,41,4,3,5,20251031,20251109,20251107,2,2416.26,4832.52,724.88,1576.33,3152.66,4107.64,338.88,130.6,TRK594908,PO997830
SO10618,4,48,78,1,1,3,20241228,20250105,20250101,1,690.18,690.18,0.0,452.27,452.27,690.18,56.94,13.28,TRK105948,PO899248
SO10618,2,8,104,1,2,4,20240523,20240602,20240530,2,1689.57,3379.14,0.0,956.83,1913.66,3379.14,278.78,61.59,TRK318742,PO794214
SO10618,2,38,66,1,3,5,20250313,20250322,20250316,1,2443.29,2443.29,0.0,1457.25,1457.25,2443.29,201.57,65.34,TRK747554,PO627374
SO10618,4,36,113,1,1,3,20240613,20240621,20240619,1,745.84,745.84,0.0,520.44,520.44,745.84,61.53,18.19,TRK148234,PO919176
SO10619,3,63,100,1,1,2,20250913,20250922,20250914,2,45.08,90.16,0.0,21.38,42.76,90.16,7.44,1.18,TRK664024,PO487395
SO10619,2,37,113,1,1,3,20240316,20240324,20240323,1,829.09,829.09,0.0,471.59,471.59,829.09,68.4,26.51,TRK718458,PO413372
SO10619,3,26,147,1,4,6,20240908,20240916,20240913,2,2392.26,4784.52,0.0,1447.45,2894.9,4784.52,394.72,126.3,TRK823066,PO122913
SO10619,2,9,36,2,1,1,20241117,20241125,20241124,3,1576.2,4728.6,236.43,963.57,2890.71,4492.17,370.6,105.01,TRK436873,PO591075
SO10619,2,59,59,1,3,5,20251124,20251201,20251127,2,47.42,94.84,0.0,22.49,44.98,94.84,7.82,2.67,TRK224980,PO773437
SO10620,1,55,106,2,2,4,20240219,20240222,20240224,3,48.64,145.92,7.3,23.6,70.8,138.62,11.44,2.94,TRK628704,PO937055
SO10621,1,69,84,1,3,5,20241207,20241211,20241213,3,32.59,97.77,0.0,14.58,43.74,97.77,8.07,1.2,TRK657593,PO265909
SO10621,3,12,132,3,1,3,20250916,20250922,20250923,2,1607.83,3215.66,321.57,897.63,1795.26,2894.09,238.76,35.29,TRK588337,PO573210
SO10621,4,43,39,1,3,5,20250812,20250820,20250816,1,2345.63,2345.63,0.0,1415.45,1415.45,2345.63,193.51,60.59,TRK122527,PO520967
SO10622,3,38,148,1,2,4,20250203,20250206,20250204,1,2443.29,2443.29,0.0,1457.25,1457.25,2443.29,201.57,40.94,TRK997135,PO333717
SO10622,2,42,150,1,1,3,20251112,20251118,20251119,2,2416.26,4832.52,0.0,1576.33,3152.66,4832.52,398.68,167.43,TRK298020,PO910540
SO10623,1,27,38,1,1,1,20240127,20240130,20240203,1,2351.92,2351.92,0.0,1624.05,1624.05,2351.92,194.03,32.5,TRK443367,PO430654
SO10624,3,27,59,1,3,5,20250310,20250317,20250312,1,2351.92,2351.92,0.0,1624.05,1624.05,2351.92,194.03,89.58,TRK128622,PO243982
SO10625,2,16,113,1,1,3,20240801,20240810,20240802,2,566.54,1133.08,0.0,321.39,642.78,1133.08,93.48,26.52,TRK908435,PO498988
SO10626,4,12,32,1,1,3,20250815,20250819,20250817,1,1607.83,1607.83,0.0,897.63,897.63,1607.83,132.65,52.57,TRK876619,PO734229
SO10627,4,41,92,1,3,5,20240402,20240410,20240406,2,2407.41,4814.82,0.0,1425.74,2851.48,4814.82,397.22,85.02,TRK116929,PO107608
SO10627,4,54,98,4,1,3,20240412,20240420,20240415,3,45.95,137.85,20.68,21.77,65.31,117.17,9.67,4.5,TRK988991,PO783673
SO10627,3,30,77,1,1,1,20251021,20251030,20251025,3,739.88,2219.64,0.0,476.63,1429.89,2219.64,183.12,23.25,TRK147573,PO247572
SO10627,1,23,64,1,3,5,20250615,20250620,20250617,2,2278.75,4557.5,0.0,1453.1,2906.2,4557.5,375.99,140.61,TRK725165,PO941356
SO10628,2,38,54,1,1,3,20240610,20240619,20240612,1,2443.29,2443.29,0.0,1457.25,1457.25,2443.29,201.57,37.23,TRK878008,PO948735
SO10629,3,47,47,2,2,4,20240131,20240210,20240202,1,776.68,776.68,38.83,455.26,455.26,737.85,60.87,14.15,TRK752123,PO436669
SO10629,1,4,8,1,2,4,20250426,20250429,20250502,1,2338.05,2338.05,0.0,1307.47,1307.47,2338.05,192.89,84.55,TRK665680,PO495351
SO10630,4,22,135,1,1,1,20241223,20241229,20241224,1,3422.23,3422.23,0.0,2097.84,2097.84,3422.23,282.33,77.33,TRK586993,PO535239
SO10630,3,57,138,3,4,6,20251014,20251017,20251017,2,49.0,98.0,9.8,20.87,41.74,88.2,7.28,2.14,TRK234425,PO438560
SO10630,2,47,139,1,4,6,20240408,20240418,20240412,2,776.68,1553.36,0.0,455.26,910.52,1553.36,128.15,50.42,TRK231945,PO329964
SO10630,1,17,132,1,1,3,20240325,20240329,20240331,1,543.13,543.13,0.0,333.47,333.47,543.13,44.81,12.01,TRK361912,PO337212
SO10631,3,24,65,1,2,4,20241202,20241212,20241208,3,2287.04,6861.12,0.0,1464.07,4392.21,6861.12,566.04,190.21,TRK896806,PO238104
SO10632,1,55,84,1,3,5,20250816,20250819,20250822,2,48.64,97.28,0.0,23.6,47.2,97.28,8.03,3.62,TRK932773,PO307509
SO10633,4,2,47,1,2,4,20240831,20240905,20240904,1,2120.81,2120.81,0.0,1338.0,1338.0,2120.81,174.97,41.73,TRK999343,PO460607
SO10633,3,52,49,4,4,6,20250409,20250416,20250414,3,21.61,64.83,9.72,8.05,24.15,55.11,4.55,1.28,TRK453637,PO295370
SO10633,3,44,66,2,3,5,20250412,20250416,20250418,2,801.07,1602.14,80.11,461.7,923.4,1522.03,125.57,54.32,TRK166183,PO919938
SO10634,1,55,94,1,4,6,20250710,20250715,20250711,5,48.64,243.2,0.0,23.6,118.0,243.2,20.06,4.09,TRK226120,PO677204
SO10635,2,17,76,1,1,2,20250322,20250326,20250329,1,543.13,543.13,0.0,333.47,333.47,543.13,44.81,21.26,TRK248592,PO980817
SO10636,3,3,57,2,3,5,20241228,20250102,20250102,1,2283.24,2283.24,114.16,1439.58,1439.58,2169.08,178.95,77.65,TRK665661,PO341616
SO10637,2,22,136,1,1,1,20251127,20251202,20251203,1,3422.23,3422.23,0.0,2097.84,2097.84,3422.23,282.33,99.35,TRK667092,PO739280
SO10637,4,26,109,1,4,6,20250214,20250221,20250218,1,2392.26,2392.26,0.0,1447.45,1447.45,2392.26,197.36,88.58,TRK590737,PO437558
SO10638,1,39,35,1,1,1,20250723,20250730,20250725,1,2542.13,2542.13,0.0,1472.24,1472.24,2542.13,209.73,95.82,TRK162099,PO891852
SO10639,4,18,106,1,2,4,20240613,20240619,20240617,1,529.51,529.51,0.0,312.58,312.58,529.51,43.68,17.79,TRK720145,PO302764
SO10639,2,45,64,1,3,5,20241009,20241014,20241013,1,693.43,693.43,0.0,427.6,427.6,693.43,57.21,9.5,TRK315829,PO564919
SO10640,4,36,37,1,2,4,20240430,20240507,20240505,1,745.84,745.84,0.0,520.44,520.44,745.84,61.53,9.75,TRK343459,PO792502
SO10640,3,39,113,1,1,3,20250916,20250926,20250918,1,2542.13,2542.13,0.0,1472.24,1472.24,2542.13,209.73,30.79,TRK385320,PO142961
SO10640,3,33,98,1,1,3,20250312,20250317,20250318,1,824.9,824.9,0.0,507.46,507.46,824.9,68.05,25.36,TRK335545,PO648236
SO10640,4,12,27,1,4,6,20250905,20250913,20250907,3,1607.83,4823.49,0.0,897.63,2692.89,4823.49,397.94,174.04,TRK542157,PO159404
SO10641,3,36,27,2,4,6,20240914,20240922,20240918,3,745.84,2237.52,111.88,520.44,1561.32,2125.64,175.37,63.79,TRK187129,PO113554
SO10641,4,63,26,1,3,5,20240814,20240823,20240820,2,45.08,90.16,0.0,21.38,42.76,90.16,7.44,1.62,TRK687905,PO736108
SO10642,1,49,145,1,1,3,20251114,20251123,20251115,2,800.9,1601.8,0.0,463.15,926.3,1601.8,132.15,44.93,TRK703587,PO199524
SO10642,3,31,31,1,2,4,20250910,20250919,20250917,1,843.25,843.25,0.0,496.89,496.89,843.25,69.57,18.39,TRK778521,PO926420
SO10642,4,59,113,3,1,3,20240208,20240217,20240215,4,47.42,189.68,18.97,22.49,89.96,170.71,14.08,5.83,TRK801569,PO126886
SO10642,4,24,56,1,1,2,20241202,20241206,20241205,1,2287.04,2287.04,0.0,1464.07,1464.07,2287.04,188.68,86.04,TRK990691,PO365828
SO10643,3,45,92,4,3,5,20240911,20240918,20240915,1,693.43,693.43,104.01,427.6,427.6,589.42,48.63,19.75,TRK905947,PO932192
SO10644,2,27,42,2,3,5,20250714,20250722,20250720,2,2351.92,4703.84,235.19,1624.05,3248.1,4468.65,368.66,98.49,TRK985752,PO624116
SO10644,1,43,23,1,1,1,20240821,20240829,20240828,1,2345.63,2345.63,0.0,1415.45,1415.45,2345.63,193.51,44.98,TRK770513,PO525790
SO10645,3,64,81,1,1,1,20250126,20250201,20250129,5,45.23,226.15,0.0,23.51,117.55,226.15,18.66,8.07,TRK945044,PO559034
SO10646,3,21,93,1,1,2,20240424,20240430,20240429,1,3695.11,3695.11,0.0,2013.24,2013.24,3695.11,304.85,71.37,TRK893531,PO687119
SO10647,4,23,138,1,4,6,20240318,20240324,20240319,2,2278.75,4557.5,0.0,1453.1,2906.2,4557.5,375.99,57.95,TRK993605,PO376163
SO10647,3,44,38,1,1,1,20240516,20240525,20240517,2,801.07,1602.14,0.0,461.7,923.4,1602.14,132.18,56.64,TRK743217,PO697800
SO10647,1,42,22,1,3,5,20240211,20240217,20240216,1,2416.26,2416.26,0.0,1576.33,1576.33,2416.26,199.34,35.4,TRK618513,PO335372
SO10647,4,32,57,1,3,5,20240809,20240814,20240810,1,789.13,789.13,0.0,500.36,500.36,789.13,65.1,14.92,TRK978634,PO560272
SO10647,4,25,107,1,4,6,20250615,20250624,20250621,2,2496.04,4992.08,0.0,1485.17,2970.34,4992.08,411.85,136.1,TRK883068,PO374194
SO10647,2,34,94,1,4,6,20240828,20240905,20240902,2,748.1,1496.2,0.0,449.62,899.24,1496.2,123.44,30.99,TRK437287,PO967641
SO10647,2,69,64,1,3,5,20250603,20250613,20250608,4,32.59,130.36,0.0,14.58,58.32,130.36,10.75,2.53,TRK855086,PO465263
SO10648,1,29,142,1,2,4,20240224,20240305,20240229,2,740.85,1481.7,0.0,503.82,1007.64,1481.7,122.24,34.28,TRK279664,PO123189
SO10649,3,58,144,1,1,3,20241221,20241231,20241228,4,52.24,208.96,0.0,23.3,93.2,208.96,17.24,6.52,TRK168590,PO853788
SO10649,4,33,71,1,4,6,20250904,20250914,20250908,3,824.9,2474.7,0.0,507.46,1522.38,2474.7,204.16,77.03,TRK325657,PO793948
SO10649,4,40,116,1,1,3,20241107,20241115,20241109,2,2294.32,4588.64,0.0,1421.92,2843.84,4588.64,378.56,124.33,TRK251239,PO903524
SO10649,1,41,139,4,4,6,20240224,20240303,20240229,1,2407.41,2407.41,361.11,1425.74,1425.74,2046.3,168.82,27.81,TRK655506,PO533807
SO10650,1,25,42,4,3,5,20240702,20240707,20240703,1,2496.04,2496.04,374.41,1485.17,1485.17,2121.63,175.03,62.55,TRK447907,PO193434
SO10651,3,52,25,2,4,6,20250131,20250209,20250204,4,21.61,86.44,4.32,8.05,32.2,82.12,6.77,2.54,TRK291878,PO200519
SO10652,2,46,80,2,4,6,20240915,20240925,20240916,1,695.66,695.66,34.78,470.4,470.4,660.88,54.52,10.27,TRK468260,PO778664
SO10653,1,44,21,2,4,6,20250620,20250627,20250621,2,801.07,1602.14,80.11,461.7,923.4,1522.03,125.57,55.37,TRK815873,PO491272
SO10654,3,22,25,4,4,6,20250625,20250628,20250626,1,3422.23,3422.23,513.33,2097.84,2097.84,2908.9,239.98,57.61,TRK172759,PO280767
SO10655,3,64,49,1,4,6,20241219,20241223,20241226,2,45.23,90.46,0.0,23.51,47.02,90.46,7.46,2.76,TRK701866,PO285522
SO10656,1,23,113,1,1,3,20250331,20250403,20250405,2,2278.75,4557.5,0.0,1453.1,2906.2,4557.5,375.99,50.88,TRK946415,PO426804
SO10657,3,14,75,1,2,4,20250827,20250901,20250828,1,504.81,504.81,0.0,290.0,290.0,504.81,41.65,12.58,TRK576752,PO790474
SO10658,4,50,141,4,3,5,20251115,20251119,20251118,3,37.64,112.92,16.94,13.75,41.25,95.98,7.92,1.67,TRK297488,PO932625
SO10658,3,6,104,1,2,4,20250506,20250510,20250513,1,2100.96,2100.96,0.0,1401.2,1401.2,2100.96,173.33,53.77,TRK652953,PO690344
SO10659,2,69,148,1,2,4,20250713,20250719,20250716,4,32.59,130.36,0.0,14.58,58.32,130.36,10.75,2.56,TRK407189,PO756764
SO10660,4,52,110,1,1,3,20250517,20250520,20250521,3,21.61,64.83,0.0,8.05,24.15,64.83,5.35,0.85,TRK420756,PO621786
SO10660,2,8,74,3,3,5,20240711,20240715,20240714,2,1689.57,3379.14,337.91,956.83,1913.66,3041.23,250.9,111.8,TRK772066,PO428889
SO10661,4,69,13,1,1,1,20241106,20241115,20241108,1,32.59,32.59,0.0,14.58,14.58,32.59,2.69,0.67,TRK874415,PO633069
SO10662,2,23,135,1,1,1,20240215,20240221,20240216,2,2278.75,4557.5,0.0,1453.1,2906.2,4557.5,375.99,108.09,TRK847016,PO435869
SO10663,1,27,19,1,4,6,20251017,20251020,20251018,2,2351.92,4703.84,0.0,1624.05,3248.1,4703.84,388.07,177.16,TRK404550,PO104968
SO10664,2,43,62,4,1,3,20240821,20240829,20240828,1,2345.63,2345.63,351.84,1415.45,1415.45,1993.79,164.49,43.98,TRK751966,PO801007
SO10664,3,55,67,1,4,6,20251003,20251010,20251005,5,48.64,243.2,0.0,23.6,118.0,243.2,20.06,9.29,TRK529080,PO823812
SO10665,4,54,3,1,1,1,20240713,20240723,20240716,3,45.95,137.85,0.0,21.77,65.31,137.85,11.37,3.86,TRK143829,PO829810
SO10665,1,17,115,1,1,3,20240313,20240317,20240314,3,543.13,1629.39,0.0,333.47,1000.41,1629.39,134.42,24.06,TRK292265,PO663022
SO10666,3,22,84,1,3,5,20251128,20251207,20251201,3,3422.23,10266.69,0.0,2097.84,6293.52,10266.69,847.0,267.84,TRK213762,PO897955
SO10666,4,51,31,4,2,4,20250722,20250801,20250724,2,7.37,14.74,2.21,2.07,4.14,12.53,1.03,0.17,TRK602078,PO214655
SO10667,4,30,29,3,1,1,20240707,20240711,20240714,1,739.88,739.88,73.99,476.63,476.63,665.89,54.94,20.52,TRK745210,PO488918
SO10668,1,19,113,1,1,3,20240212,20240218,20240219,2,3766.58,7533.16,0.0,2212.17,4424.34,7533.16,621.49,122.89,TRK260128,PO457928
SO10668,1,23,65,1,2,4,20251021,20251024,20251025,1,2278.75,2278.75,0.0,1453.1,1453.1,2278.75,188.0,48.77,TRK336176,PO292899
SO10669,3,43,50,2,1,2,20240126,20240205,20240127,3,2345.63,7036.89,351.84,1415.45,4246.35,6685.05,551.52,236.0,TRK683902,PO268923
SO10670,2,41,37,1,2,4,20240307,20240316,20240312,1,2407.41,2407.41,0.0,1425.74,1425.74,2407.41,198.61,62.66,TRK859252,PO437281
SO10671,4,5,95,3,3,5,20251201,20251207,20251202,1,2172.52,2172.52,217.25,1294.67,1294.67,1955.27,161.31,41.91,TRK906035,PO694495
SO10671,4,29,31,1,2,4,20250712,20250716,20250713,3,740.85,2222.55,0.0,503.82,1511.46,2222.55,183.36,65.49,TRK396189,PO818914
SO10672,4,58,100,1,1,2,20250517,20250524,20250520,5,52.24,261.2,0.0,23.3,116.5,261.2,21.55,10.29,TRK260576,PO576287
SO10672,3,47,138,1,4,6,20251014,20251019,20251018,1,776.68,776.68,0.0,455.26,455.26,776.68,64.08,31.05,TRK875952,PO121954
SO10673,2,39,111,1,4,6,20250224,20250302,20250228,1,2542.13,2542.13,0.0,1472.24,1472.24,2542.13,209.73,34.96,TRK525504,PO541597
SO10673,2,59,107,1,4,6,20250201,20250211,20250204,5,47.42,237.1,0.0,22.49,112.45,237.1,19.56,4.77,TRK858443,PO655678
SO10673,3,32,53,2,1,1,20250805,20250811,20250812,1,789.13,789.13,39.46,500.36,500.36,749.67,61.85,23.9,TRK585884,PO674835
SO10673,3,48,105,1,1,2,20250206,20250211,20250210,3,690.18,2070.54,0.0,452.27,1356.81,2070.54,170.82,27.45,TRK973346,PO912203
SO10674,2,7,106,1,2,4,20250718,20250723,20250724,1,1525.01,1525.01,0.0,904.22,904.22,1525.01,125.81,32.83,TRK564498,PO124993
SO10674,2,50,53,1,1,1,20241006,20241011,20241012,4,37.64,150.56,0.0,13.75,55.0,150.56,12.42,3.32,TRK258002,PO531268
SO10674,1,60,82,3,1,1,20240513,20240523,20240516,2,49.85,99.7,9.97,20.78,41.56,89.73,7.4,2.54,TRK809035,PO201779
SO10674,3,11,17,1,3,5,20240224,20240303,20240302,1,1730.74,1730.74,0.0,980.12,980.12,1730.74,142.79,21.98,TRK312868,PO879704
SO10675,3,28,39,3,3,5,20250106,20250114,20250111,1,2500.86,2500.86,250.09,1544.51,1544.51,2250.77,185.69,83.58,TRK837781,PO283729
SO10676,4,39,75,2,2,4,20240612,20240617,20240614,1,2542.13,2542.13,127.11,1472.24,1472.24,2415.02,199.24,54.23,TRK265969,PO688947
SO10676,1,61,142,4,2,4,20240912,20240916,20240918,5,51.06,255.3,38.3,22.14,110.7,217.0,17.9,8.32,TRK892381,PO141291
SO10676,4,49,35,1,1,1,20240623,20240626,20240628,2,800.9,1601.8,0.0,463.15,926.3,1601.8,132.15,49.08,TRK713302,PO699691
SO10676,1,58,47,4,2,4,20251118,20251126,20251121,1,52.24,52.24,7.84,23.3,23.3,44.4,3.66,1.76,TRK285844,PO241498
SO10676,1,51,77,1,1,1,20251115,20251121,20251121,2,7.37,14.74,0.0,2.07,4.14,14.74,1.22,0.29,TRK471942,PO732094
SO10677,3,3,127,3,1,3,20250303,20250308,20250306,2,2283.24,4566.48,456.65,1439.58,2879.16,4109.83,339.06,146.05,TRK645712,PO124583
SO10678,1,41,126,1,1,2,20240901,20240908,20240904,1,2407.41,2407.41,0.0,1425.74,1425.74,2407.41,198.61,56.5,TRK386089,PO886429
SO10679,2,11,118,1,4,6,20240513,20240516,20240519,1,1730.74,1730.74,0.0,980.12,980.12,1730.74,142.79,47.09,TRK592957,PO498476
SO10679,4,5,100,1,1,2,20250119,20250127,20250122,3,2172.52,6517.56,0.0,1294.67,3884.01,6517.56,537.7,222.21,TRK526974,PO841637
SO10680,4,17,88,2,1,2,20250719,20250725,20250723,1,543.13,543.13,27.16,333.47,333.47,515.97,42.57,9.52,TRK804441,PO188914
SO10681,2,66,82,1,1,1,20240511,20240515,20240513,1,63.0,63.0,0.0,25.09,25.09,63.0,5.2,0.77,TRK699689,PO940388
SO10682,4,12,61,1,4,6,20240114,20240122,20240121,1,1607.83,1607.83,0.0,897.63,897.63,1607.83,132.65,59.92,TRK761654,PO446974
SO10682,1,16,28,2,1,2,20240723,20240727,20240725,1,566.54,566.54,28.33,321.39,321.39,538.21,44.4,6.86,TRK554001,PO930045
SO10683,2,27,60,2,4,6,20250131,20250208,20250206,1,2351.92,2351.92,117.6,1624.05,1624.05,2234.32,184.33,57.82,TRK842640,PO619360
SO10684,2,61,48,2,1,3,20250829,20250901,20250902,2,51.06,102.12,5.11,22.14,44.28,97.01,8.0,1.51,TRK307324,PO376049
SO10685,2,70,37,4,2,4,20240506,20240510,20240508,4,36.49,145.96,21.89,13.17,52.68,124.07,10.24,1.94,TRK270313,PO513839
SO10685,1,53,76,1,1,2,20240811,20240820,20240814,4,47.17,188.68,0.0,22.5,90.0,188.68,15.57,6.55,TRK786651,PO816734
SO10686,4,37,65,1,2,4,20240305,20240315,20240308,1,829.09,829.09,0.0,471.59,471.59,829.09,68.4,30.74,TRK183835,PO806776
SO10686,1,2,115,1,1,3,20241122,20241130,20241128,3,2120.81,6362.43,0.0,1338.0,4014.0,6362.43,524.9,193.62,TRK696850,PO375185
SO10687,2,58,82,2,1,1,20250506,20250514,20250510,2,52.24,104.48,5.22,23.3,46.6,99.26,8.19,1.89,TRK339192,PO715754
SO10687,4,6,44,1,1,1,20250421,20250501,20250424,3,2100.96,6302.88,0.0,1401.2,4203.6,6302.88,519.99,237.64,TRK586144,PO586950
SO10687,4,20,116,2,1,3,20250129,20250207,20250130,1,3785.07,3785.07,189.25,2197.87,2197.87,3595.82,296.66,130.17,TRK762902,PO256640
SO10688,1,47,103,1,4,6,20251108,20251113,20251110,1,776.68,776.68,0.0,455.26,455.26,776.68,64.08,21.58,TRK117185,PO510299
SO10688,3,20,121,1,4,6,20240123,20240202,20240127,1,3785.07,3785.07,0.0,2197.87,2197.87,3785.07,312.27,55.83,TRK338801,PO299172
SO10688,1,64,125,1,1,2,20240612,20240622,20240618,3,45.23,135.69,0.0,23.51,70.53,135.69,11.19,1.6,TRK438986,PO840319
SO10688,2,38,123,1,1,1,20250521,20250527,20250525,1,2443.29,2443.29,0.0,1457.25,1457.25,2443.29,201.57,60.39,TRK455027,PO761084
SO10688,2,55,80,1,4,6,20240512,20240519,20240515,4,48.64,194.56,0.0,23.6,94.4,194.56,16.05,6.18,TRK487519,PO692789
SO10688,3,9,122,1,1,2,20250303,20250309,20250305,1,1576.2,1576.2,0.0,963.57,963.57,1576.2,130.04,60.43,TRK764662,PO599318
SO10689,2,44,72,2,1,2,20240718,20240723,20240721,2,801.07,1602.14,80.11,461.7,923.4,1522.03,125.57,50.91,TRK842501,PO721632
SO10690,2,32,61,1,4,6,20240120,20240128,20240125,2,789.13,1578.26,0.0,500.36,1000.72,1578.26,130.21,57.48,TRK753899,PO437279
SO10691,3,68,21,1,4,6,20240929,20241003,20241003,3,32.68,98.04,0.0,13.97,41.91,98.04,8.09,2.13,TRK846489,PO250033
SO10692,2,8,94,1,4,6,20251010,20251013,20251013,2,1689.57,3379.14,0.0,956.83,1913.66,3379.14,278.78,69.9,TRK921752,PO386007
SO10693,1,63,82,1,1,1,20250703,20250709,20250710,2,45.08,90.16,0.0,21.38,42.76,90.16,7.44,3.09,TRK409979,PO869046
SO10693,1,25,16,2,4,6,20241016,20241022,20241023,2,2496.04,4992.08,249.6,1485.17,2970.34,4742.48,391.25,100.92,TRK412661,PO373665
SO10693,2,19,53,1,1,1,20251029,20251107,20251030,1,3766.58,3766.58,0.0,2212.17,2212.17,3766.58,310.74,79.32,TRK568383,PO756293
SO10694,4,21,98,1,1,3,20241117,20241121,20241120,2,3695.11,7390.22,0.0,2013.24,4026.48,7390.22,609.69,174.99,TRK398595,PO270814
SO10694,4,42,33,1,2,4,20241130,20241210,20241203,1,2416.26,2416.26,0.0,1576.33,1576.33,2416.26,199.34,34.44,TRK676850,PO126702
SO10695,1,42,112,1,4,6,20250919,20250922,20250925,2,2416.26,4832.52,0.0,1576.33,3152.66,4832.52,398.68,89.34,TRK636565,PO158572
SO10695,2,64,34,3,2,4,20240523,20240528,20240524,1,45.23,45.23,4.52,23.51,23.51,40.71,3.36,1.05,TRK196321,PO891317
SO10696,4,46,93,1,1,2,20241217,20241221,20241221,1,695.66,695.66,0.0,470.4,470.4,695.66,57.39,15.32,TRK772995,PO928090
SO10696,3,20,102,3,3,5,20240731,20240810,20240802,2,3785.07,7570.14,757.01,2197.87,4395.74,6813.13,562.08,91.69,TRK338442,PO350887
SO10696,2,4,15,1,2,4,20240818,20240828,20240819,1,2338.05,2338.05,0.0,1307.47,1307.47,2338.05,192.89,26.34,TRK244360,PO624900
SO10697,1,42,82,2,1,1,20251117,20251126,20251118,2,2416.26,4832.52,241.63,1576.33,3152.66,4590.89,378.75,116.18,TRK802170,PO849461
SO10698,1,9,107,1,4,6,20240206,20240212,20240208,1,1576.2,1576.2,0.0,963.57,963.57,1576.2,130.04,43.32,TRK709834,PO485999
SO10699,3,22,131,1,1,1,20250703,20250706,20250709,2,3422.23,6844.46,0.0,2097.84,4195.68,6844.46,564.67,221.27,TRK635696,PO507287
SO10699,4,26,41,1,3,5,20240719,20240727,20240722,2,2392.26,4784.52,0.0,1447.45,2894.9,4784.52,394.72,104.2,TRK130217,PO567186
SO10699,2,52,132,1,1,3,20240212,20240221,20240219,2,21.61,43.22,0.0,8.05,16.1,43.22,3.57,0.57,TRK309864,PO896665
SO10700,2,39,146,1,1,1,20250830,20250906,20250902,3,2542.13,7626.39,0.0,1472.24,4416.72,7626.39,629.18,182.37,TRK694381,PO984539
SO10701,4,28,65,1,2,4,20240113,20240119,20240120,2,2500.86,5001.72,0.0,1544.51,3089.02,5001.72,412.64,77.16,TRK854914,PO507446
SO10702,2,59,84,1,3,5,20240618,20240628,20240622,3,47.42,142.26,0.0,22.49,67.47,142.26,11.74,3.82,TRK181447,PO746311
SO10703,2,1,28,1,1,2,20240112,20240119,20240113,1,2249.08,2249.08,0.0,1293.6,1293.6,2249.08,185.55,42.97,TRK201955,PO156138
SO10703,3,28,95,1,3,5,20250309,20250317,20250310,3,2500.86,7502.58,0.0,1544.51,4633.53,7502.58,618.96,138.04,TRK907868,PO136692
SO10703,1,39,31,1,2,4,20240728,20240801,20240803,1,2542.13,2542.13,0.0,1472.24,1472.24,2542.13,209.73,82.18,TRK599651,PO283061
SO10704,1,15,4,2,3,5,20250411,20250418,20250414,1,570.02,570.02,28.5,315.14,315.14,541.52,44.68,5.78,TRK866964,PO825406
SO10704,4,28,40,1,3,5,20250121,20250124,20250122,1,2500.86,2500.86,0.0,1544.51,1544.51,2500.86,206.32,62.33,TRK283524,PO113913
SO10704,1,6,148,1,2,4,20241014,20241021,20241020,3,2100.96,6302.88,0.0,1401.2,4203.6,6302.88,519.99,153.63,TRK803848,PO385173
SO10704,4,31,49,1,4,6,20240102,20240105,20240109,3,843.25,2529.75,0.0,496.89,1490.67,2529.75,208.7,68.04,TRK930434,PO342767
SO10705,3,37,13,1,1,1,20250111,20250121,20250118,1,829.09,829.09,0.0,471.59,471.59,829.09,68.4,20.04,TRK861474,PO677790
SO10706,3,19,139,2,4,6,20241221,20241230,20241223,1,3766.58,3766.58,188.33,2212.17,2212.17,3578.25,295.21,98.07,TRK904586,PO406655
SO10706,3,64,38,1,1,1,20250103,20250112,20250104,5,45.23,226.15,0.0,23.51,117.55,226.15,18.66,6.35,TRK476091,PO776818
SO10706,2,58,120,3,2,4,20240617,20240620,20240620,4,52.24,208.96,20.9,23.3,93.2,188.06,15.51,4.74,TRK727879,PO458245
SO10706,1,21,139,1,4,6,20240729,20240807,20240730,2,3695.11,7390.22,0.0,2013.24,4026.48,7390.22,609.69,256.47,TRK644807,PO208858
SO10706,3,1,148,3,2,4,20251111,20251116,20251117,1,2249.08,2249.08,224.91,1293.6,1293.6,2024.17,166.99,34.01,TRK612942,PO222600
SO10706,1,48,84,3,3,5,20250619,20250628,20250621,2,690.18,1380.36,138.04,452.27,904.54,1242.32,102.49,33.93,TRK336783,PO771580
SO10706,4,20,117,3,3,5,20240711,20240714,20240718,3,3785.07,11355.21,1135.52,2197.87,6593.61,10219.69,843.12,399.37,TRK251367,PO175714
SO10707,3,31,79,1,1,3,20240802,20240806,20240809,2,843.25,1686.5,0.0,496.89,993.78,1686.5,139.14,26.53,TRK226956,PO317146
SO10708,3,10,48,1,1,3,20240501,20240510,20240504,1,1731.69,1731.69,0.0,874.99,874.99,1731.69,142.86,51.69,TRK459839,PO506582
SO10709,4,27,96,1,1,3,20250826,20250905,20250901,1,2351.92,2351.92,0.0,1624.05,1624.05,2351.92,194.03,66.9,TRK133049,PO624282
SO10710,3,45,82,1,1,1,20250429,20250508,20250506,1,693.43,693.43,0.0,427.6,427.6,693.43,57.21,18.15,TRK818115,PO614125
SO10711,1,49,7,4,1,1,20240329,20240408,20240401,1,800.9,800.9,120.13,463.15,463.15,680.77,56.16,17.91,TRK576773,PO498302
SO10711,4,31,87,4,1,2,20240205,20240213,20240208,2,843.25,1686.5,252.97,496.89,993.78,1433.53,118.27,38.1,TRK327074,PO743529
SO10712,4,13,106,1,2,4,20250830,20250902,20250904,1,579.5,579.5,0.0,301.9,301.9,579.5,47.81,13.52,TRK388086,PO830994
SO10713,2,50,145,1,1,3,20240219,20240226,20240224,4,37.64,150.56,0.0,13.75,55.0,150.56,12.42,2.04,TRK573668,PO407641
SO10713,2,6,42,1,3,5,20250312,20250316,20250318,1,2100.96,2100.96,0.0,1401.2,1401.2,2100.96,173.33,30.77,TRK605566,PO609867
SO10714,2,1,64,2,3,5,20251031,20251105,20251107,2,2249.08,4498.16,224.91,1293.6,2587.2,4273.25,352.54,91.03,TRK456589,PO816212
SO10714,1,64,150,2,1,3,20240428,20240502,20240430,2,45.23,90.46,4.52,23.51,47.02,85.94,7.09,1.22,TRK559378,PO620246
SO10715,4,56,94,2,4,6,20250112,20250116,20250116,1,51.95,51.95,2.6,21.17,21.17,49.35,4.07,1.19,TRK170190,PO168341
SO10716,2,34,23,1,1,1,20250214,20250220,20250216,3,748.1,2244.3,0.0,449.62,1348.86,2244.3,185.15,30.59,TRK796926,PO306063
SO10717,1,70,115,1,1,3,20250504,20250508,20250511,2,36.49,72.98,0.0,13.17,26.34,72.98,6.02,2.17,TRK686852,PO141686
SO10717,1,26,60,1,4,6,20250204,20250207,20250207,1,2392.26,2392.26,0.0,1447.45,1447.45,2392.26,197.36,28.23,TRK650044,PO798258
SO10717,2,68,69,1,4,6,20240520,20240528,20240522,1,32.68,32.68,0.0,13.97,13.97,32.68,2.7,1.17,TRK796292,PO597821
SO10717,2,62,123,1,1,1,20250201,20250205,20250203,2,51.18,102.36,0.0,22.11,44.22,102.36,8.44,3.07,TRK897460,PO171296
SO10717,3,66,123,1,1,1,20240909,20240918,20240916,1,63.0,63.0,0.0,25.09,25.09,63.0,5.2,1.81,TRK526132,PO162571
SO10718,4,6,111,2,4,6,20240129,20240204,20240204,1,2100.96,2100.96,105.05,1401.2,1401.2,1995.91,164.66,63.46,TRK735894,PO977000
SO10719,2,17,58,1,2,4,20250605,20250614,20250611,2,543.13,1086.26,0.0,333.47,666.94,1086.26,89.62,39.27,TRK728074,PO646579
SO10719,2,64,74,1,3,5,20240201,20240210,20240202,1,45.23,45.23,0.0,23.51,23.51,45.23,3.73,1.21,TRK910463,PO772556
SO10720,3,48,11,1,3,5,20250420,20250428,20250423,1,690.18,690.18,0.0,452.27,452.27,690.18,56.94,24.22,TRK996929,PO592738
SO10720,3,63,131,2,1,1,20250826,20250831,20250830,3,45.08,135.24,6.76,21.38,64.14,128.48,10.6,2.58,TRK658617,PO642111
SO10721,3,33,17,1,3,5,20241004,20241011,20241009,3,824.9,2474.7,0.0,507.46,1522.38,2474.7,204.16,62.87,TRK351044,PO693509
SO10722,2,45,49,1,4,6,20241209,20241218,20241212,1,693.43,693.43,0.0,427.6,427.6,693.43,57.21,12.42,TRK905635,PO742833
SO10723,2,38,36,1,1,1,20250105,20250113,20250107,1,2443.29,2443.29,0.0,1457.25,1457.25,2443.29,201.57,82.93,TRK222904,PO859790
SO10723,3,32,75,1,2,4,20251010,20251018,20251012,1,789.13,789.13,0.0,500.36,500.36,789.13,65.1,28.9,TRK357565,PO510654
SO10724,4,35,124,1,2,4,20241215,20241220,20241218,2,758.91,1517.82,0.0,467.94,935.88,1517.82,125.22,42.77,TRK952612,PO677433
SO10725,3,1,101,1,1,2,20240917,20240927,20240921,1,2249.08,2249.08,0.0,1293.6,1293.6,2249.08,185.55,85.56,TRK635946,PO695018
SO10726,3,26,108,1,2,4,20250313,20250323,20250318,1,2392.26,2392.26,0.0,1447.45,1447.45,2392.26,197.36,31.68,TRK225246,PO246514
SO10727,3,16,47,2,2,4,20240225,20240228,20240303,1,566.54,566.54,28.33,321.39,321.39,538.21,44.4,6.52,TRK233611,PO921947
SO10727,3,55,25,1,4,6,20251107,20251110,20251108,2,48.64,97.28,0.0,23.6,47.2,97.28,8.03,1.3,TRK397992,PO550680
SO10728,1,30,62,1,1,3,20250807,20250814,20250812,1,739.88,739.88,0.0,476.63,476.63,739.88,61.04,15.25,TRK680607,PO712494
SO10728,1,29,82,2,1,1,20250127,20250202,20250201,1,740.85,740.85,37.04,503.82,503.82,703.81,58.06,20.05,TRK698988,PO876424
SO10729,2,63,70,1,1,1,20250220,20250226,20250222,1,45.08,45.08,0.0,21.38,21.38,45.08,3.72,1.07,TRK331044,PO393046
SO10730,1,1,28,1,1,2,20250321,20250330,20250325,1,2249.08,2249.08,0.0,1293.6,1293.6,2249.08,185.55,36.89,TRK528379,PO847031
SO10731,4,57,114,2,4,6,20250128,20250206,20250129,2,49.0,98.0,4.9,20.87,41.74,93.1,7.68,2.44,TRK557861,PO927942
SO10732,2,44,135,1,1,1,20250603,20250612,20250610,1,801.07,801.07,0.0,461.7,461.7,801.07,66.09,18.64,TRK837627,PO181114
SO10732,2,22,97,1,1,1,20241117,20241125,20241121,2,3422.23,6844.46,0.0,2097.84,4195.68,6844.46,564.67,124.74,TRK497875,PO729602
SO10733,3,4,121,3,4,6,20240906,20240910,20240910,3,2338.05,7014.15,701.41,1307.47,3922.41,6312.74,520.8,198.17,TRK476984,PO499476
SO10734,3,63,6,2,1,2,20250310,20250314,20250314,3,45.08,135.24,6.76,21.38,64.14,128.48,10.6,2.27,TRK372482,PO601775
SO10735,1,22,41,3,3,5,20251022,20251028,20251029,1,3422.23,3422.23,342.22,2097.84,2097.84,3080.01,254.1,34.15,TRK897662,PO339683
SO10735,4,21,24,1,4,6,20250720,20250723,20250723,1,3695.11,3695.11,0.0,2013.24,2013.24,3695.11,304.85,45.74,TRK256268,PO407393
SO10736,2,56,37,3,2,4,20240709,20240715,20240713,2,51.95,103.9,10.39,21.17,42.34,93.51,7.71,1.81,TRK196753,PO751107
SO10736,1,23,14,1,1,3,20250309,20250314,20250311,1,2278.75,2278.75,0.0,1453.1,1453.1,2278.75,188.0,23.96,TRK170655,PO910377
SO10737,2,35,26,1,3,5,20250418,20250426,20250424,1,758.91,758.91,0.0,467.94,467.94,758.91,62.61,11.66,TRK357579,PO925133
SO10738,2,42,3,2,1,1,20250609,20250612,20250614,1,2416.26,2416.26,120.81,1576.33,1576.33,2295.45,189.37,57.7,TRK275113,PO150692
SO10739,4,20,121,1,4,6,20250915,20250923,20250920,1,3785.07,3785.07,0.0,2197.87,2197.87,3785.07,312.27,126.78,TRK283652,PO844708
SO10740,4,32,29,1,1,1,20240213,20240217,20240217,1,789.13,789.13,0.0,500.36,500.36,789.13,65.1,11.11,TRK810436,PO890897
SO10741,4,70,102,1,3,5,20250621,20250701,20250627,5,36.49,182.45,0.0,13.17,65.85,182.45,15.05,6.99,TRK888142,PO363643
SO10742,3,53,135,1,1,1,20250526,20250531,20250602,2,47.17,94.34,0.0,22.5,45.0,94.34,7.78,1.05,TRK982844,PO412939
SO10742,2,53,30,1,2,4,20250117,20250120,20250120,3,47.17,141.51,0.0,22.5,67.5,141.51,11.67,3.48,TRK556694,PO912721
SO10743,2,58,38,2,1,1,20240523,20240530,20240527,4,52.24,208.96,10.45,23.3,93.2,198.51,16.38,3.44,TRK560352,PO365205
SO10743,2,52,125,2,1,2,20250115,20250121,20250119,3,21.61,64.83,3.24,8.05,24.15,61.59,5.08,0.86,TRK252607,PO771112
